2026-04-26T22:26:18.5829911Z Current runner version: '2.333.1'
2026-04-26T22:26:18.5854328Z ##[group]Runner Image Provisioner
2026-04-26T22:26:18.5855138Z Hosted Compute Agent
2026-04-26T22:26:18.5855718Z Version: 20260213.493
2026-04-26T22:26:18.5856329Z Commit: 5c115507f6dd24b8de37d8bbe0bb4509d0cc0fa3
2026-04-26T22:26:18.5856976Z Build Date: 2026-02-13T00:28:41Z
2026-04-26T22:26:18.5857659Z Worker ID: {95254828-a80d-4d72-924e-d1bb49eff18b}
2026-04-26T22:26:18.5858327Z Azure Region: westus
2026-04-26T22:26:18.5858856Z ##[endgroup]
2026-04-26T22:26:18.5860343Z ##[group]Operating System
2026-04-26T22:26:18.5860918Z Ubuntu
2026-04-26T22:26:18.5861388Z 24.04.4
2026-04-26T22:26:18.5861789Z LTS
2026-04-26T22:26:18.5862336Z ##[endgroup]
2026-04-26T22:26:18.5862779Z ##[group]Runner Image
2026-04-26T22:26:18.5863317Z Image: ubuntu-24.04
2026-04-26T22:26:18.5864347Z Version: 20260413.86.1
2026-04-26T22:26:18.5865572Z Included Software: https://github.com/actions/runner-images/blob/ubuntu24/20260413.86/images/ubuntu/Ubuntu2404-Readme.md
2026-04-26T22:26:18.5867089Z Image Release: https://github.com/actions/runner-images/releases/tag/ubuntu24%2F20260413.86
2026-04-26T22:26:18.5867970Z ##[endgroup]
2026-04-26T22:26:18.5869010Z ##[group]GITHUB_TOKEN Permissions
2026-04-26T22:26:18.5871040Z Contents: read
2026-04-26T22:26:18.5871599Z Metadata: read
2026-04-26T22:26:18.5872601Z Packages: read
2026-04-26T22:26:18.5873062Z ##[endgroup]
2026-04-26T22:26:18.5876085Z Secret source: Actions
2026-04-26T22:26:18.5876851Z Prepare workflow directory
2026-04-26T22:26:18.6280861Z Prepare all required actions
2026-04-26T22:26:18.6321288Z Getting action download info
2026-04-26T22:26:19.1179053Z Download action repository 'actions/checkout@v6' (SHA:de0fac2e4500dabe0009e67214ff5f5447ce83dd)
2026-04-26T22:26:19.6807422Z Download action repository 'docker/login-action@v3' (SHA:c94ce9fb468520275223c153574b00df6fe4bcc9)
2026-04-26T22:26:20.4112235Z Download action repository 'actions/setup-node@v6' (SHA:48b55a011bda9f5d6aeb4c2d9c7362e8dae4041e)
2026-04-26T22:26:21.1391311Z Download action repository 'actions/upload-artifact@v7' (SHA:043fb46d1a93c77aae656e7c1c64a875d1fc6a0a)
2026-04-26T22:26:21.9165553Z Complete job name: integration-tests (3, 16)
2026-04-26T22:26:21.9835014Z ##[group]Run actions/checkout@v6
2026-04-26T22:26:21.9835707Z with:
2026-04-26T22:26:21.9836013Z   repository: pfisherogden/MeetManager-Tools
2026-04-26T22:26:21.9836682Z   token: ***
2026-04-26T22:26:21.9836927Z   ssh-strict: true
2026-04-26T22:26:21.9837187Z   ssh-user: git
2026-04-26T22:26:21.9837503Z   persist-credentials: true
2026-04-26T22:26:21.9837898Z   clean: true
2026-04-26T22:26:21.9838145Z   sparse-checkout-cone-mode: true
2026-04-26T22:26:21.9838529Z   fetch-depth: 1
2026-04-26T22:26:21.9838812Z   fetch-tags: false
2026-04-26T22:26:21.9839073Z   show-progress: true
2026-04-26T22:26:21.9839396Z   lfs: false
2026-04-26T22:26:21.9839648Z   submodules: false
2026-04-26T22:26:21.9839926Z   set-safe-directory: true
2026-04-26T22:26:21.9840554Z env:
2026-04-26T22:26:21.9840882Z   FORCE_JAVASCRIPT_ACTIONS_TO_NODE24: true
2026-04-26T22:26:21.9841233Z   REGISTRY: ghcr.io
2026-04-26T22:26:21.9841554Z   IMAGE_NAME: pfisherogden/mmtools
2026-04-26T22:26:21.9841926Z ##[endgroup]
2026-04-26T22:26:22.0782754Z Syncing repository: pfisherogden/MeetManager-Tools
2026-04-26T22:26:22.0784650Z ##[group]Getting Git version info
2026-04-26T22:26:22.0785223Z Working directory is '/home/runner/work/MeetManager-Tools/MeetManager-Tools'
2026-04-26T22:26:22.0786058Z [command]/usr/bin/git version
2026-04-26T22:26:22.1998578Z git version 2.53.0
2026-04-26T22:26:22.2022179Z ##[endgroup]
2026-04-26T22:26:22.2038426Z Temporarily overriding HOME='/home/runner/work/_temp/a68a154f-3cba-4677-8678-57761110ab33' before making global git config changes
2026-04-26T22:26:22.2039493Z Adding repository directory to the temporary git global config as a safe directory
2026-04-26T22:26:22.2044788Z [command]/usr/bin/git config --global --add safe.directory /home/runner/work/MeetManager-Tools/MeetManager-Tools
2026-04-26T22:26:22.2080870Z Deleting the contents of '/home/runner/work/MeetManager-Tools/MeetManager-Tools'
2026-04-26T22:26:22.2085880Z ##[group]Initializing the repository
2026-04-26T22:26:22.2091141Z [command]/usr/bin/git init /home/runner/work/MeetManager-Tools/MeetManager-Tools
2026-04-26T22:26:22.2358999Z hint: Using 'master' as the name for the initial branch. This default branch name
2026-04-26T22:26:22.2360831Z hint: will change to "main" in Git 3.0. To configure the initial branch name
2026-04-26T22:26:22.2362169Z hint: to use in all of your new repositories, which will suppress this warning,
2026-04-26T22:26:22.2363129Z hint: call:
2026-04-26T22:26:22.2364091Z hint:
2026-04-26T22:26:22.2364818Z hint: 	git config --global init.defaultBranch <name>
2026-04-26T22:26:22.2365652Z hint:
2026-04-26T22:26:22.2366386Z hint: Names commonly chosen instead of 'master' are 'main', 'trunk' and
2026-04-26T22:26:22.2367576Z hint: 'development'. The just-created branch can be renamed via this command:
2026-04-26T22:26:22.2368621Z hint:
2026-04-26T22:26:22.2369131Z hint: 	git branch -m <name>
2026-04-26T22:26:22.2369647Z hint:
2026-04-26T22:26:22.2370426Z hint: Disable this message with "git config set advice.defaultBranchName false"
2026-04-26T22:26:22.2371973Z Initialized empty Git repository in /home/runner/work/MeetManager-Tools/MeetManager-Tools/.git/
2026-04-26T22:26:22.2374656Z [command]/usr/bin/git remote add origin https://github.com/pfisherogden/MeetManager-Tools
2026-04-26T22:26:22.2407960Z ##[endgroup]
2026-04-26T22:26:22.2409011Z ##[group]Disabling automatic garbage collection
2026-04-26T22:26:22.2413066Z [command]/usr/bin/git config --local gc.auto 0
2026-04-26T22:26:22.2442758Z ##[endgroup]
2026-04-26T22:26:22.2444006Z ##[group]Setting up auth
2026-04-26T22:26:22.2444931Z Removing SSH command configuration
2026-04-26T22:26:22.2451226Z [command]/usr/bin/git config --local --name-only --get-regexp core\.sshCommand
2026-04-26T22:26:22.2483140Z [command]/usr/bin/git submodule foreach --recursive sh -c "git config --local --name-only --get-regexp 'core\.sshCommand' && git config --local --unset-all 'core.sshCommand' || :"
2026-04-26T22:26:22.4067431Z Removing HTTP extra header
2026-04-26T22:26:22.4073105Z [command]/usr/bin/git config --local --name-only --get-regexp http\.https\:\/\/github\.com\/\.extraheader
2026-04-26T22:26:22.4105211Z [command]/usr/bin/git submodule foreach --recursive sh -c "git config --local --name-only --get-regexp 'http\.https\:\/\/github\.com\/\.extraheader' && git config --local --unset-all 'http.https://github.com/.extraheader' || :"
2026-04-26T22:26:22.4357943Z Removing includeIf entries pointing to credentials config files
2026-04-26T22:26:22.4366259Z [command]/usr/bin/git config --local --name-only --get-regexp ^includeIf\.gitdir:
2026-04-26T22:26:22.4399954Z [command]/usr/bin/git submodule foreach --recursive git config --local --show-origin --name-only --get-regexp remote.origin.url
2026-04-26T22:26:22.4624887Z [command]/usr/bin/git config --file /home/runner/work/_temp/git-credentials-bda1f402-9b92-49df-a2ef-6c4c14960022.config http.https://github.com/.extraheader AUTHORIZATION: basic ***
2026-04-26T22:26:22.4662392Z [command]/usr/bin/git config --local includeIf.gitdir:/home/runner/work/MeetManager-Tools/MeetManager-Tools/.git.path /home/runner/work/_temp/git-credentials-bda1f402-9b92-49df-a2ef-6c4c14960022.config
2026-04-26T22:26:22.4692901Z [command]/usr/bin/git config --local includeIf.gitdir:/home/runner/work/MeetManager-Tools/MeetManager-Tools/.git/worktrees/*.path /home/runner/work/_temp/git-credentials-bda1f402-9b92-49df-a2ef-6c4c14960022.config
2026-04-26T22:26:22.4723224Z [command]/usr/bin/git config --local includeIf.gitdir:/github/workspace/.git.path /github/runner_temp/git-credentials-bda1f402-9b92-49df-a2ef-6c4c14960022.config
2026-04-26T22:26:22.4754776Z [command]/usr/bin/git config --local includeIf.gitdir:/github/workspace/.git/worktrees/*.path /github/runner_temp/git-credentials-bda1f402-9b92-49df-a2ef-6c4c14960022.config
2026-04-26T22:26:22.4781440Z ##[endgroup]
2026-04-26T22:26:22.4782388Z ##[group]Fetching the repository
2026-04-26T22:26:22.4792134Z [command]/usr/bin/git -c protocol.version=2 fetch --no-tags --prune --no-recurse-submodules --depth=1 origin +621a7f9e0bd2bd8a23f840ce6491ef35020e14a9:refs/remotes/origin/fix/e2e-robustness-final
2026-04-26T22:26:23.5819287Z From https://github.com/pfisherogden/MeetManager-Tools
2026-04-26T22:26:23.5820903Z  * [new ref]         621a7f9e0bd2bd8a23f840ce6491ef35020e14a9 -> origin/fix/e2e-robustness-final
2026-04-26T22:26:23.5856542Z [command]/usr/bin/git branch --list --remote origin/fix/e2e-robustness-final
2026-04-26T22:26:23.5881833Z   origin/fix/e2e-robustness-final
2026-04-26T22:26:23.5891945Z [command]/usr/bin/git rev-parse refs/remotes/origin/fix/e2e-robustness-final
2026-04-26T22:26:23.5918222Z 621a7f9e0bd2bd8a23f840ce6491ef35020e14a9
2026-04-26T22:26:23.5922290Z ##[endgroup]
2026-04-26T22:26:23.5923021Z ##[group]Determining the checkout info
2026-04-26T22:26:23.5924179Z ##[endgroup]
2026-04-26T22:26:23.5929301Z [command]/usr/bin/git sparse-checkout disable
2026-04-26T22:26:23.5969015Z [command]/usr/bin/git config --local --unset-all extensions.worktreeConfig
2026-04-26T22:26:23.5998800Z ##[group]Checking out the ref
2026-04-26T22:26:23.6002711Z [command]/usr/bin/git checkout --progress --force -B fix/e2e-robustness-final refs/remotes/origin/fix/e2e-robustness-final
2026-04-26T22:26:23.7195188Z Switched to a new branch 'fix/e2e-robustness-final'
2026-04-26T22:26:23.7197281Z branch 'fix/e2e-robustness-final' set up to track 'origin/fix/e2e-robustness-final'.
2026-04-26T22:26:23.7219277Z ##[endgroup]
2026-04-26T22:26:23.7264799Z [command]/usr/bin/git log -1 --format=%H
2026-04-26T22:26:23.7287833Z 621a7f9e0bd2bd8a23f840ce6491ef35020e14a9
2026-04-26T22:26:23.7499983Z ##[group]Run docker/login-action@v3
2026-04-26T22:26:23.7500283Z with:
2026-04-26T22:26:23.7500460Z   registry: ghcr.io
2026-04-26T22:26:23.7500660Z   username: pfisherogden
2026-04-26T22:26:23.7501083Z   password: ***
2026-04-26T22:26:23.7501274Z   logout: true
2026-04-26T22:26:23.7501435Z env:
2026-04-26T22:26:23.7501638Z   FORCE_JAVASCRIPT_ACTIONS_TO_NODE24: true
2026-04-26T22:26:23.7501882Z   REGISTRY: ghcr.io
2026-04-26T22:26:23.7502083Z   IMAGE_NAME: pfisherogden/mmtools
2026-04-26T22:26:23.7502310Z ##[endgroup]
2026-04-26T22:26:24.0524190Z Logging into ghcr.io...
2026-04-26T22:26:24.0548403Z (node:2357) [DEP0040] DeprecationWarning: The `punycode` module is deprecated. Please use a userland alternative instead.
2026-04-26T22:26:24.0549670Z (Use `node --trace-deprecation ...` to show where the warning was created)
2026-04-26T22:26:24.9370973Z Login Succeeded!
2026-04-26T22:26:24.9532802Z ##[group]Run mkdir -p tmp && chmod -R 777 tmp
2026-04-26T22:26:24.9533221Z [36;1mmkdir -p tmp && chmod -R 777 tmp[0m
2026-04-26T22:26:24.9533981Z [36;1m# Pull the images first to ensure they are available[0m
2026-04-26T22:26:24.9534375Z [36;1mdocker pull ${IMAGE_PREFIX}/backend:${TAG}[0m
2026-04-26T22:26:24.9534688Z [36;1mdocker pull ${IMAGE_PREFIX}/frontend:${TAG}[0m
2026-04-26T22:26:24.9535010Z [36;1mdocker pull ${IMAGE_PREFIX}/judge-app:${TAG}[0m
2026-04-26T22:26:24.9535291Z [36;1m[0m
2026-04-26T22:26:24.9535499Z [36;1m# Use the CI-specific docker-compose file[0m
2026-04-26T22:26:24.9535825Z [36;1mdocker compose -f docker-compose.ci.yml up -d[0m
2026-04-26T22:26:24.9559878Z shell: /usr/bin/bash -e {0}
2026-04-26T22:26:24.9560126Z env:
2026-04-26T22:26:24.9560327Z   FORCE_JAVASCRIPT_ACTIONS_TO_NODE24: true
2026-04-26T22:26:24.9560583Z   REGISTRY: ghcr.io
2026-04-26T22:26:24.9560789Z   IMAGE_NAME: pfisherogden/mmtools
2026-04-26T22:26:24.9561048Z   TAG: sha-621a7f9
2026-04-26T22:26:24.9561249Z   IMAGE_PREFIX: ghcr.io/pfisherogden/mmtools
2026-04-26T22:26:24.9561503Z ##[endgroup]
2026-04-26T22:26:25.6262844Z sha-621a7f9: Pulling from pfisherogden/mmtools/backend
2026-04-26T22:26:25.8068777Z 3531af2bc2a9: Pulling fs layer
2026-04-26T22:26:25.8069311Z 91ff8760033c: Pulling fs layer
2026-04-26T22:26:25.8069776Z f3ba2250c524: Pulling fs layer
2026-04-26T22:26:25.8070139Z 7ccd73948dde: Pulling fs layer
2026-04-26T22:26:25.8070933Z 11c4b559e018: Pulling fs layer
2026-04-26T22:26:25.8071355Z 4feb07d1301f: Pulling fs layer
2026-04-26T22:26:25.8071780Z ab389ca8d31a: Pulling fs layer
2026-04-26T22:26:25.8072160Z d9ee4e5365d3: Pulling fs layer
2026-04-26T22:26:25.8072644Z 96866d14b7c1: Pulling fs layer
2026-04-26T22:26:25.8073022Z d8305e60fb3b: Pulling fs layer
2026-04-26T22:26:25.8073394Z 7ccd73948dde: Waiting
2026-04-26T22:26:25.8073991Z fa1318626b33: Pulling fs layer
2026-04-26T22:26:25.8074370Z f8586119cd8f: Pulling fs layer
2026-04-26T22:26:25.8074753Z 52b55c7e4eca: Pulling fs layer
2026-04-26T22:26:25.8075028Z 11c4b559e018: Waiting
2026-04-26T22:26:25.8075257Z e76aca6de9d6: Pulling fs layer
2026-04-26T22:26:25.8075496Z 0f1515eace92: Pulling fs layer
2026-04-26T22:26:25.8075733Z b03797e2cb32: Pulling fs layer
2026-04-26T22:26:25.8075954Z 4feb07d1301f: Waiting
2026-04-26T22:26:25.8076154Z ab389ca8d31a: Waiting
2026-04-26T22:26:25.8076436Z d9ee4e5365d3: Waiting
2026-04-26T22:26:25.8076704Z 96866d14b7c1: Waiting
2026-04-26T22:26:25.8076902Z d8305e60fb3b: Waiting
2026-04-26T22:26:25.8077097Z fa1318626b33: Waiting
2026-04-26T22:26:25.8077282Z f8586119cd8f: Waiting
2026-04-26T22:26:25.8077506Z 52b55c7e4eca: Waiting
2026-04-26T22:26:25.8077790Z e76aca6de9d6: Waiting
2026-04-26T22:26:25.8077989Z 0f1515eace92: Waiting
2026-04-26T22:26:25.9670366Z 91ff8760033c: Verifying Checksum
2026-04-26T22:26:25.9671389Z 91ff8760033c: Download complete
2026-04-26T22:26:26.0598316Z 3531af2bc2a9: Verifying Checksum
2026-04-26T22:26:26.0598816Z 3531af2bc2a9: Download complete
2026-04-26T22:26:26.1767218Z f3ba2250c524: Verifying Checksum
2026-04-26T22:26:26.1767741Z f3ba2250c524: Download complete
2026-04-26T22:26:26.1863447Z 7ccd73948dde: Verifying Checksum
2026-04-26T22:26:26.1864504Z 7ccd73948dde: Download complete
2026-04-26T22:26:26.2992809Z 11c4b559e018: Verifying Checksum
2026-04-26T22:26:26.2993278Z 11c4b559e018: Download complete
2026-04-26T22:26:26.4163033Z ab389ca8d31a: Verifying Checksum
2026-04-26T22:26:26.4163554Z ab389ca8d31a: Download complete
2026-04-26T22:26:26.5295062Z d9ee4e5365d3: Verifying Checksum
2026-04-26T22:26:26.5295588Z d9ee4e5365d3: Download complete
2026-04-26T22:26:27.2775515Z 3531af2bc2a9: Pull complete
2026-04-26T22:26:27.8034419Z 96866d14b7c1: Verifying Checksum
2026-04-26T22:26:27.8034773Z 96866d14b7c1: Download complete
2026-04-26T22:26:28.0176826Z fa1318626b33: Verifying Checksum
2026-04-26T22:26:28.0177853Z fa1318626b33: Download complete
2026-04-26T22:26:28.4923003Z f8586119cd8f: Verifying Checksum
2026-04-26T22:26:28.4924479Z f8586119cd8f: Download complete
2026-04-26T22:26:28.5622016Z 91ff8760033c: Pull complete
2026-04-26T22:26:28.6607753Z 52b55c7e4eca: Verifying Checksum
2026-04-26T22:26:28.6608302Z 52b55c7e4eca: Download complete
2026-04-26T22:26:28.9096750Z e76aca6de9d6: Verifying Checksum
2026-04-26T22:26:28.9124801Z e76aca6de9d6: Download complete
2026-04-26T22:26:29.1304879Z 0f1515eace92: Verifying Checksum
2026-04-26T22:26:29.1305561Z 0f1515eace92: Download complete
2026-04-26T22:26:29.2943600Z b03797e2cb32: Verifying Checksum
2026-04-26T22:26:29.2945842Z b03797e2cb32: Download complete
2026-04-26T22:26:29.7602079Z f3ba2250c524: Pull complete
2026-04-26T22:26:29.8056497Z 7ccd73948dde: Pull complete
2026-04-26T22:26:30.1086420Z 4feb07d1301f: Verifying Checksum
2026-04-26T22:26:30.1087329Z 4feb07d1301f: Download complete
2026-04-26T22:26:30.1784549Z 11c4b559e018: Pull complete
2026-04-26T22:26:30.7995578Z d8305e60fb3b: Verifying Checksum
2026-04-26T22:26:30.7995906Z d8305e60fb3b: Download complete
2026-04-26T22:26:34.7161788Z 4feb07d1301f: Pull complete
2026-04-26T22:26:34.7257307Z ab389ca8d31a: Pull complete
2026-04-26T22:26:34.7369322Z d9ee4e5365d3: Pull complete
2026-04-26T22:26:41.0583258Z 96866d14b7c1: Pull complete
2026-04-26T22:26:46.6587085Z d8305e60fb3b: Pull complete
2026-04-26T22:26:46.6685992Z fa1318626b33: Pull complete
2026-04-26T22:26:46.7746791Z f8586119cd8f: Pull complete
2026-04-26T22:26:46.7844734Z 52b55c7e4eca: Pull complete
2026-04-26T22:26:46.7970724Z e76aca6de9d6: Pull complete
2026-04-26T22:26:46.8226657Z 0f1515eace92: Pull complete
2026-04-26T22:26:46.8397244Z b03797e2cb32: Pull complete
2026-04-26T22:26:46.8439546Z Digest: sha256:147512af6b2c5da38fc2b090eb909fdb9256559eec249b5d60bb5f010e34aadc
2026-04-26T22:26:46.8453454Z Status: Downloaded newer image for ghcr.io/pfisherogden/mmtools/backend:sha-621a7f9
2026-04-26T22:26:46.8462653Z ghcr.io/pfisherogden/mmtools/backend:sha-621a7f9
2026-04-26T22:26:47.5153063Z sha-621a7f9: Pulling from pfisherogden/mmtools/frontend
2026-04-26T22:26:47.7004107Z 6a0ac1617861: Pulling fs layer
2026-04-26T22:26:47.7004831Z 4feea04c1543: Pulling fs layer
2026-04-26T22:26:47.7005267Z b2cbbfe903b0: Pulling fs layer
2026-04-26T22:26:47.7005578Z fff4e2c1b189: Pulling fs layer
2026-04-26T22:26:47.7005811Z 7f7fc422589b: Pulling fs layer
2026-04-26T22:26:47.7006044Z 22f20dd6e933: Pulling fs layer
2026-04-26T22:26:47.7006278Z 890ce3b27de8: Pulling fs layer
2026-04-26T22:26:47.7006507Z fff4e2c1b189: Waiting
2026-04-26T22:26:47.7006714Z 7f7fc422589b: Waiting
2026-04-26T22:26:47.7007116Z 22f20dd6e933: Waiting
2026-04-26T22:26:47.7007334Z 890ce3b27de8: Waiting
2026-04-26T22:26:47.8679442Z 6a0ac1617861: Download complete
2026-04-26T22:26:48.0125757Z 6a0ac1617861: Pull complete
2026-04-26T22:26:48.0187775Z fff4e2c1b189: Verifying Checksum
2026-04-26T22:26:48.0188472Z fff4e2c1b189: Download complete
2026-04-26T22:26:48.0212454Z 4feea04c1543: Verifying Checksum
2026-04-26T22:26:48.0212879Z 4feea04c1543: Download complete
2026-04-26T22:26:48.1866326Z b2cbbfe903b0: Verifying Checksum
2026-04-26T22:26:48.1868951Z b2cbbfe903b0: Download complete
2026-04-26T22:26:48.1921560Z 22f20dd6e933: Verifying Checksum
2026-04-26T22:26:48.1921975Z 22f20dd6e933: Download complete
2026-04-26T22:26:48.2407246Z 7f7fc422589b: Verifying Checksum
2026-04-26T22:26:48.2407664Z 7f7fc422589b: Download complete
2026-04-26T22:26:49.5866968Z 890ce3b27de8: Verifying Checksum
2026-04-26T22:26:49.5867366Z 890ce3b27de8: Download complete
2026-04-26T22:26:50.2514809Z 4feea04c1543: Pull complete
2026-04-26T22:26:50.2954934Z b2cbbfe903b0: Pull complete
2026-04-26T22:26:50.3048040Z fff4e2c1b189: Pull complete
2026-04-26T22:26:50.3124879Z 7f7fc422589b: Pull complete
2026-04-26T22:26:50.3280796Z 22f20dd6e933: Pull complete
2026-04-26T22:27:10.1557508Z 890ce3b27de8: Pull complete
2026-04-26T22:27:10.1595692Z Digest: sha256:f65a934e5cdea62a5574ce25189a1dbc289d71e1e3c24b49fecccd8e2ade89ce
2026-04-26T22:27:10.1609279Z Status: Downloaded newer image for ghcr.io/pfisherogden/mmtools/frontend:sha-621a7f9
2026-04-26T22:27:10.1617131Z ghcr.io/pfisherogden/mmtools/frontend:sha-621a7f9
2026-04-26T22:27:10.8212144Z sha-621a7f9: Pulling from pfisherogden/mmtools/judge-app
2026-04-26T22:27:10.9871564Z 6a0ac1617861: Already exists
2026-04-26T22:27:10.9886494Z 7f175ecb4aec: Pulling fs layer
2026-04-26T22:27:10.9886920Z c57f9500efd5: Pulling fs layer
2026-04-26T22:27:10.9887646Z 15c316802cf5: Pulling fs layer
2026-04-26T22:27:10.9888154Z 294d7581acec: Pulling fs layer
2026-04-26T22:27:10.9888536Z b087412f0732: Pulling fs layer
2026-04-26T22:27:10.9888793Z 409c3fbf3b04: Pulling fs layer
2026-04-26T22:27:10.9889025Z 5dfb4b9bbc0a: Pulling fs layer
2026-04-26T22:27:10.9889235Z ac125494915f: Pulling fs layer
2026-04-26T22:27:10.9889449Z 9cc674ef8941: Pulling fs layer
2026-04-26T22:27:10.9889640Z 294d7581acec: Waiting
2026-04-26T22:27:10.9889972Z b087412f0732: Waiting
2026-04-26T22:27:10.9890284Z 409c3fbf3b04: Waiting
2026-04-26T22:27:10.9890599Z ac125494915f: Waiting
2026-04-26T22:27:10.9890908Z 9cc674ef8941: Waiting
2026-04-26T22:27:10.9891225Z 5dfb4b9bbc0a: Waiting
2026-04-26T22:27:11.1364164Z c57f9500efd5: Verifying Checksum
2026-04-26T22:27:11.1364854Z c57f9500efd5: Download complete
2026-04-26T22:27:11.1446638Z 7f175ecb4aec: Verifying Checksum
2026-04-26T22:27:11.1447149Z 7f175ecb4aec: Download complete
2026-04-26T22:27:11.2210608Z 15c316802cf5: Verifying Checksum
2026-04-26T22:27:11.2211129Z 15c316802cf5: Download complete
2026-04-26T22:27:11.3034351Z 294d7581acec: Verifying Checksum
2026-04-26T22:27:11.3034678Z 294d7581acec: Download complete
2026-04-26T22:27:11.3218973Z 7f175ecb4aec: Pull complete
2026-04-26T22:27:11.3310641Z c57f9500efd5: Pull complete
2026-04-26T22:27:11.3400533Z 15c316802cf5: Pull complete
2026-04-26T22:27:11.3482182Z 294d7581acec: Pull complete
2026-04-26T22:27:11.3722710Z b087412f0732: Download complete
2026-04-26T22:27:11.3805206Z b087412f0732: Pull complete
2026-04-26T22:27:11.3809353Z 409c3fbf3b04: Verifying Checksum
2026-04-26T22:27:11.3809910Z 409c3fbf3b04: Download complete
2026-04-26T22:27:11.3895963Z 409c3fbf3b04: Pull complete
2026-04-26T22:27:11.5228019Z 5dfb4b9bbc0a: Verifying Checksum
2026-04-26T22:27:11.5228509Z 5dfb4b9bbc0a: Download complete
2026-04-26T22:27:11.6174156Z 9cc674ef8941: Verifying Checksum
2026-04-26T22:27:11.6174657Z 9cc674ef8941: Download complete
2026-04-26T22:27:11.6709035Z ac125494915f: Verifying Checksum
2026-04-26T22:27:11.6709515Z ac125494915f: Download complete
2026-04-26T22:27:11.9725291Z 5dfb4b9bbc0a: Pull complete
2026-04-26T22:27:12.0176754Z ac125494915f: Pull complete
2026-04-26T22:27:12.0271568Z 9cc674ef8941: Pull complete
2026-04-26T22:27:12.0312130Z Digest: sha256:046468fb544feca004c71ae5dd7a2cf0e855a4d465a9c8861f1f1dbaa6f5ead3
2026-04-26T22:27:12.0322831Z Status: Downloaded newer image for ghcr.io/pfisherogden/mmtools/judge-app:sha-621a7f9
2026-04-26T22:27:12.0331675Z ghcr.io/pfisherogden/mmtools/judge-app:sha-621a7f9
2026-04-26T22:27:12.8167382Z  Network meetmanager-tools_default  Creating
2026-04-26T22:27:12.8547802Z  Network meetmanager-tools_default  Created
2026-04-26T22:27:12.8551982Z  Volume "meetmanager-tools_mmtools-data"  Creating
2026-04-26T22:27:12.8565412Z  Volume "meetmanager-tools_mmtools-data"  Created
2026-04-26T22:27:12.8570861Z  Container meetmanager-tools-judge-app-1  Creating
2026-04-26T22:27:12.8571563Z  Container meetmanager-tools-frontend-1  Creating
2026-04-26T22:27:12.8572410Z  Container meetmanager-tools-backend-1  Creating
2026-04-26T22:27:12.8891349Z  Container meetmanager-tools-judge-app-1  Created
2026-04-26T22:27:12.8892385Z  Container meetmanager-tools-frontend-1  Created
2026-04-26T22:27:12.8895624Z  Container meetmanager-tools-backend-1  Created
2026-04-26T22:27:12.8909215Z  Container meetmanager-tools-backend-1  Starting
2026-04-26T22:27:12.8910148Z  Container meetmanager-tools-frontend-1  Starting
2026-04-26T22:27:12.8911076Z  Container meetmanager-tools-judge-app-1  Starting
2026-04-26T22:27:13.5123695Z  Container meetmanager-tools-frontend-1  Started
2026-04-26T22:27:13.5130622Z  Container meetmanager-tools-judge-app-1  Started
2026-04-26T22:27:13.5244527Z  Container meetmanager-tools-backend-1  Started
2026-04-26T22:27:13.5349032Z ##[group]Run echo "Waiting for services to initialize..."
2026-04-26T22:27:13.5349760Z [36;1mecho "Waiting for services to initialize..."[0m
2026-04-26T22:27:13.5350266Z [36;1msleep 15[0m
2026-04-26T22:27:13.5350566Z [36;1m[0m
2026-04-26T22:27:13.5350915Z [36;1mecho "Waiting for backend to be ready..."[0m
2026-04-26T22:27:13.5351388Z [36;1mfor i in {1..60}; do[0m
2026-04-26T22:27:13.5351892Z [36;1m  if curl -s http://localhost:8080 > /dev/null; then[0m
2026-04-26T22:27:13.5352465Z [36;1m    echo "Backend is ready!"[0m
2026-04-26T22:27:13.5352870Z [36;1m    break[0m
2026-04-26T22:27:13.5353181Z [36;1m  fi[0m
2026-04-26T22:27:13.5353484Z [36;1m  echo "Waiting... ($i/60)"[0m
2026-04-26T22:27:13.5354307Z [36;1m  sleep 5[0m
2026-04-26T22:27:13.5354585Z [36;1mdone[0m
2026-04-26T22:27:13.5354840Z [36;1m[0m
2026-04-26T22:27:13.5355189Z [36;1mecho "Waiting for frontend to be ready..."[0m
2026-04-26T22:27:13.5355670Z [36;1mfor i in {1..60}; do[0m
2026-04-26T22:27:13.5356202Z [36;1m  if curl -s http://localhost:3000 > /dev/null; then[0m
2026-04-26T22:27:13.5356746Z [36;1m    echo "Frontend is ready!"[0m
2026-04-26T22:27:13.5357152Z [36;1m    break[0m
2026-04-26T22:27:13.5357427Z [36;1m  fi[0m
2026-04-26T22:27:13.5357728Z [36;1m  echo "Waiting... ($i/60)"[0m
2026-04-26T22:27:13.5358132Z [36;1m  sleep 5[0m
2026-04-26T22:27:13.5358427Z [36;1mdone[0m
2026-04-26T22:27:13.5358703Z [36;1m[0m
2026-04-26T22:27:13.5359323Z [36;1mecho "Waiting for judge-app to be ready..."[0m
2026-04-26T22:27:13.5359828Z [36;1mfor i in {1..60}; do[0m
2026-04-26T22:27:13.5360304Z [36;1m  if curl -s http://localhost:8081 > /dev/null; then[0m
2026-04-26T22:27:13.5360853Z [36;1m    echo "Judge App is ready!"[0m
2026-04-26T22:27:13.5361262Z [36;1m    break[0m
2026-04-26T22:27:13.5361557Z [36;1m  fi[0m
2026-04-26T22:27:13.5361859Z [36;1m  echo "Waiting... ($i/60)"[0m
2026-04-26T22:27:13.5362245Z [36;1m  sleep 5[0m
2026-04-26T22:27:13.5362541Z [36;1mdone[0m
2026-04-26T22:27:13.5399429Z shell: /usr/bin/bash -e {0}
2026-04-26T22:27:13.5399816Z env:
2026-04-26T22:27:13.5400135Z   FORCE_JAVASCRIPT_ACTIONS_TO_NODE24: true
2026-04-26T22:27:13.5400590Z   REGISTRY: ghcr.io
2026-04-26T22:27:13.5400934Z   IMAGE_NAME: pfisherogden/mmtools
2026-04-26T22:27:13.5401332Z ##[endgroup]
2026-04-26T22:27:13.5455279Z Waiting for services to initialize...
2026-04-26T22:27:28.5475471Z Waiting for backend to be ready...
2026-04-26T22:27:28.5542267Z Waiting... (1/60)
2026-04-26T22:27:33.5622009Z Waiting... (2/60)
2026-04-26T22:27:38.5701820Z Waiting... (3/60)
2026-04-26T22:27:43.5784572Z Waiting... (4/60)
2026-04-26T22:27:48.5864163Z Waiting... (5/60)
2026-04-26T22:27:53.5942729Z Waiting... (6/60)
2026-04-26T22:27:58.6020221Z Waiting... (7/60)
2026-04-26T22:28:03.6103417Z Waiting... (8/60)
2026-04-26T22:28:08.6183357Z Waiting... (9/60)
2026-04-26T22:28:13.6262578Z Waiting... (10/60)
2026-04-26T22:28:18.6342798Z Waiting... (11/60)
2026-04-26T22:28:23.6423535Z Waiting... (12/60)
2026-04-26T22:28:28.6504162Z Waiting... (13/60)
2026-04-26T22:28:33.6582093Z Waiting... (14/60)
2026-04-26T22:28:38.6662002Z Waiting... (15/60)
2026-04-26T22:28:43.6741771Z Waiting... (16/60)
2026-04-26T22:28:48.6821316Z Waiting... (17/60)
2026-04-26T22:28:53.6901264Z Waiting... (18/60)
2026-04-26T22:28:58.6979471Z Waiting... (19/60)
2026-04-26T22:29:03.7058223Z Waiting... (20/60)
2026-04-26T22:29:08.7137961Z Waiting... (21/60)
2026-04-26T22:29:13.7218239Z Waiting... (22/60)
2026-04-26T22:29:18.7297590Z Waiting... (23/60)
2026-04-26T22:29:23.7378096Z Waiting... (24/60)
2026-04-26T22:29:28.7457902Z Waiting... (25/60)
2026-04-26T22:29:33.7538139Z Waiting... (26/60)
2026-04-26T22:29:38.7615466Z Waiting... (27/60)
2026-04-26T22:29:43.7696298Z Waiting... (28/60)
2026-04-26T22:29:48.7776445Z Waiting... (29/60)
2026-04-26T22:29:53.7855990Z Waiting... (30/60)
2026-04-26T22:29:58.7936669Z Waiting... (31/60)
2026-04-26T22:30:03.8015471Z Waiting... (32/60)
2026-04-26T22:30:08.8095238Z Waiting... (33/60)
2026-04-26T22:30:13.8174613Z Waiting... (34/60)
2026-04-26T22:30:18.8253935Z Waiting... (35/60)
2026-04-26T22:30:23.8335210Z Waiting... (36/60)
2026-04-26T22:30:28.8413280Z Waiting... (37/60)
2026-04-26T22:30:33.8496958Z Waiting... (38/60)
2026-04-26T22:30:38.8576594Z Waiting... (39/60)
2026-04-26T22:30:43.8656820Z Waiting... (40/60)
2026-04-26T22:30:48.8737835Z Waiting... (41/60)
2026-04-26T22:30:53.8816444Z Waiting... (42/60)
2026-04-26T22:30:58.8896898Z Waiting... (43/60)
2026-04-26T22:31:03.8978358Z Waiting... (44/60)
2026-04-26T22:31:08.9058027Z Waiting... (45/60)
2026-04-26T22:31:13.9138060Z Waiting... (46/60)
2026-04-26T22:31:18.9222615Z Waiting... (47/60)
2026-04-26T22:31:23.9303466Z Waiting... (48/60)
2026-04-26T22:31:28.9386238Z Waiting... (49/60)
2026-04-26T22:31:33.9468721Z Waiting... (50/60)
2026-04-26T22:31:38.9552056Z Waiting... (51/60)
2026-04-26T22:31:43.9637700Z Waiting... (52/60)
2026-04-26T22:31:48.9719103Z Waiting... (53/60)
2026-04-26T22:31:53.9800377Z Waiting... (54/60)
2026-04-26T22:31:58.9883118Z Waiting... (55/60)
2026-04-26T22:32:03.9964603Z Waiting... (56/60)
2026-04-26T22:32:09.0045204Z Waiting... (57/60)
2026-04-26T22:32:14.0126259Z Waiting... (58/60)
2026-04-26T22:32:19.0206978Z Waiting... (59/60)
2026-04-26T22:32:24.0287151Z Waiting... (60/60)
2026-04-26T22:32:29.0301271Z Waiting for frontend to be ready...
2026-04-26T22:32:29.4243987Z Frontend is ready!
2026-04-26T22:32:29.4244679Z Waiting for judge-app to be ready...
2026-04-26T22:32:29.4339329Z Judge App is ready!
2026-04-26T22:32:29.4430469Z ##[group]Run actions/setup-node@v6
2026-04-26T22:32:29.4430739Z with:
2026-04-26T22:32:29.4430905Z   node-version: 24
2026-04-26T22:32:29.4431089Z   cache: npm
2026-04-26T22:32:29.4431320Z   cache-dependency-path: web-client/package-lock.json
2026-04-26T22:32:29.4431629Z   check-latest: false
2026-04-26T22:32:29.4431951Z   token: ***
2026-04-26T22:32:29.4432136Z   package-manager-cache: true
2026-04-26T22:32:29.4432355Z env:
2026-04-26T22:32:29.4432536Z   FORCE_JAVASCRIPT_ACTIONS_TO_NODE24: true
2026-04-26T22:32:29.4432788Z   REGISTRY: ghcr.io
2026-04-26T22:32:29.4432976Z   IMAGE_NAME: pfisherogden/mmtools
2026-04-26T22:32:29.4433197Z ##[endgroup]
2026-04-26T22:32:29.6190148Z Found in cache @ /opt/hostedtoolcache/node/24.14.1/x64
2026-04-26T22:32:29.6194626Z ##[group]Environment details
2026-04-26T22:32:32.6721822Z node: v24.14.1
2026-04-26T22:32:32.6722175Z npm: 11.11.0
2026-04-26T22:32:32.6722403Z yarn: 1.22.22
2026-04-26T22:32:32.6723503Z ##[endgroup]
2026-04-26T22:32:32.6742007Z [command]/opt/hostedtoolcache/node/24.14.1/x64/bin/npm config get cache
2026-04-26T22:32:32.8979246Z /home/runner/.npm
2026-04-26T22:32:33.1730430Z Cache hit for: node-cache-Linux-x64-npm-5289e4d81637c8d75e9424d7fa3dd581491b8d6acbc5d1e2e841f827dd370f3d
2026-04-26T22:32:34.4772455Z Received 0 of 282897281 (0.0%), 0.0 MBs/sec
2026-04-26T22:32:35.4919115Z Received 134217728 of 282897281 (47.4%), 63.6 MBs/sec
2026-04-26T22:32:36.4923429Z Received 270314369 of 282897281 (95.6%), 85.5 MBs/sec
2026-04-26T22:32:36.5914660Z Received 282897281 of 282897281 (100.0%), 86.6 MBs/sec
2026-04-26T22:32:36.5935478Z Cache Size: ~270 MB (282897281 B)
2026-04-26T22:32:36.5998659Z [command]/usr/bin/tar -xf /home/runner/work/_temp/6d05d200-d538-4ed0-976c-cad03f1042c4/cache.tzst -P -C /home/runner/work/MeetManager-Tools/MeetManager-Tools --use-compress-program unzstd
2026-04-26T22:32:37.0195642Z Cache restored successfully
2026-04-26T22:32:37.0331044Z Cache restored from key: node-cache-Linux-x64-npm-5289e4d81637c8d75e9424d7fa3dd581491b8d6acbc5d1e2e841f827dd370f3d
2026-04-26T22:32:37.0497187Z ##[group]Run cd web-client
2026-04-26T22:32:37.0497461Z [36;1mcd web-client[0m
2026-04-26T22:32:37.0497657Z [36;1mnpm ci[0m
2026-04-26T22:32:37.0497940Z [36;1m# MUST install all browsers to support webkit/safari projects[0m
2026-04-26T22:32:37.0498316Z [36;1mnpx playwright install --with-deps[0m
2026-04-26T22:32:37.0526537Z shell: /usr/bin/bash -e {0}
2026-04-26T22:32:37.0526769Z env:
2026-04-26T22:32:37.0526962Z   FORCE_JAVASCRIPT_ACTIONS_TO_NODE24: true
2026-04-26T22:32:37.0527238Z   REGISTRY: ghcr.io
2026-04-26T22:32:37.0527445Z   IMAGE_NAME: pfisherogden/mmtools
2026-04-26T22:32:37.0527676Z ##[endgroup]
2026-04-26T22:32:44.5189638Z npm warn deprecated node-domexception@1.0.0: Use your platform's native DOMException instead
2026-04-26T22:32:57.3559776Z 
2026-04-26T22:32:57.3563262Z added 564 packages, and audited 565 packages in 20s
2026-04-26T22:32:57.3564058Z 
2026-04-26T22:32:57.3564369Z 76 packages are looking for funding
2026-04-26T22:32:57.3564984Z   run `npm fund` for details
2026-04-26T22:32:57.3968108Z 
2026-04-26T22:32:57.3969117Z 15 vulnerabilities (2 low, 11 moderate, 1 high, 1 critical)
2026-04-26T22:32:57.3969649Z 
2026-04-26T22:32:57.3970304Z To address issues that do not require attention, run:
2026-04-26T22:32:57.3971594Z   npm audit fix
2026-04-26T22:32:57.3971876Z 
2026-04-26T22:32:57.3972257Z To address all issues (including breaking changes), run:
2026-04-26T22:32:57.3972786Z   npm audit fix --force
2026-04-26T22:32:57.3973059Z 
2026-04-26T22:32:57.3973265Z Run `npm audit` for details.
2026-04-26T22:32:58.0828091Z Installing dependencies...
2026-04-26T22:32:58.0918380Z Switching to root user to install dependencies...
2026-04-26T22:32:58.2156128Z Get:1 file:/etc/apt/apt-mirrors.txt Mirrorlist [144 B]
2026-04-26T22:32:58.2755133Z Hit:6 https://packages.microsoft.com/repos/azure-cli noble InRelease
2026-04-26T22:32:58.2756453Z Get:7 https://packages.microsoft.com/ubuntu/24.04/prod noble InRelease [3600 B]
2026-04-26T22:32:58.2958323Z Get:8 https://dl.google.com/linux/chrome-stable/deb stable InRelease [1825 B]
2026-04-26T22:32:58.4305499Z Get:9 https://packages.microsoft.com/ubuntu/24.04/prod noble/main armhf Packages [11.6 kB]
2026-04-26T22:32:58.4394058Z Get:10 https://packages.microsoft.com/ubuntu/24.04/prod noble/main amd64 Packages [125 kB]
2026-04-26T22:32:58.4426837Z Get:11 https://packages.microsoft.com/ubuntu/24.04/prod noble/main arm64 Packages [100 kB]
2026-04-26T22:32:58.5039746Z Get:12 https://dl.google.com/linux/chrome-stable/deb stable/main amd64 Packages [1213 B]
2026-04-26T22:32:58.5222858Z Hit:2 http://azure.archive.ubuntu.com/ubuntu noble InRelease
2026-04-26T22:32:58.5234666Z Get:3 http://azure.archive.ubuntu.com/ubuntu noble-updates InRelease [126 kB]
2026-04-26T22:32:58.5263095Z Get:4 http://azure.archive.ubuntu.com/ubuntu noble-backports InRelease [126 kB]
2026-04-26T22:32:58.5283913Z Get:5 http://azure.archive.ubuntu.com/ubuntu noble-security InRelease [126 kB]
2026-04-26T22:32:58.6452214Z Get:13 http://azure.archive.ubuntu.com/ubuntu noble-updates/main amd64 Packages [1919 kB]
2026-04-26T22:32:58.6547713Z Get:14 http://azure.archive.ubuntu.com/ubuntu noble-updates/main Translation-en [345 kB]
2026-04-26T22:32:58.6571817Z Get:15 http://azure.archive.ubuntu.com/ubuntu noble-updates/main amd64 Components [177 kB]
2026-04-26T22:32:58.6590442Z Get:16 http://azure.archive.ubuntu.com/ubuntu noble-updates/main amd64 c-n-f Metadata [17.1 kB]
2026-04-26T22:32:58.6616503Z Get:17 http://azure.archive.ubuntu.com/ubuntu noble-updates/universe amd64 Packages [1685 kB]
2026-04-26T22:32:58.6696327Z Get:18 http://azure.archive.ubuntu.com/ubuntu noble-updates/universe Translation-en [324 kB]
2026-04-26T22:32:58.6720286Z Get:19 http://azure.archive.ubuntu.com/ubuntu noble-updates/universe amd64 Components [386 kB]
2026-04-26T22:32:58.6746156Z Get:20 http://azure.archive.ubuntu.com/ubuntu noble-updates/universe amd64 c-n-f Metadata [34.5 kB]
2026-04-26T22:32:58.6756536Z Get:21 http://azure.archive.ubuntu.com/ubuntu noble-updates/restricted amd64 Packages [2981 kB]
2026-04-26T22:32:58.6941939Z Get:22 http://azure.archive.ubuntu.com/ubuntu noble-updates/restricted Translation-en [697 kB]
2026-04-26T22:32:58.7410125Z Get:23 http://azure.archive.ubuntu.com/ubuntu noble-updates/restricted amd64 Components [212 B]
2026-04-26T22:32:58.7420802Z Get:24 http://azure.archive.ubuntu.com/ubuntu noble-updates/multiverse amd64 Packages [32.5 kB]
2026-04-26T22:32:58.7425601Z Get:25 http://azure.archive.ubuntu.com/ubuntu noble-updates/multiverse Translation-en [8180 B]
2026-04-26T22:32:58.7434220Z Get:26 http://azure.archive.ubuntu.com/ubuntu noble-updates/multiverse amd64 Components [940 B]
2026-04-26T22:32:58.7446285Z Get:27 http://azure.archive.ubuntu.com/ubuntu noble-updates/multiverse amd64 c-n-f Metadata [512 B]
2026-04-26T22:32:58.7450746Z Get:28 http://azure.archive.ubuntu.com/ubuntu noble-backports/main amd64 Packages [40.6 kB]
2026-04-26T22:32:58.7463166Z Get:29 http://azure.archive.ubuntu.com/ubuntu noble-backports/main Translation-en [9172 B]
2026-04-26T22:32:58.7468691Z Get:30 http://azure.archive.ubuntu.com/ubuntu noble-backports/main amd64 Components [7368 B]
2026-04-26T22:32:58.7476374Z Get:31 http://azure.archive.ubuntu.com/ubuntu noble-backports/universe amd64 Packages [30.6 kB]
2026-04-26T22:32:58.7487521Z Get:32 http://azure.archive.ubuntu.com/ubuntu noble-backports/universe Translation-en [18.2 kB]
2026-04-26T22:32:58.7497058Z Get:33 http://azure.archive.ubuntu.com/ubuntu noble-backports/universe amd64 Components [10.5 kB]
2026-04-26T22:32:58.7506761Z Get:34 http://azure.archive.ubuntu.com/ubuntu noble-backports/universe amd64 c-n-f Metadata [1484 B]
2026-04-26T22:32:58.7518228Z Get:35 http://azure.archive.ubuntu.com/ubuntu noble-backports/restricted amd64 Components [212 B]
2026-04-26T22:32:58.7528330Z Get:36 http://azure.archive.ubuntu.com/ubuntu noble-backports/multiverse amd64 Packages [748 B]
2026-04-26T22:32:58.8010258Z Get:37 http://azure.archive.ubuntu.com/ubuntu noble-backports/multiverse amd64 Components [212 B]
2026-04-26T22:32:58.8028848Z Get:38 http://azure.archive.ubuntu.com/ubuntu noble-security/main amd64 Packages [1620 kB]
2026-04-26T22:32:58.8106326Z Get:39 http://azure.archive.ubuntu.com/ubuntu noble-security/main Translation-en [259 kB]
2026-04-26T22:32:58.8124933Z Get:40 http://azure.archive.ubuntu.com/ubuntu noble-security/main amd64 Components [21.9 kB]
2026-04-26T22:32:58.8142125Z Get:41 http://azure.archive.ubuntu.com/ubuntu noble-security/main amd64 c-n-f Metadata [11.0 kB]
2026-04-26T22:32:58.8154683Z Get:42 http://azure.archive.ubuntu.com/ubuntu noble-security/universe amd64 Packages [1182 kB]
2026-04-26T22:32:58.8223979Z Get:43 http://azure.archive.ubuntu.com/ubuntu noble-security/universe Translation-en [227 kB]
2026-04-26T22:32:58.8229332Z Get:44 http://azure.archive.ubuntu.com/ubuntu noble-security/universe amd64 Components [74.2 kB]
2026-04-26T22:32:58.8243104Z Get:45 http://azure.archive.ubuntu.com/ubuntu noble-security/universe amd64 c-n-f Metadata [23.1 kB]
2026-04-26T22:32:58.8252503Z Get:46 http://azure.archive.ubuntu.com/ubuntu noble-security/restricted amd64 Packages [2833 kB]
2026-04-26T22:32:58.8394256Z Get:47 http://azure.archive.ubuntu.com/ubuntu noble-security/restricted Translation-en [666 kB]
2026-04-26T22:32:58.8442442Z Get:48 http://azure.archive.ubuntu.com/ubuntu noble-security/restricted amd64 Components [212 B]
2026-04-26T22:32:58.8444619Z Get:49 http://azure.archive.ubuntu.com/ubuntu noble-security/multiverse amd64 Packages [28.8 kB]
2026-04-26T22:32:58.8469992Z Get:50 http://azure.archive.ubuntu.com/ubuntu noble-security/multiverse Translation-en [7172 B]
2026-04-26T22:32:58.8471710Z Get:51 http://azure.archive.ubuntu.com/ubuntu noble-security/multiverse amd64 Components [208 B]
2026-04-26T22:33:09.1902716Z Fetched 16.3 MB in 2s (7646 kB/s)
2026-04-26T22:33:10.0300404Z Reading package lists...
2026-04-26T22:33:10.0558866Z Reading package lists...
2026-04-26T22:33:10.2849852Z Building dependency tree...
2026-04-26T22:33:10.2857974Z Reading state information...
2026-04-26T22:33:10.3092830Z libasound2t64 is already the newest version (1.2.11-1ubuntu0.2).
2026-04-26T22:33:10.3093941Z libasound2t64 set to manually installed.
2026-04-26T22:33:10.3094755Z libatk-bridge2.0-0t64 is already the newest version (2.52.0-1build1).
2026-04-26T22:33:10.3095486Z libatk-bridge2.0-0t64 set to manually installed.
2026-04-26T22:33:10.3096176Z libatk1.0-0t64 is already the newest version (2.52.0-1build1).
2026-04-26T22:33:10.3096786Z libatk1.0-0t64 set to manually installed.
2026-04-26T22:33:10.3097441Z libatspi2.0-0t64 is already the newest version (2.52.0-1build1).
2026-04-26T22:33:10.3098076Z libatspi2.0-0t64 set to manually installed.
2026-04-26T22:33:10.3098693Z libcairo2 is already the newest version (1.18.0-3build1).
2026-04-26T22:33:10.3099260Z libcairo2 set to manually installed.
2026-04-26T22:33:10.3099905Z libcups2t64 is already the newest version (2.4.7-1.2ubuntu7.9).
2026-04-26T22:33:10.3100517Z libcups2t64 set to manually installed.
2026-04-26T22:33:10.3101157Z libdbus-1-3 is already the newest version (1.14.10-4ubuntu4.1).
2026-04-26T22:33:10.3101820Z libdbus-1-3 set to manually installed.
2026-04-26T22:33:10.3102478Z libdrm2 is already the newest version (2.4.125-1ubuntu0.1~24.04.1).
2026-04-26T22:33:10.3103087Z libdrm2 set to manually installed.
2026-04-26T22:33:10.3103892Z libgbm1 is already the newest version (25.2.8-0ubuntu0.24.04.1).
2026-04-26T22:33:10.3104507Z libgbm1 set to manually installed.
2026-04-26T22:33:10.3105146Z libglib2.0-0t64 is already the newest version (2.80.0-6ubuntu3.8).
2026-04-26T22:33:10.3105779Z libglib2.0-0t64 set to manually installed.
2026-04-26T22:33:10.3106411Z libnspr4 is already the newest version (2:4.35-1.1build1).
2026-04-26T22:33:10.3106990Z libnspr4 set to manually installed.
2026-04-26T22:33:10.3107586Z libnss3 is already the newest version (2:3.98-1ubuntu0.1).
2026-04-26T22:33:10.3108142Z libnss3 set to manually installed.
2026-04-26T22:33:10.3108774Z libpango-1.0-0 is already the newest version (1.52.1+ds-1build1).
2026-04-26T22:33:10.3109701Z libpango-1.0-0 set to manually installed.
2026-04-26T22:33:10.3110312Z libx11-6 is already the newest version (2:1.8.7-1build1).
2026-04-26T22:33:10.3110863Z libx11-6 set to manually installed.
2026-04-26T22:33:10.3111407Z libxcb1 is already the newest version (1.15-1ubuntu2).
2026-04-26T22:33:10.3111943Z libxcb1 set to manually installed.
2026-04-26T22:33:10.3112582Z libxcomposite1 is already the newest version (1:0.4.5-1build3).
2026-04-26T22:33:10.3113216Z libxcomposite1 set to manually installed.
2026-04-26T22:33:10.3114041Z libxdamage1 is already the newest version (1:1.1.6-1build1).
2026-04-26T22:33:10.3114647Z libxdamage1 set to manually installed.
2026-04-26T22:33:10.3115239Z libxext6 is already the newest version (2:1.3.4-1build2).
2026-04-26T22:33:10.3115790Z libxext6 set to manually installed.
2026-04-26T22:33:10.3116371Z libxfixes3 is already the newest version (1:6.0.0-2build1).
2026-04-26T22:33:10.3116952Z libxfixes3 set to manually installed.
2026-04-26T22:33:10.3117567Z libxkbcommon0 is already the newest version (1.6.0-1build1).
2026-04-26T22:33:10.3118185Z libxkbcommon0 set to manually installed.
2026-04-26T22:33:10.3118806Z libxrandr2 is already the newest version (2:1.5.2-2build1).
2026-04-26T22:33:10.3119377Z libxrandr2 set to manually installed.
2026-04-26T22:33:10.3120032Z libcairo-gobject2 is already the newest version (1.18.0-3build1).
2026-04-26T22:33:10.3120700Z libcairo-gobject2 set to manually installed.
2026-04-26T22:33:10.3121379Z libfontconfig1 is already the newest version (2.15.0-1.1ubuntu2).
2026-04-26T22:33:10.3122007Z libfontconfig1 set to manually installed.
2026-04-26T22:33:10.3122694Z libfreetype6 is already the newest version (2.13.2+dfsg-1ubuntu0.1).
2026-04-26T22:33:10.3123344Z libfreetype6 set to manually installed.
2026-04-26T22:33:10.3124256Z libgdk-pixbuf-2.0-0 is already the newest version (2.42.10+dfsg-3ubuntu3.3).
2026-04-26T22:33:10.3124992Z libgdk-pixbuf-2.0-0 set to manually installed.
2026-04-26T22:33:10.3125680Z libgtk-3-0t64 is already the newest version (3.24.41-4ubuntu1.3).
2026-04-26T22:33:10.3129080Z libgtk-3-0t64 set to manually installed.
2026-04-26T22:33:10.3129928Z libpangocairo-1.0-0 is already the newest version (1.52.1+ds-1build1).
2026-04-26T22:33:10.3130654Z libpangocairo-1.0-0 set to manually installed.
2026-04-26T22:33:10.3131324Z libx11-xcb1 is already the newest version (2:1.8.7-1build1).
2026-04-26T22:33:10.3131931Z libx11-xcb1 set to manually installed.
2026-04-26T22:33:10.3132556Z libxcb-shm0 is already the newest version (1.15-1ubuntu2).
2026-04-26T22:33:10.3133143Z libxcb-shm0 set to manually installed.
2026-04-26T22:33:10.3133993Z libxcursor1 is already the newest version (1:1.2.1-1build1).
2026-04-26T22:33:10.3134592Z libxcursor1 set to manually installed.
2026-04-26T22:33:10.3135170Z libxi6 is already the newest version (2:1.8.1-1build1).
2026-04-26T22:33:10.3135869Z libxi6 set to manually installed.
2026-04-26T22:33:10.3136534Z libxrender1 is already the newest version (1:0.9.10-1.1build1).
2026-04-26T22:33:10.3137148Z libxrender1 set to manually installed.
2026-04-26T22:33:10.3137775Z libicu74 is already the newest version (74.2-1ubuntu3.1).
2026-04-26T22:33:10.3138527Z libatomic1 is already the newest version (14.2.0-4ubuntu2~24.04.1).
2026-04-26T22:33:10.3139147Z libatomic1 set to manually installed.
2026-04-26T22:33:10.3139776Z libenchant-2-2 is already the newest version (2.3.3-2build2).
2026-04-26T22:33:10.3140388Z libenchant-2-2 set to manually installed.
2026-04-26T22:33:10.3141003Z libepoxy0 is already the newest version (1.5.10-1build1).
2026-04-26T22:33:10.3141576Z libepoxy0 set to manually installed.
2026-04-26T22:33:10.3142248Z libgstreamer1.0-0 is already the newest version (1.24.2-1ubuntu0.1).
2026-04-26T22:33:10.3142923Z libgstreamer1.0-0 set to manually installed.
2026-04-26T22:33:10.3143761Z libharfbuzz0b is already the newest version (8.3.0-2build2).
2026-04-26T22:33:10.3144397Z libharfbuzz0b set to manually installed.
2026-04-26T22:33:10.3145074Z libjpeg-turbo8 is already the newest version (2.1.5-2ubuntu2).
2026-04-26T22:33:10.3146100Z libjpeg-turbo8 set to manually installed.
2026-04-26T22:33:10.3146710Z liblcms2-2 is already the newest version (2.14-2build1).
2026-04-26T22:33:10.3147245Z liblcms2-2 set to manually installed.
2026-04-26T22:33:10.4913779Z libpng16-16t64 is already the newest version (1.6.43-5ubuntu0.5).
2026-04-26T22:33:10.4914591Z libpng16-16t64 set to manually installed.
2026-04-26T22:33:10.4915383Z libwayland-client0 is already the newest version (1.22.0-2.1build1).
2026-04-26T22:33:10.4916180Z libwayland-client0 set to manually installed.
2026-04-26T22:33:10.4916983Z libwayland-egl1 is already the newest version (1.22.0-2.1build1).
2026-04-26T22:33:10.4917687Z libwayland-egl1 set to manually installed.
2026-04-26T22:33:10.4918383Z libwebp7 is already the newest version (1.3.2-0.4build3).
2026-04-26T22:33:10.4919106Z libwebp7 set to manually installed.
2026-04-26T22:33:10.4919793Z libwebpdemux2 is already the newest version (1.3.2-0.4build3).
2026-04-26T22:33:10.4920472Z libwebpdemux2 set to manually installed.
2026-04-26T22:33:10.4921223Z libxml2 is already the newest version (2.9.14+dfsg-1.3ubuntu3.7).
2026-04-26T22:33:10.4921884Z libxml2 set to manually installed.
2026-04-26T22:33:10.4922593Z libxslt1.1 is already the newest version (1.1.39-0exp1ubuntu0.24.04.3).
2026-04-26T22:33:10.4923289Z libxslt1.1 set to manually installed.
2026-04-26T22:33:10.4924145Z xvfb is already the newest version (2:21.1.12-1ubuntu1.5).
2026-04-26T22:33:10.4924990Z fonts-noto-color-emoji is already the newest version (2.047-0ubuntu0.24.04.1).
2026-04-26T22:33:10.4925862Z fonts-liberation is already the newest version (1:2.1.5-3).
2026-04-26T22:33:10.4926508Z fonts-liberation set to manually installed.
2026-04-26T22:33:10.4927129Z The following additional packages will be installed:
2026-04-26T22:33:10.4927933Z   glib-networking glib-networking-common glib-networking-services
2026-04-26T22:33:10.4928845Z   gsettings-desktop-schemas libaa1 libabsl20220623t64 libass9 libasyncns0
2026-04-26T22:33:10.4930291Z   libavc1394-0 libavfilter9 libavformat60 libavtp0 libavutil58 libblas3
2026-04-26T22:33:10.4931204Z   libbluray2 libbs2b0 libcaca0 libcairo-script-interpreter2 libcdparanoia0
2026-04-26T22:33:10.4932062Z   libchromaprint1 libcjson1 libcodec2-1.2 libdav1d7 libdc1394-25 libdca0
2026-04-26T22:33:10.4932885Z   libdecor-0-0 libdirectfb-1.7-7t64 libdv4t64 libdvdnav4 libdvdread8t64
2026-04-26T22:33:10.4933932Z   libegl-mesa0 libegl1 libfaad2 libflac12t64 libfluidsynth3 libfreeaptx0
2026-04-26T22:33:10.4934692Z   libgav1-1 libgme0 libgraphene-1.0-0 libgsm1 libgssdp-1.6-0
2026-04-26T22:33:10.4935171Z   libgstreamer-plugins-good1.0-0 libgtk-4-common libgupnp-1.6-0
2026-04-26T22:33:10.4935646Z   libgupnp-igd-1.6-0 libhwy1t64 libiec61883-0 libimath-3-1-29t64
2026-04-26T22:33:10.4936117Z   libinstpatch-1.0-2 libjack-jackd2-0 libjxl0.7 liblapack3 liblc3-1
2026-04-26T22:33:10.4936803Z   libldacbt-enc2 liblilv-0-0 liblrdf0 libltc11 libmbedcrypto7t64 libmfx1
2026-04-26T22:33:10.4937408Z   libmjpegutils-2.1-0t64 libmodplug1 libmp3lame0 libmpcdec6
2026-04-26T22:33:10.4937915Z   libmpeg2encpp-2.1-0t64 libmpg123-0t64 libmplex2-2.1-0t64 libmysofa1
2026-04-26T22:33:10.4938398Z   libneon27t64 libnice10 libopenal-data libopenal1 libopenexr-3-1-30
2026-04-26T22:33:10.4938874Z   libopenh264-7 libopenmpt0t64 libopenni2-0 liborc-0.4-0t64
2026-04-26T22:33:10.4939329Z   libpipewire-0.3-0t64 libplacebo338 libpocketsphinx3 libpostproc57
2026-04-26T22:33:10.4940034Z   libproxy1v5 libpulse0 libqrencode4 libraptor2-0 librav1e0 libraw1394-11
2026-04-26T22:33:10.4940587Z   librist4 librsvg2-2 librubberband2 libsamplerate0 libsbc1 libsdl2-2.0-0
2026-04-26T22:33:10.4941107Z   libsecret-common libserd-0-0 libshine3 libshout3 libsndfile1 libsndio7.0
2026-04-26T22:33:10.4941606Z   libsord-0-0 libsoundtouch1 libsoup-3.0-0 libsoup-3.0-common libsoxr0
2026-04-26T22:33:10.4942118Z   libspa-0.2-modules libspandsp2t64 libspeex1 libsphinxbase3t64 libsratom-0-0
2026-04-26T22:33:10.4942656Z   libsrt1.5-gnutls libsrtp2-1 libssh-gcrypt-4 libsvtav1enc1d1 libswresample4
2026-04-26T22:33:10.4943445Z   libswscale7 libtag1v5 libtag1v5-vanilla libtheora0 libtwolame0 libudfread0
2026-04-26T22:33:10.4944259Z   libunibreak5 libv4l-0t64 libv4lconvert0t64 libva-drm2 libva-x11-2 libva2
2026-04-26T22:33:10.4944771Z   libvdpau1 libvidstab1.1 libvisual-0.4-0 libvo-aacenc0 libvo-amrwbenc0
2026-04-26T22:33:10.4945295Z   libvorbisenc2 libvpl2 libwavpack1 libwebrtc-audio-processing1 libwildmidi2
2026-04-26T22:33:10.4945839Z   libx265-199 libxcb-xkb1 libxkbcommon-x11-0 libxvidcore4 libyuv0 libzbar0t64
2026-04-26T22:33:10.4946396Z   libzimg2 libzix-0-0 libzvbi-common libzvbi0t64 libzxing3 ocl-icd-libopencl1
2026-04-26T22:33:10.4946907Z   session-migration timgm6mb-soundfont xfonts-encodings xfonts-utils
2026-04-26T22:33:10.4947269Z Suggested packages:
2026-04-26T22:33:10.4947623Z   frei0r-plugins gvfs libcuda1 libnvcuvid1 libnvidia-encode1 libbluray-bdj
2026-04-26T22:33:10.4948146Z   libdirectfb-extra libdv-bin oss-compat libdvdcss2 libvisual-0.4-plugins
2026-04-26T22:33:10.4948638Z   jackd2 liblrdf0-dev libportaudio2 opus-tools pipewire pulseaudio
2026-04-26T22:33:10.4949120Z   raptor2-utils libraw1394-doc librsvg2-bin serdi sndiod sordi speex
2026-04-26T22:33:10.4949531Z   libwildmidi-config opencl-icd fluid-soundfont-gm
2026-04-26T22:33:10.4949836Z Recommended packages:
2026-04-26T22:33:10.4950181Z   fonts-ipafont-mincho fonts-tlwg-loma gstreamer1.0-x libaacs0
2026-04-26T22:33:10.4950671Z   default-libdecor-0-plugin-1 | libdecor-0-plugin-1 gstreamer1.0-gl
2026-04-26T22:33:10.4951199Z   libgtk-4-bin librsvg2-common libgtk-4-media-gstreamer libpipewire-0.3-common
2026-04-26T22:33:10.4951763Z   pocketsphinx-en-us va-driver-all | va-driver vdpau-driver-all | vdpau-driver
2026-04-26T22:33:10.4952163Z   libmagickcore-6.q16-7-extra
2026-04-26T22:33:10.6169302Z The following NEW packages will be installed:
2026-04-26T22:33:10.6170295Z   fonts-freefont-ttf fonts-ipafont-gothic fonts-tlwg-loma-otf fonts-unifont
2026-04-26T22:33:10.6171262Z   fonts-wqy-zenhei glib-networking glib-networking-common
2026-04-26T22:33:10.6172676Z   glib-networking-services gsettings-desktop-schemas gstreamer1.0-libav
2026-04-26T22:33:10.6174048Z   gstreamer1.0-plugins-bad gstreamer1.0-plugins-base gstreamer1.0-plugins-good
2026-04-26T22:33:10.6175156Z   libaa1 libabsl20220623t64 libass9 libasyncns0 libavc1394-0 libavcodec60
2026-04-26T22:33:10.6176150Z   libavfilter9 libavformat60 libavif16 libavtp0 libavutil58 libblas3
2026-04-26T22:33:10.6177166Z   libbluray2 libbs2b0 libcaca0 libcairo-script-interpreter2 libcdparanoia0
2026-04-26T22:33:10.6178199Z   libchromaprint1 libcjson1 libcodec2-1.2 libdav1d7 libdc1394-25 libdca0
2026-04-26T22:33:10.6179202Z   libdecor-0-0 libdirectfb-1.7-7t64 libdv4t64 libdvdnav4 libdvdread8t64
2026-04-26T22:33:10.6180177Z   libegl-mesa0 libegl1 libevent-2.1-7t64 libfaad2 libflac12t64 libflite1
2026-04-26T22:33:10.6181209Z   libfluidsynth3 libfreeaptx0 libgav1-1 libgles2 libgme0 libgraphene-1.0-0
2026-04-26T22:33:10.6182281Z   libgsm1 libgssdp-1.6-0 libgstreamer-gl1.0-0 libgstreamer-plugins-bad1.0-0
2026-04-26T22:33:10.6183389Z   libgstreamer-plugins-base1.0-0 libgstreamer-plugins-good1.0-0 libgtk-4-1
2026-04-26T22:33:10.6184646Z   libgtk-4-common libgupnp-1.6-0 libgupnp-igd-1.6-0 libharfbuzz-icu0
2026-04-26T22:33:10.6185660Z   libhwy1t64 libhyphen0 libiec61883-0 libimath-3-1-29t64 libinstpatch-1.0-2
2026-04-26T22:33:10.6186709Z   libjack-jackd2-0 libjxl0.7 liblapack3 liblc3-1 libldacbt-enc2 liblilv-0-0
2026-04-26T22:33:10.6187666Z   liblrdf0 libltc11 libmanette-0.2-0 libmbedcrypto7t64 libmfx1
2026-04-26T22:33:10.6188503Z   libmjpegutils-2.1-0t64 libmodplug1 libmp3lame0 libmpcdec6
2026-04-26T22:33:10.6189316Z   libmpeg2encpp-2.1-0t64 libmpg123-0t64 libmplex2-2.1-0t64 libmysofa1
2026-04-26T22:33:10.6190094Z   libneon27t64 libnice10 libopenal-data libopenal1 libopenexr-3-1-30
2026-04-26T22:33:10.6190868Z   libopenh264-7 libopenmpt0t64 libopenni2-0 libopus0 liborc-0.4-0t64
2026-04-26T22:33:10.6191697Z   libpipewire-0.3-0t64 libplacebo338 libpocketsphinx3 libpostproc57
2026-04-26T22:33:10.6192495Z   libproxy1v5 libpulse0 libqrencode4 libraptor2-0 librav1e0 libraw1394-11
2026-04-26T22:33:10.6193869Z   librist4 librsvg2-2 librubberband2 libsamplerate0 libsbc1 libsdl2-2.0-0
2026-04-26T22:33:10.6194728Z   libsecret-1-0 libsecret-common libserd-0-0 libshine3 libshout3 libsndfile1
2026-04-26T22:33:10.6195597Z   libsndio7.0 libsord-0-0 libsoundtouch1 libsoup-3.0-0 libsoup-3.0-common
2026-04-26T22:33:10.6196386Z   libsoxr0 libspa-0.2-modules libspandsp2t64 libspeex1 libsphinxbase3t64
2026-04-26T22:33:10.6197181Z   libsratom-0-0 libsrt1.5-gnutls libsrtp2-1 libssh-gcrypt-4 libsvtav1enc1d1
2026-04-26T22:33:10.6197997Z   libswresample4 libswscale7 libtag1v5 libtag1v5-vanilla libtheora0
2026-04-26T22:33:10.6198816Z   libtwolame0 libudfread0 libunibreak5 libv4l-0t64 libv4lconvert0t64
2026-04-26T22:33:10.6199636Z   libva-drm2 libva-x11-2 libva2 libvdpau1 libvidstab1.1 libvisual-0.4-0
2026-04-26T22:33:10.6200489Z   libvo-aacenc0 libvo-amrwbenc0 libvorbisenc2 libvpl2 libvpx9 libwavpack1
2026-04-26T22:33:10.6201377Z   libwayland-server0 libwebrtc-audio-processing1 libwildmidi2 libwoff1
2026-04-26T22:33:10.6202281Z   libx264-164 libx265-199 libxcb-xkb1 libxkbcommon-x11-0 libxvidcore4 libyuv0
2026-04-26T22:33:10.6203151Z   libzbar0t64 libzimg2 libzix-0-0 libzvbi-common libzvbi0t64 libzxing3
2026-04-26T22:33:10.6204254Z   ocl-icd-libopencl1 session-migration timgm6mb-soundfont xfonts-cyrillic
2026-04-26T22:33:10.6205047Z   xfonts-encodings xfonts-scalable xfonts-utils
2026-04-26T22:33:10.6458410Z 0 upgraded, 180 newly installed, 0 to remove and 40 not upgraded.
2026-04-26T22:33:10.6458952Z Need to get 114 MB of archives.
2026-04-26T22:33:10.6459536Z After this operation, 363 MB of additional disk space will be used.
2026-04-26T22:33:10.6460453Z Get:1 file:/etc/apt/apt-mirrors.txt Mirrorlist [144 B]
2026-04-26T22:33:10.7294041Z Get:2 http://azure.archive.ubuntu.com/ubuntu noble/universe amd64 fonts-ipafont-gothic all 00303-21ubuntu1 [3513 kB]
2026-04-26T22:33:10.8832505Z Get:3 http://azure.archive.ubuntu.com/ubuntu noble/main amd64 fonts-freefont-ttf all 20211204+svn4273-2 [5641 kB]
2026-04-26T22:33:11.1147016Z Get:4 http://azure.archive.ubuntu.com/ubuntu noble/universe amd64 fonts-tlwg-loma-otf all 1:0.7.3-1 [107 kB]
2026-04-26T22:33:11.1825184Z Get:5 http://azure.archive.ubuntu.com/ubuntu noble/universe amd64 fonts-unifont all 1:15.1.01-1build1 [2993 kB]
2026-04-26T22:33:11.3606853Z Get:6 http://azure.archive.ubuntu.com/ubuntu noble/universe amd64 fonts-wqy-zenhei all 0.9.45-8 [7472 kB]
2026-04-26T22:33:11.5759033Z Get:7 http://azure.archive.ubuntu.com/ubuntu noble/main amd64 libproxy1v5 amd64 0.5.4-4build1 [26.5 kB]
2026-04-26T22:33:11.6422396Z Get:8 http://azure.archive.ubuntu.com/ubuntu noble/main amd64 glib-networking-common all 2.80.0-1build1 [6702 B]
2026-04-26T22:33:11.7076685Z Get:9 http://azure.archive.ubuntu.com/ubuntu noble/main amd64 glib-networking-services amd64 2.80.0-1build1 [12.8 kB]
2026-04-26T22:33:11.7732134Z Get:10 http://azure.archive.ubuntu.com/ubuntu noble/main amd64 session-migration amd64 0.3.9build1 [9034 B]
2026-04-26T22:33:11.8387491Z Get:11 http://azure.archive.ubuntu.com/ubuntu noble-updates/main amd64 gsettings-desktop-schemas all 46.1-0ubuntu1 [35.6 kB]
2026-04-26T22:33:11.9043319Z Get:12 http://azure.archive.ubuntu.com/ubuntu noble/main amd64 glib-networking amd64 2.80.0-1build1 [64.1 kB]
2026-04-26T22:33:11.9735772Z Get:13 http://azure.archive.ubuntu.com/ubuntu noble-updates/universe amd64 libva2 amd64 2.20.0-2ubuntu0.1 [66.3 kB]
2026-04-26T22:33:12.0426754Z Get:14 http://azure.archive.ubuntu.com/ubuntu noble-updates/universe amd64 libva-drm2 amd64 2.20.0-2ubuntu0.1 [7132 B]
2026-04-26T22:33:12.1098862Z Get:15 http://azure.archive.ubuntu.com/ubuntu noble-updates/universe amd64 libva-x11-2 amd64 2.20.0-2ubuntu0.1 [12.0 kB]
2026-04-26T22:33:12.1751994Z Get:16 http://azure.archive.ubuntu.com/ubuntu noble/main amd64 libvdpau1 amd64 1.5-2build1 [27.8 kB]
2026-04-26T22:33:12.2405776Z Get:17 http://azure.archive.ubuntu.com/ubuntu noble/universe amd64 libvpl2 amd64 2023.3.0-1build1 [99.8 kB]
2026-04-26T22:33:12.3075126Z Get:18 http://azure.archive.ubuntu.com/ubuntu noble/universe amd64 ocl-icd-libopencl1 amd64 2.3.2-1build1 [38.5 kB]
2026-04-26T22:33:12.3735091Z Get:19 http://azure.archive.ubuntu.com/ubuntu noble/universe amd64 libavutil58 amd64 7:6.1.1-3ubuntu5 [401 kB]
2026-04-26T22:33:12.4564608Z Get:20 http://azure.archive.ubuntu.com/ubuntu noble/universe amd64 libcodec2-1.2 amd64 1.2.0-2build1 [8998 kB]
2026-04-26T22:33:12.8490151Z Get:21 http://azure.archive.ubuntu.com/ubuntu noble/universe amd64 libdav1d7 amd64 1.4.1-1build1 [604 kB]
2026-04-26T22:33:12.9372972Z Get:22 http://azure.archive.ubuntu.com/ubuntu noble/universe amd64 libgsm1 amd64 1.0.22-1build1 [27.8 kB]
2026-04-26T22:33:13.0030200Z Get:23 http://azure.archive.ubuntu.com/ubuntu noble/universe amd64 libhwy1t64 amd64 1.0.7-8.1build1 [584 kB]
2026-04-26T22:33:13.0819167Z Get:24 http://azure.archive.ubuntu.com/ubuntu noble-updates/universe amd64 libjxl0.7 amd64 0.7.0-10.2ubuntu6.1 [1001 kB]
2026-04-26T22:33:13.1673456Z Get:25 http://azure.archive.ubuntu.com/ubuntu noble/main amd64 libmp3lame0 amd64 3.100-6build1 [142 kB]
2026-04-26T22:33:13.2369628Z Get:26 http://azure.archive.ubuntu.com/ubuntu noble/main amd64 libopus0 amd64 1.4-1build1 [208 kB]
2026-04-26T22:33:13.3216337Z Get:27 http://azure.archive.ubuntu.com/ubuntu noble/universe amd64 librav1e0 amd64 0.7.1-2 [1022 kB]
2026-04-26T22:33:13.4433915Z Get:28 http://azure.archive.ubuntu.com/ubuntu noble/main amd64 librsvg2-2 amd64 2.58.0+dfsg-1build1 [2135 kB]
2026-04-26T22:33:13.5305161Z Get:29 http://azure.archive.ubuntu.com/ubuntu noble/universe amd64 libshine3 amd64 3.1.1-2build1 [23.2 kB]
2026-04-26T22:33:13.5992209Z Get:30 http://azure.archive.ubuntu.com/ubuntu noble-updates/main amd64 libspeex1 amd64 1.2.1-2ubuntu2.24.04.1 [59.6 kB]
2026-04-26T22:33:13.6687784Z Get:31 http://azure.archive.ubuntu.com/ubuntu noble/universe amd64 libsvtav1enc1d1 amd64 1.7.0+dfsg-2build1 [2425 kB]
2026-04-26T22:33:13.7821031Z Get:32 http://azure.archive.ubuntu.com/ubuntu noble/universe amd64 libsoxr0 amd64 0.1.3-4build3 [80.0 kB]
2026-04-26T22:33:13.8509030Z Get:33 http://azure.archive.ubuntu.com/ubuntu noble/universe amd64 libswresample4 amd64 7:6.1.1-3ubuntu5 [63.8 kB]
2026-04-26T22:33:13.9171302Z Get:34 http://azure.archive.ubuntu.com/ubuntu noble/main amd64 libtheora0 amd64 1.1.1+dfsg.1-16.1build3 [211 kB]
2026-04-26T22:33:13.9929585Z Get:35 http://azure.archive.ubuntu.com/ubuntu noble/main amd64 libtwolame0 amd64 0.4.0-2build3 [52.3 kB]
2026-04-26T22:33:14.0667039Z Get:36 http://azure.archive.ubuntu.com/ubuntu noble/main amd64 libvorbisenc2 amd64 1.3.7-1build3 [80.8 kB]
2026-04-26T22:33:14.1364097Z Get:37 http://azure.archive.ubuntu.com/ubuntu noble-updates/main amd64 libvpx9 amd64 1.14.0-1ubuntu2.3 [1143 kB]
2026-04-26T22:33:14.2388496Z Get:38 http://azure.archive.ubuntu.com/ubuntu noble/universe amd64 libx264-164 amd64 2:0.164.3108+git31e19f9-1 [604 kB]
2026-04-26T22:33:14.3246023Z Get:39 http://azure.archive.ubuntu.com/ubuntu noble/universe amd64 libx265-199 amd64 3.5-2build1 [1226 kB]
2026-04-26T22:33:14.4499947Z Get:40 http://azure.archive.ubuntu.com/ubuntu noble/universe amd64 libxvidcore4 amd64 2:1.3.7-1build1 [219 kB]
2026-04-26T22:33:14.5244248Z Get:41 http://azure.archive.ubuntu.com/ubuntu noble/universe amd64 libzvbi-common all 0.2.42-2 [42.4 kB]
2026-04-26T22:33:14.5930063Z Get:42 http://azure.archive.ubuntu.com/ubuntu noble/universe amd64 libzvbi0t64 amd64 0.2.42-2 [261 kB]
2026-04-26T22:33:14.6715396Z Get:43 http://azure.archive.ubuntu.com/ubuntu noble/universe amd64 libavcodec60 amd64 7:6.1.1-3ubuntu5 [5851 kB]
2026-04-26T22:33:15.0032562Z Get:44 http://azure.archive.ubuntu.com/ubuntu noble/universe amd64 libunibreak5 amd64 5.1-2build1 [25.0 kB]
2026-04-26T22:33:15.0710243Z Get:45 http://azure.archive.ubuntu.com/ubuntu noble/universe amd64 libass9 amd64 1:0.17.1-2build1 [104 kB]
2026-04-26T22:33:15.1436438Z Get:46 http://azure.archive.ubuntu.com/ubuntu noble/universe amd64 libudfread0 amd64 1.1.2-1build1 [19.0 kB]
2026-04-26T22:33:15.2112711Z Get:47 http://azure.archive.ubuntu.com/ubuntu noble/universe amd64 libbluray2 amd64 1:1.3.4-1build1 [159 kB]
2026-04-26T22:33:15.2800034Z Get:48 http://azure.archive.ubuntu.com/ubuntu noble/universe amd64 libchromaprint1 amd64 1.5.1-5 [30.5 kB]
2026-04-26T22:33:15.3459420Z Get:49 http://azure.archive.ubuntu.com/ubuntu noble/universe amd64 libgme0 amd64 0.6.3-7build1 [134 kB]
2026-04-26T22:33:15.4190863Z Get:50 http://azure.archive.ubuntu.com/ubuntu noble-updates/main amd64 libmpg123-0t64 amd64 1.32.5-1ubuntu1.1 [169 kB]
2026-04-26T22:33:15.4978353Z Get:51 http://azure.archive.ubuntu.com/ubuntu noble/universe amd64 libopenmpt0t64 amd64 0.7.3-1.1build3 [647 kB]
2026-04-26T22:33:15.5821081Z Get:52 http://azure.archive.ubuntu.com/ubuntu noble/universe amd64 libcjson1 amd64 1.7.17-1 [24.8 kB]
2026-04-26T22:33:15.6493174Z Get:53 http://azure.archive.ubuntu.com/ubuntu noble/universe amd64 libmbedcrypto7t64 amd64 2.28.8-1 [209 kB]
2026-04-26T22:33:15.7243421Z Get:54 http://azure.archive.ubuntu.com/ubuntu noble/universe amd64 librist4 amd64 0.2.10+dfsg-2 [74.9 kB]
2026-04-26T22:33:15.7931192Z Get:55 http://azure.archive.ubuntu.com/ubuntu noble/universe amd64 libsrt1.5-gnutls amd64 1.5.3-1build2 [316 kB]
2026-04-26T22:33:15.8724237Z Get:56 http://azure.archive.ubuntu.com/ubuntu noble-updates/main amd64 libssh-gcrypt-4 amd64 0.10.6-2ubuntu0.4 [225 kB]
2026-04-26T22:33:15.9439040Z Get:57 http://azure.archive.ubuntu.com/ubuntu noble/universe amd64 libavformat60 amd64 7:6.1.1-3ubuntu5 [1153 kB]
2026-04-26T22:33:16.0350538Z Get:58 http://azure.archive.ubuntu.com/ubuntu noble/universe amd64 libbs2b0 amd64 3.1.0+dfsg-7build1 [10.6 kB]
2026-04-26T22:33:16.1022838Z Get:59 http://azure.archive.ubuntu.com/ubuntu noble/universe amd64 libflite1 amd64 2.2-6build3 [13.6 MB]
2026-04-26T22:33:16.6490862Z Get:60 http://azure.archive.ubuntu.com/ubuntu noble/universe amd64 libserd-0-0 amd64 0.32.2-1 [43.6 kB]
2026-04-26T22:33:16.7175514Z Get:61 http://azure.archive.ubuntu.com/ubuntu noble/universe amd64 libzix-0-0 amd64 0.4.2-2build1 [23.6 kB]
2026-04-26T22:33:16.7866590Z Get:62 http://azure.archive.ubuntu.com/ubuntu noble/universe amd64 libsord-0-0 amd64 0.16.16-2build1 [15.8 kB]
2026-04-26T22:33:16.8540882Z Get:63 http://azure.archive.ubuntu.com/ubuntu noble/universe amd64 libsratom-0-0 amd64 0.6.16-1build1 [17.3 kB]
2026-04-26T22:33:16.9216139Z Get:64 http://azure.archive.ubuntu.com/ubuntu noble/universe amd64 liblilv-0-0 amd64 0.24.22-1build1 [41.0 kB]
2026-04-26T22:33:16.9902998Z Get:65 http://azure.archive.ubuntu.com/ubuntu noble/universe amd64 libmysofa1 amd64 1.3.2+dfsg-2ubuntu2 [1158 kB]
2026-04-26T22:33:17.1005373Z Get:66 http://azure.archive.ubuntu.com/ubuntu noble/universe amd64 libplacebo338 amd64 6.338.2-2build1 [2654 kB]
2026-04-26T22:33:17.3137303Z Get:67 http://azure.archive.ubuntu.com/ubuntu noble-updates/main amd64 libblas3 amd64 3.12.0-3build1.1 [238 kB]
2026-04-26T22:33:17.3889951Z Get:68 http://azure.archive.ubuntu.com/ubuntu noble-updates/main amd64 liblapack3 amd64 3.12.0-3build1.1 [2646 kB]
2026-04-26T22:33:17.5833990Z Get:69 http://azure.archive.ubuntu.com/ubuntu noble/main amd64 libasyncns0 amd64 0.8-6build4 [11.3 kB]
2026-04-26T22:33:17.6513508Z Get:70 http://azure.archive.ubuntu.com/ubuntu noble/main amd64 libflac12t64 amd64 1.4.3+ds-2.1ubuntu2 [197 kB]
2026-04-26T22:33:17.7190326Z Get:71 http://azure.archive.ubuntu.com/ubuntu noble-updates/main amd64 libsndfile1 amd64 1.2.2-1ubuntu5.24.04.1 [209 kB]
2026-04-26T22:33:17.7879714Z Get:72 http://azure.archive.ubuntu.com/ubuntu noble-updates/main amd64 libpulse0 amd64 1:16.1+dfsg1-2ubuntu10.1 [292 kB]
2026-04-26T22:33:17.8579428Z Get:73 http://azure.archive.ubuntu.com/ubuntu noble/universe amd64 libsphinxbase3t64 amd64 0.8+5prealpha+1-17build2 [126 kB]
2026-04-26T22:33:17.9269585Z Get:74 http://azure.archive.ubuntu.com/ubuntu noble/universe amd64 libpocketsphinx3 amd64 0.8.0+real5prealpha+1-15ubuntu5 [133 kB]
2026-04-26T22:33:17.9925720Z Get:75 http://azure.archive.ubuntu.com/ubuntu noble/universe amd64 libpostproc57 amd64 7:6.1.1-3ubuntu5 [49.9 kB]
2026-04-26T22:33:18.0607129Z Get:76 http://azure.archive.ubuntu.com/ubuntu noble/main amd64 libsamplerate0 amd64 0.2.2-4build1 [1344 kB]
2026-04-26T22:33:18.1649849Z Get:77 http://azure.archive.ubuntu.com/ubuntu noble/universe amd64 librubberband2 amd64 3.3.0+dfsg-2build1 [130 kB]
2026-04-26T22:33:18.2401688Z Get:78 http://azure.archive.ubuntu.com/ubuntu noble/universe amd64 libswscale7 amd64 7:6.1.1-3ubuntu5 [193 kB]
2026-04-26T22:33:18.3205554Z Get:79 http://azure.archive.ubuntu.com/ubuntu noble/universe amd64 libvidstab1.1 amd64 1.1.0-2build1 [38.5 kB]
2026-04-26T22:33:18.3902206Z Get:80 http://azure.archive.ubuntu.com/ubuntu noble/universe amd64 libzimg2 amd64 3.0.5+ds1-1build1 [254 kB]
2026-04-26T22:33:18.4651251Z Get:81 http://azure.archive.ubuntu.com/ubuntu noble/universe amd64 libavfilter9 amd64 7:6.1.1-3ubuntu5 [4235 kB]
2026-04-26T22:33:18.6277916Z Get:82 http://azure.archive.ubuntu.com/ubuntu noble-updates/main amd64 liborc-0.4-0t64 amd64 1:0.4.38-1ubuntu0.1 [207 kB]
2026-04-26T22:33:18.6967527Z Get:83 http://azure.archive.ubuntu.com/ubuntu noble-updates/main amd64 libgstreamer-plugins-base1.0-0 amd64 1.24.2-1ubuntu0.4 [862 kB]
2026-04-26T22:33:18.7792967Z Get:84 http://azure.archive.ubuntu.com/ubuntu noble/universe amd64 gstreamer1.0-libav amd64 1.24.1-1build1 [103 kB]
2026-04-26T22:33:18.8459904Z Get:85 http://azure.archive.ubuntu.com/ubuntu noble/main amd64 libcdparanoia0 amd64 3.10.2+debian-14build3 [48.5 kB]
2026-04-26T22:33:18.9128780Z Get:86 http://azure.archive.ubuntu.com/ubuntu noble/main amd64 libvisual-0.4-0 amd64 0.4.2-2build1 [115 kB]
2026-04-26T22:33:18.9801629Z Get:87 http://azure.archive.ubuntu.com/ubuntu noble-updates/main amd64 gstreamer1.0-plugins-base amd64 1.24.2-1ubuntu0.4 [721 kB]
2026-04-26T22:33:19.0709397Z Get:88 http://azure.archive.ubuntu.com/ubuntu noble/main amd64 libaa1 amd64 1.4p5-51.1 [49.9 kB]
2026-04-26T22:33:19.1386641Z Get:89 http://azure.archive.ubuntu.com/ubuntu noble/main amd64 libraw1394-11 amd64 2.1.2-2build3 [26.2 kB]
2026-04-26T22:33:19.2045676Z Get:90 http://azure.archive.ubuntu.com/ubuntu noble/main amd64 libavc1394-0 amd64 0.5.4-5build3 [15.4 kB]
2026-04-26T22:33:19.2709928Z Get:91 http://azure.archive.ubuntu.com/ubuntu noble-updates/main amd64 libcaca0 amd64 0.99.beta20-4ubuntu0.1 [209 kB]
2026-04-26T22:33:19.3500177Z Get:92 http://azure.archive.ubuntu.com/ubuntu noble/main amd64 libdv4t64 amd64 1.0.0-17.1build1 [63.2 kB]
2026-04-26T22:33:19.4197364Z Get:93 http://azure.archive.ubuntu.com/ubuntu noble-updates/main amd64 libgstreamer-plugins-good1.0-0 amd64 1.24.2-1ubuntu1.3 [33.1 kB]
2026-04-26T22:33:19.4859187Z Get:94 http://azure.archive.ubuntu.com/ubuntu noble/main amd64 libiec61883-0 amd64 1.2.0-6build1 [24.5 kB]
2026-04-26T22:33:19.5537873Z Get:95 http://azure.archive.ubuntu.com/ubuntu noble/main amd64 libshout3 amd64 2.4.6-1build2 [50.3 kB]
2026-04-26T22:33:19.6226089Z Get:96 http://azure.archive.ubuntu.com/ubuntu noble/main amd64 libtag1v5-vanilla amd64 1.13.1-1build1 [326 kB]
2026-04-26T22:33:19.7020190Z Get:97 http://azure.archive.ubuntu.com/ubuntu noble/main amd64 libtag1v5 amd64 1.13.1-1build1 [11.7 kB]
2026-04-26T22:33:19.7689708Z Get:98 http://azure.archive.ubuntu.com/ubuntu noble/main amd64 libv4lconvert0t64 amd64 1.26.1-4build3 [87.6 kB]
2026-04-26T22:33:19.8428829Z Get:99 http://azure.archive.ubuntu.com/ubuntu noble/main amd64 libv4l-0t64 amd64 1.26.1-4build3 [46.9 kB]
2026-04-26T22:33:19.9126451Z Get:100 http://azure.archive.ubuntu.com/ubuntu noble/main amd64 libwavpack1 amd64 5.6.0-1build1 [84.6 kB]
2026-04-26T22:33:19.9812593Z Get:101 http://azure.archive.ubuntu.com/ubuntu noble-updates/main amd64 libsoup-3.0-common all 3.4.4-5ubuntu0.7 [11.6 kB]
2026-04-26T22:33:20.0478430Z Get:102 http://azure.archive.ubuntu.com/ubuntu noble-updates/main amd64 libsoup-3.0-0 amd64 3.4.4-5ubuntu0.7 [292 kB]
2026-04-26T22:33:20.1437342Z Get:103 http://azure.archive.ubuntu.com/ubuntu noble-updates/main amd64 gstreamer1.0-plugins-good amd64 1.24.2-1ubuntu1.3 [2236 kB]
2026-04-26T22:33:20.2375431Z Get:104 http://azure.archive.ubuntu.com/ubuntu noble-updates/main amd64 libabsl20220623t64 amd64 20220623.1-3.1ubuntu3.2 [423 kB]
2026-04-26T22:33:20.3122989Z Get:105 http://azure.archive.ubuntu.com/ubuntu noble/universe amd64 libgav1-1 amd64 0.18.0-1build3 [357 kB]
2026-04-26T22:33:20.3849014Z Get:106 http://azure.archive.ubuntu.com/ubuntu noble/universe amd64 libyuv0 amd64 0.0~git202401110.af6ac82-1 [178 kB]
2026-04-26T22:33:20.4579804Z Get:107 http://azure.archive.ubuntu.com/ubuntu noble/universe amd64 libavif16 amd64 1.0.4-1ubuntu3 [91.2 kB]
2026-04-26T22:33:20.5285799Z Get:108 http://azure.archive.ubuntu.com/ubuntu noble/universe amd64 libavtp0 amd64 0.2.0-1build1 [6414 B]
2026-04-26T22:33:20.5993019Z Get:109 http://azure.archive.ubuntu.com/ubuntu noble/main amd64 libcairo-script-interpreter2 amd64 1.18.0-3build1 [60.3 kB]
2026-04-26T22:33:20.6703050Z Get:110 http://azure.archive.ubuntu.com/ubuntu noble/universe amd64 libdc1394-25 amd64 2.2.6-4build1 [90.1 kB]
2026-04-26T22:33:20.7407274Z Get:111 http://azure.archive.ubuntu.com/ubuntu noble/main amd64 libdecor-0-0 amd64 0.2.2-1build2 [16.5 kB]
2026-04-26T22:33:20.8104609Z Get:112 http://azure.archive.ubuntu.com/ubuntu noble/main amd64 libgles2 amd64 1.7.0-1build1 [17.1 kB]
2026-04-26T22:33:20.8798811Z Get:113 http://azure.archive.ubuntu.com/ubuntu noble/universe amd64 libdirectfb-1.7-7t64 amd64 1.7.7-11.1ubuntu2 [1035 kB]
2026-04-26T22:33:20.9648502Z Get:114 http://azure.archive.ubuntu.com/ubuntu noble/universe amd64 libdvdread8t64 amd64 6.1.3-1.1build1 [54.7 kB]
2026-04-26T22:33:21.0345673Z Get:115 http://azure.archive.ubuntu.com/ubuntu noble/universe amd64 libdvdnav4 amd64 6.1.1-3build1 [39.5 kB]
2026-04-26T22:33:21.1639866Z Get:116 http://azure.archive.ubuntu.com/ubuntu noble-updates/main amd64 libegl-mesa0 amd64 25.2.8-0ubuntu0.24.04.1 [117 kB]
2026-04-26T22:33:21.4391162Z Get:117 http://azure.archive.ubuntu.com/ubuntu noble/main amd64 libevent-2.1-7t64 amd64 2.1.12-stable-9ubuntu2 [145 kB]
2026-04-26T22:33:21.5700562Z Get:118 http://azure.archive.ubuntu.com/ubuntu noble/universe amd64 libfaad2 amd64 2.11.1-1build1 [207 kB]
2026-04-26T22:33:21.6692404Z Get:119 http://azure.archive.ubuntu.com/ubuntu noble/universe amd64 libinstpatch-1.0-2 amd64 1.1.6-1build2 [251 kB]
2026-04-26T22:33:21.7741530Z Get:120 http://azure.archive.ubuntu.com/ubuntu noble/main amd64 libjack-jackd2-0 amd64 1.9.21~dfsg-3ubuntu3 [289 kB]
2026-04-26T22:33:21.8789378Z Get:121 http://azure.archive.ubuntu.com/ubuntu noble/main amd64 libwebrtc-audio-processing1 amd64 0.3.1-0ubuntu6 [290 kB]
2026-04-26T22:33:21.9793056Z Get:122 http://azure.archive.ubuntu.com/ubuntu noble-updates/main amd64 libspa-0.2-modules amd64 1.0.5-1ubuntu3.2 [627 kB]
2026-04-26T22:33:22.1172991Z Get:123 http://azure.archive.ubuntu.com/ubuntu noble-updates/main amd64 libpipewire-0.3-0t64 amd64 1.0.5-1ubuntu3.2 [252 kB]
2026-04-26T22:33:22.2054715Z Get:124 http://azure.archive.ubuntu.com/ubuntu noble-updates/main amd64 libsdl2-2.0-0 amd64 2.30.0+dfsg-1ubuntu3.1 [686 kB]
2026-04-26T22:33:22.3018807Z Get:125 http://azure.archive.ubuntu.com/ubuntu noble/universe amd64 timgm6mb-soundfont all 1.3-5 [5427 kB]
2026-04-26T22:33:22.5563935Z Get:126 http://azure.archive.ubuntu.com/ubuntu noble/universe amd64 libfluidsynth3 amd64 2.3.4-1build3 [249 kB]
2026-04-26T22:33:22.6318668Z Get:127 http://azure.archive.ubuntu.com/ubuntu noble/main amd64 libfreeaptx0 amd64 0.1.1-2build1 [13.5 kB]
2026-04-26T22:33:22.6982385Z Get:128 http://azure.archive.ubuntu.com/ubuntu noble/main amd64 libgraphene-1.0-0 amd64 1.10.8-3build2 [46.2 kB]
2026-04-26T22:33:22.7638912Z Get:129 http://azure.archive.ubuntu.com/ubuntu noble/main amd64 libgssdp-1.6-0 amd64 1.6.3-1build3 [40.4 kB]
2026-04-26T22:33:22.8302587Z Get:130 http://azure.archive.ubuntu.com/ubuntu noble/main amd64 libegl1 amd64 1.7.0-1build1 [28.7 kB]
2026-04-26T22:33:22.8970404Z Get:131 http://azure.archive.ubuntu.com/ubuntu noble-updates/main amd64 libgstreamer-gl1.0-0 amd64 1.24.2-1ubuntu0.4 [214 kB]
2026-04-26T22:33:22.9636005Z Get:132 http://azure.archive.ubuntu.com/ubuntu noble-updates/main amd64 libgtk-4-common all 4.14.5+ds-0ubuntu0.10 [1497 kB]
2026-04-26T22:33:23.0502829Z Get:133 http://azure.archive.ubuntu.com/ubuntu noble-updates/main amd64 libgtk-4-1 amd64 4.14.5+ds-0ubuntu0.10 [3295 kB]
2026-04-26T22:33:23.2130583Z Get:134 http://azure.archive.ubuntu.com/ubuntu noble/main amd64 libgupnp-1.6-0 amd64 1.6.6-1build3 [92.7 kB]
2026-04-26T22:33:23.2811408Z Get:135 http://azure.archive.ubuntu.com/ubuntu noble/universe amd64 libgupnp-igd-1.6-0 amd64 1.6.0-3build3 [16.5 kB]
2026-04-26T22:33:23.3475064Z Get:136 http://azure.archive.ubuntu.com/ubuntu noble/main amd64 libharfbuzz-icu0 amd64 8.3.0-2build2 [13.3 kB]
2026-04-26T22:33:23.4129246Z Get:137 http://azure.archive.ubuntu.com/ubuntu noble/main amd64 libhyphen0 amd64 2.8.8-7build3 [26.5 kB]
2026-04-26T22:33:23.4781898Z Get:138 http://azure.archive.ubuntu.com/ubuntu noble/universe amd64 libimath-3-1-29t64 amd64 3.1.9-3.1ubuntu2 [72.2 kB]
2026-04-26T22:33:23.5446367Z Get:139 http://azure.archive.ubuntu.com/ubuntu noble/main amd64 liblc3-1 amd64 1.0.4-3build1 [69.7 kB]
2026-04-26T22:33:23.6112601Z Get:140 http://azure.archive.ubuntu.com/ubuntu noble/main amd64 libldacbt-enc2 amd64 2.0.2.3+git20200429+ed310a0-4ubuntu2 [27.1 kB]
2026-04-26T22:33:23.6765420Z Get:141 http://azure.archive.ubuntu.com/ubuntu noble-updates/main amd64 libraptor2-0 amd64 2.0.16-3ubuntu0.1 [165 kB]
2026-04-26T22:33:23.7528730Z Get:142 http://azure.archive.ubuntu.com/ubuntu noble/universe amd64 liblrdf0 amd64 0.6.1-4build1 [18.5 kB]
2026-04-26T22:33:23.8191889Z Get:143 http://azure.archive.ubuntu.com/ubuntu noble/universe amd64 libltc11 amd64 1.3.2-1build1 [13.0 kB]
2026-04-26T22:33:23.8844914Z Get:144 http://azure.archive.ubuntu.com/ubuntu noble/main amd64 libmanette-0.2-0 amd64 0.2.7-1build2 [30.6 kB]
2026-04-26T22:33:23.9509051Z Get:145 http://azure.archive.ubuntu.com/ubuntu noble/universe amd64 libmfx1 amd64 22.5.4-1 [3124 kB]
2026-04-26T22:33:24.1429851Z Get:146 http://azure.archive.ubuntu.com/ubuntu noble/universe amd64 libmjpegutils-2.1-0t64 amd64 1:2.1.0+debian-8.1build1 [25.5 kB]
2026-04-26T22:33:24.2108069Z Get:147 http://azure.archive.ubuntu.com/ubuntu noble/universe amd64 libmodplug1 amd64 1:0.8.9.0-3build1 [166 kB]
2026-04-26T22:33:24.2859414Z Get:148 http://azure.archive.ubuntu.com/ubuntu noble/universe amd64 libmpcdec6 amd64 2:0.1~r495-2build1 [32.7 kB]
2026-04-26T22:33:24.3523403Z Get:149 http://azure.archive.ubuntu.com/ubuntu noble/universe amd64 libmpeg2encpp-2.1-0t64 amd64 1:2.1.0+debian-8.1build1 [75.6 kB]
2026-04-26T22:33:24.4311803Z Get:150 http://azure.archive.ubuntu.com/ubuntu noble/universe amd64 libmplex2-2.1-0t64 amd64 1:2.1.0+debian-8.1build1 [46.1 kB]
2026-04-26T22:33:24.4986286Z Get:151 http://azure.archive.ubuntu.com/ubuntu noble/universe amd64 libneon27t64 amd64 0.33.0-1.1build3 [102 kB]
2026-04-26T22:33:24.5700939Z Get:152 http://azure.archive.ubuntu.com/ubuntu noble/universe amd64 libnice10 amd64 0.1.21-2build3 [157 kB]
2026-04-26T22:33:24.6426811Z Get:153 http://azure.archive.ubuntu.com/ubuntu noble/universe amd64 libopenal-data all 1:1.23.1-4build1 [161 kB]
2026-04-26T22:33:24.7149957Z Get:154 http://azure.archive.ubuntu.com/ubuntu noble/universe amd64 libopenexr-3-1-30 amd64 3.1.5-5.1build3 [1004 kB]
2026-04-26T22:33:24.8495068Z Get:155 http://azure.archive.ubuntu.com/ubuntu noble/universe amd64 libopenh264-7 amd64 2.4.1+dfsg-1 [409 kB]
2026-04-26T22:33:24.9470080Z Get:156 http://azure.archive.ubuntu.com/ubuntu noble/universe amd64 libopenni2-0 amd64 2.2.0.33+dfsg-18 [370 kB]
2026-04-26T22:33:25.0405761Z Get:157 http://azure.archive.ubuntu.com/ubuntu noble/universe amd64 libqrencode4 amd64 4.1.1-1build2 [25.0 kB]
2026-04-26T22:33:25.1119365Z Get:158 http://azure.archive.ubuntu.com/ubuntu noble/main amd64 libsecret-common all 0.21.4-1build3 [4962 B]
2026-04-26T22:33:25.1824929Z Get:159 http://azure.archive.ubuntu.com/ubuntu noble/main amd64 libsecret-1-0 amd64 0.21.4-1build3 [116 kB]
2026-04-26T22:33:25.2565398Z Get:160 http://azure.archive.ubuntu.com/ubuntu noble/universe amd64 libsndio7.0 amd64 1.9.0-0.3build3 [29.6 kB]
2026-04-26T22:33:25.3273224Z Get:161 http://azure.archive.ubuntu.com/ubuntu noble/universe amd64 libsoundtouch1 amd64 2.3.2+ds1-1build1 [60.5 kB]
2026-04-26T22:33:25.3976666Z Get:162 http://azure.archive.ubuntu.com/ubuntu noble/universe amd64 libspandsp2t64 amd64 0.0.6+dfsg-2.1build1 [311 kB]
2026-04-26T22:33:25.4740903Z Get:163 http://azure.archive.ubuntu.com/ubuntu noble/universe amd64 libsrtp2-1 amd64 2.5.0-3build1 [41.9 kB]
2026-04-26T22:33:25.5440831Z Get:164 http://azure.archive.ubuntu.com/ubuntu noble/main amd64 libwayland-server0 amd64 1.22.0-2.1build1 [33.9 kB]
2026-04-26T22:33:25.6138350Z Get:165 http://azure.archive.ubuntu.com/ubuntu noble/universe amd64 libwildmidi2 amd64 0.4.3-1build3 [68.5 kB]
2026-04-26T22:33:25.6836928Z Get:166 http://azure.archive.ubuntu.com/ubuntu noble/main amd64 libwoff1 amd64 1.0.2-2build1 [45.3 kB]
2026-04-26T22:33:25.7531869Z Get:167 http://azure.archive.ubuntu.com/ubuntu noble/main amd64 libxcb-xkb1 amd64 1.15-1ubuntu2 [32.3 kB]
2026-04-26T22:33:25.8227152Z Get:168 http://azure.archive.ubuntu.com/ubuntu noble/main amd64 libxkbcommon-x11-0 amd64 1.6.0-1build1 [14.5 kB]
2026-04-26T22:33:25.8930430Z Get:169 http://azure.archive.ubuntu.com/ubuntu noble/universe amd64 libzbar0t64 amd64 0.23.93-4build3 [123 kB]
2026-04-26T22:33:25.9637205Z Get:170 http://azure.archive.ubuntu.com/ubuntu noble/universe amd64 libzxing3 amd64 2.2.1-3 [583 kB]
2026-04-26T22:33:26.0382136Z Get:171 http://azure.archive.ubuntu.com/ubuntu noble/main amd64 xfonts-encodings all 1:1.0.5-0ubuntu2 [578 kB]
2026-04-26T22:33:26.1142622Z Get:172 http://azure.archive.ubuntu.com/ubuntu noble/main amd64 xfonts-utils amd64 1:7.7+6build3 [94.4 kB]
2026-04-26T22:33:26.1838120Z Get:173 http://azure.archive.ubuntu.com/ubuntu noble/universe amd64 xfonts-cyrillic all 1:1.0.5+nmu1 [384 kB]
2026-04-26T22:33:26.2598140Z Get:174 http://azure.archive.ubuntu.com/ubuntu noble/main amd64 xfonts-scalable all 1:1.0.3-1.3 [304 kB]
2026-04-26T22:33:26.3321809Z Get:175 http://azure.archive.ubuntu.com/ubuntu noble/universe amd64 libgstreamer-plugins-bad1.0-0 amd64 1.24.2-1ubuntu4 [797 kB]
2026-04-26T22:33:26.4092096Z Get:176 http://azure.archive.ubuntu.com/ubuntu noble/universe amd64 libdca0 amd64 0.0.7-2build1 [93.8 kB]
2026-04-26T22:33:26.4755952Z Get:177 http://azure.archive.ubuntu.com/ubuntu noble/universe amd64 libopenal1 amd64 1:1.23.1-4build1 [540 kB]
2026-04-26T22:33:26.5500334Z Get:178 http://azure.archive.ubuntu.com/ubuntu noble/main amd64 libsbc1 amd64 2.0-1build1 [33.9 kB]
2026-04-26T22:33:26.6196629Z Get:179 http://azure.archive.ubuntu.com/ubuntu noble/universe amd64 libvo-aacenc0 amd64 0.1.3-2build1 [67.8 kB]
2026-04-26T22:33:26.6921684Z Get:180 http://azure.archive.ubuntu.com/ubuntu noble/universe amd64 libvo-amrwbenc0 amd64 0.1.3-2build1 [76.7 kB]
2026-04-26T22:33:26.7629916Z Get:181 http://azure.archive.ubuntu.com/ubuntu noble/universe amd64 gstreamer1.0-plugins-bad amd64 1.24.2-1ubuntu4 [3081 kB]
2026-04-26T22:33:27.2975328Z Fetched 114 MB in 16s (7024 kB/s)
2026-04-26T22:33:27.3361575Z Selecting previously unselected package fonts-ipafont-gothic.
2026-04-26T22:33:27.4417725Z (Reading database ... 
2026-04-26T22:33:27.4418279Z (Reading database ... 5%
2026-04-26T22:33:27.4418689Z (Reading database ... 10%
2026-04-26T22:33:27.4419135Z (Reading database ... 15%
2026-04-26T22:33:27.4419522Z (Reading database ... 20%
2026-04-26T22:33:27.4420013Z (Reading database ... 25%
2026-04-26T22:33:27.4420490Z (Reading database ... 30%
2026-04-26T22:33:27.4420948Z (Reading database ... 35%
2026-04-26T22:33:27.4421345Z (Reading database ... 40%
2026-04-26T22:33:27.4421635Z (Reading database ... 45%
2026-04-26T22:33:27.4421921Z (Reading database ... 50%
2026-04-26T22:33:27.4863432Z (Reading database ... 55%
2026-04-26T22:33:27.8305572Z (Reading database ... 60%
2026-04-26T22:33:28.0964639Z (Reading database ... 65%
2026-04-26T22:33:28.3991835Z (Reading database ... 70%
2026-04-26T22:33:28.7236604Z (Reading database ... 75%
2026-04-26T22:33:29.1618465Z (Reading database ... 80%
2026-04-26T22:33:29.8020656Z (Reading database ... 85%
2026-04-26T22:33:30.4628506Z (Reading database ... 90%
2026-04-26T22:33:31.0808262Z (Reading database ... 95%
2026-04-26T22:33:31.0809256Z (Reading database ... 100%
2026-04-26T22:33:31.0810358Z (Reading database ... 220764 files and directories currently installed.)
2026-04-26T22:33:31.0858339Z Preparing to unpack .../000-fonts-ipafont-gothic_00303-21ubuntu1_all.deb ...
2026-04-26T22:33:31.1003955Z Unpacking fonts-ipafont-gothic (00303-21ubuntu1) ...
2026-04-26T22:33:31.6224613Z Selecting previously unselected package fonts-freefont-ttf.
2026-04-26T22:33:31.6362681Z Preparing to unpack .../001-fonts-freefont-ttf_20211204+svn4273-2_all.deb ...
2026-04-26T22:33:31.6370969Z Unpacking fonts-freefont-ttf (20211204+svn4273-2) ...
2026-04-26T22:33:31.7255638Z Selecting previously unselected package fonts-tlwg-loma-otf.
2026-04-26T22:33:31.7393315Z Preparing to unpack .../002-fonts-tlwg-loma-otf_1%3a0.7.3-1_all.deb ...
2026-04-26T22:33:31.7401159Z Unpacking fonts-tlwg-loma-otf (1:0.7.3-1) ...
2026-04-26T22:33:31.7666411Z Selecting previously unselected package fonts-unifont.
2026-04-26T22:33:31.7806913Z Preparing to unpack .../003-fonts-unifont_1%3a15.1.01-1build1_all.deb ...
2026-04-26T22:33:31.7815824Z Unpacking fonts-unifont (1:15.1.01-1build1) ...
2026-04-26T22:33:31.8876332Z Selecting previously unselected package fonts-wqy-zenhei.
2026-04-26T22:33:31.9014775Z Preparing to unpack .../004-fonts-wqy-zenhei_0.9.45-8_all.deb ...
2026-04-26T22:33:31.9167375Z Unpacking fonts-wqy-zenhei (0.9.45-8) ...
2026-04-26T22:33:32.3983376Z Selecting previously unselected package libproxy1v5:amd64.
2026-04-26T22:33:32.4119883Z Preparing to unpack .../005-libproxy1v5_0.5.4-4build1_amd64.deb ...
2026-04-26T22:33:32.4140430Z Unpacking libproxy1v5:amd64 (0.5.4-4build1) ...
2026-04-26T22:33:32.4418019Z Selecting previously unselected package glib-networking-common.
2026-04-26T22:33:32.4555291Z Preparing to unpack .../006-glib-networking-common_2.80.0-1build1_all.deb ...
2026-04-26T22:33:32.4563353Z Unpacking glib-networking-common (2.80.0-1build1) ...
2026-04-26T22:33:32.4774264Z Selecting previously unselected package glib-networking-services.
2026-04-26T22:33:32.4915704Z Preparing to unpack .../007-glib-networking-services_2.80.0-1build1_amd64.deb ...
2026-04-26T22:33:32.4926016Z Unpacking glib-networking-services (2.80.0-1build1) ...
2026-04-26T22:33:32.5149070Z Selecting previously unselected package session-migration.
2026-04-26T22:33:32.5285991Z Preparing to unpack .../008-session-migration_0.3.9build1_amd64.deb ...
2026-04-26T22:33:32.5293261Z Unpacking session-migration (0.3.9build1) ...
2026-04-26T22:33:32.5633081Z Selecting previously unselected package gsettings-desktop-schemas.
2026-04-26T22:33:32.5772688Z Preparing to unpack .../009-gsettings-desktop-schemas_46.1-0ubuntu1_all.deb ...
2026-04-26T22:33:32.5782662Z Unpacking gsettings-desktop-schemas (46.1-0ubuntu1) ...
2026-04-26T22:33:32.6131782Z Selecting previously unselected package glib-networking:amd64.
2026-04-26T22:33:32.6271592Z Preparing to unpack .../010-glib-networking_2.80.0-1build1_amd64.deb ...
2026-04-26T22:33:32.6280299Z Unpacking glib-networking:amd64 (2.80.0-1build1) ...
2026-04-26T22:33:32.6511916Z Selecting previously unselected package libva2:amd64.
2026-04-26T22:33:32.6652077Z Preparing to unpack .../011-libva2_2.20.0-2ubuntu0.1_amd64.deb ...
2026-04-26T22:33:32.6661040Z Unpacking libva2:amd64 (2.20.0-2ubuntu0.1) ...
2026-04-26T22:33:32.6891179Z Selecting previously unselected package libva-drm2:amd64.
2026-04-26T22:33:32.7033731Z Preparing to unpack .../012-libva-drm2_2.20.0-2ubuntu0.1_amd64.deb ...
2026-04-26T22:33:32.7057721Z Unpacking libva-drm2:amd64 (2.20.0-2ubuntu0.1) ...
2026-04-26T22:33:32.7278031Z Selecting previously unselected package libva-x11-2:amd64.
2026-04-26T22:33:32.7418538Z Preparing to unpack .../013-libva-x11-2_2.20.0-2ubuntu0.1_amd64.deb ...
2026-04-26T22:33:32.7427929Z Unpacking libva-x11-2:amd64 (2.20.0-2ubuntu0.1) ...
2026-04-26T22:33:32.7654584Z Selecting previously unselected package libvdpau1:amd64.
2026-04-26T22:33:32.7798094Z Preparing to unpack .../014-libvdpau1_1.5-2build1_amd64.deb ...
2026-04-26T22:33:32.7808431Z Unpacking libvdpau1:amd64 (1.5-2build1) ...
2026-04-26T22:33:32.8040799Z Selecting previously unselected package libvpl2.
2026-04-26T22:33:32.8183334Z Preparing to unpack .../015-libvpl2_2023.3.0-1build1_amd64.deb ...
2026-04-26T22:33:32.8193158Z Unpacking libvpl2 (2023.3.0-1build1) ...
2026-04-26T22:33:32.8429153Z Selecting previously unselected package ocl-icd-libopencl1:amd64.
2026-04-26T22:33:32.8567868Z Preparing to unpack .../016-ocl-icd-libopencl1_2.3.2-1build1_amd64.deb ...
2026-04-26T22:33:32.8577018Z Unpacking ocl-icd-libopencl1:amd64 (2.3.2-1build1) ...
2026-04-26T22:33:32.8907232Z Selecting previously unselected package libavutil58:amd64.
2026-04-26T22:33:32.9045840Z Preparing to unpack .../017-libavutil58_7%3a6.1.1-3ubuntu5_amd64.deb ...
2026-04-26T22:33:32.9054428Z Unpacking libavutil58:amd64 (7:6.1.1-3ubuntu5) ...
2026-04-26T22:33:32.9319655Z Selecting previously unselected package libcodec2-1.2:amd64.
2026-04-26T22:33:32.9457141Z Preparing to unpack .../018-libcodec2-1.2_1.2.0-2build1_amd64.deb ...
2026-04-26T22:33:32.9465705Z Unpacking libcodec2-1.2:amd64 (1.2.0-2build1) ...
2026-04-26T22:33:33.0210617Z Selecting previously unselected package libdav1d7:amd64.
2026-04-26T22:33:33.0347078Z Preparing to unpack .../019-libdav1d7_1.4.1-1build1_amd64.deb ...
2026-04-26T22:33:33.0354783Z Unpacking libdav1d7:amd64 (1.4.1-1build1) ...
2026-04-26T22:33:33.0621611Z Selecting previously unselected package libgsm1:amd64.
2026-04-26T22:33:33.0758152Z Preparing to unpack .../020-libgsm1_1.0.22-1build1_amd64.deb ...
2026-04-26T22:33:33.0765888Z Unpacking libgsm1:amd64 (1.0.22-1build1) ...
2026-04-26T22:33:33.0982050Z Selecting previously unselected package libhwy1t64:amd64.
2026-04-26T22:33:33.1116131Z Preparing to unpack .../021-libhwy1t64_1.0.7-8.1build1_amd64.deb ...
2026-04-26T22:33:33.1123991Z Unpacking libhwy1t64:amd64 (1.0.7-8.1build1) ...
2026-04-26T22:33:33.1442648Z Selecting previously unselected package libjxl0.7:amd64.
2026-04-26T22:33:33.1577830Z Preparing to unpack .../022-libjxl0.7_0.7.0-10.2ubuntu6.1_amd64.deb ...
2026-04-26T22:33:33.1586195Z Unpacking libjxl0.7:amd64 (0.7.0-10.2ubuntu6.1) ...
2026-04-26T22:33:33.1928662Z Selecting previously unselected package libmp3lame0:amd64.
2026-04-26T22:33:33.2064149Z Preparing to unpack .../023-libmp3lame0_3.100-6build1_amd64.deb ...
2026-04-26T22:33:33.2073251Z Unpacking libmp3lame0:amd64 (3.100-6build1) ...
2026-04-26T22:33:33.2301891Z Selecting previously unselected package libopus0:amd64.
2026-04-26T22:33:33.2437432Z Preparing to unpack .../024-libopus0_1.4-1build1_amd64.deb ...
2026-04-26T22:33:33.2446851Z Unpacking libopus0:amd64 (1.4-1build1) ...
2026-04-26T22:33:33.2684036Z Selecting previously unselected package librav1e0:amd64.
2026-04-26T22:33:33.2825159Z Preparing to unpack .../025-librav1e0_0.7.1-2_amd64.deb ...
2026-04-26T22:33:33.2834538Z Unpacking librav1e0:amd64 (0.7.1-2) ...
2026-04-26T22:33:33.3178280Z Selecting previously unselected package librsvg2-2:amd64.
2026-04-26T22:33:33.3316266Z Preparing to unpack .../026-librsvg2-2_2.58.0+dfsg-1build1_amd64.deb ...
2026-04-26T22:33:33.3326432Z Unpacking librsvg2-2:amd64 (2.58.0+dfsg-1build1) ...
2026-04-26T22:33:33.3825126Z Selecting previously unselected package libshine3:amd64.
2026-04-26T22:33:33.3963025Z Preparing to unpack .../027-libshine3_3.1.1-2build1_amd64.deb ...
2026-04-26T22:33:33.3970758Z Unpacking libshine3:amd64 (3.1.1-2build1) ...
2026-04-26T22:33:33.4188576Z Selecting previously unselected package libspeex1:amd64.
2026-04-26T22:33:33.4327072Z Preparing to unpack .../028-libspeex1_1.2.1-2ubuntu2.24.04.1_amd64.deb ...
2026-04-26T22:33:33.4336366Z Unpacking libspeex1:amd64 (1.2.1-2ubuntu2.24.04.1) ...
2026-04-26T22:33:33.4555839Z Selecting previously unselected package libsvtav1enc1d1:amd64.
2026-04-26T22:33:33.4695709Z Preparing to unpack .../029-libsvtav1enc1d1_1.7.0+dfsg-2build1_amd64.deb ...
2026-04-26T22:33:33.4704939Z Unpacking libsvtav1enc1d1:amd64 (1.7.0+dfsg-2build1) ...
2026-04-26T22:33:33.5213909Z Selecting previously unselected package libsoxr0:amd64.
2026-04-26T22:33:33.5355265Z Preparing to unpack .../030-libsoxr0_0.1.3-4build3_amd64.deb ...
2026-04-26T22:33:33.5364169Z Unpacking libsoxr0:amd64 (0.1.3-4build3) ...
2026-04-26T22:33:33.5593446Z Selecting previously unselected package libswresample4:amd64.
2026-04-26T22:33:33.5732531Z Preparing to unpack .../031-libswresample4_7%3a6.1.1-3ubuntu5_amd64.deb ...
2026-04-26T22:33:33.5741365Z Unpacking libswresample4:amd64 (7:6.1.1-3ubuntu5) ...
2026-04-26T22:33:33.5971547Z Selecting previously unselected package libtheora0:amd64.
2026-04-26T22:33:33.6111716Z Preparing to unpack .../032-libtheora0_1.1.1+dfsg.1-16.1build3_amd64.deb ...
2026-04-26T22:33:33.6121364Z Unpacking libtheora0:amd64 (1.1.1+dfsg.1-16.1build3) ...
2026-04-26T22:33:33.6373475Z Selecting previously unselected package libtwolame0:amd64.
2026-04-26T22:33:33.6512169Z Preparing to unpack .../033-libtwolame0_0.4.0-2build3_amd64.deb ...
2026-04-26T22:33:33.6521024Z Unpacking libtwolame0:amd64 (0.4.0-2build3) ...
2026-04-26T22:33:33.6740464Z Selecting previously unselected package libvorbisenc2:amd64.
2026-04-26T22:33:33.6877681Z Preparing to unpack .../034-libvorbisenc2_1.3.7-1build3_amd64.deb ...
2026-04-26T22:33:33.6888016Z Unpacking libvorbisenc2:amd64 (1.3.7-1build3) ...
2026-04-26T22:33:33.7148008Z Selecting previously unselected package libvpx9:amd64.
2026-04-26T22:33:33.7286781Z Preparing to unpack .../035-libvpx9_1.14.0-1ubuntu2.3_amd64.deb ...
2026-04-26T22:33:33.7296990Z Unpacking libvpx9:amd64 (1.14.0-1ubuntu2.3) ...
2026-04-26T22:33:33.7638560Z Selecting previously unselected package libx264-164:amd64.
2026-04-26T22:33:33.7777590Z Preparing to unpack .../036-libx264-164_2%3a0.164.3108+git31e19f9-1_amd64.deb ...
2026-04-26T22:33:33.7786204Z Unpacking libx264-164:amd64 (2:0.164.3108+git31e19f9-1) ...
2026-04-26T22:33:33.8085452Z Selecting previously unselected package libx265-199:amd64.
2026-04-26T22:33:33.8226062Z Preparing to unpack .../037-libx265-199_3.5-2build1_amd64.deb ...
2026-04-26T22:33:33.8234378Z Unpacking libx265-199:amd64 (3.5-2build1) ...
2026-04-26T22:33:33.8895812Z Selecting previously unselected package libxvidcore4:amd64.
2026-04-26T22:33:33.9031840Z Preparing to unpack .../038-libxvidcore4_2%3a1.3.7-1build1_amd64.deb ...
2026-04-26T22:33:33.9044686Z Unpacking libxvidcore4:amd64 (2:1.3.7-1build1) ...
2026-04-26T22:33:33.9317940Z Selecting previously unselected package libzvbi-common.
2026-04-26T22:33:33.9460189Z Preparing to unpack .../039-libzvbi-common_0.2.42-2_all.deb ...
2026-04-26T22:33:33.9469835Z Unpacking libzvbi-common (0.2.42-2) ...
2026-04-26T22:33:33.9991949Z Selecting previously unselected package libzvbi0t64:amd64.
2026-04-26T22:33:34.0131736Z Preparing to unpack .../040-libzvbi0t64_0.2.42-2_amd64.deb ...
2026-04-26T22:33:34.0141015Z Unpacking libzvbi0t64:amd64 (0.2.42-2) ...
2026-04-26T22:33:34.0425365Z Selecting previously unselected package libavcodec60:amd64.
2026-04-26T22:33:34.0565741Z Preparing to unpack .../041-libavcodec60_7%3a6.1.1-3ubuntu5_amd64.deb ...
2026-04-26T22:33:34.0580469Z Unpacking libavcodec60:amd64 (7:6.1.1-3ubuntu5) ...
2026-04-26T22:33:34.1461054Z Selecting previously unselected package libunibreak5:amd64.
2026-04-26T22:33:34.1600397Z Preparing to unpack .../042-libunibreak5_5.1-2build1_amd64.deb ...
2026-04-26T22:33:34.1610917Z Unpacking libunibreak5:amd64 (5.1-2build1) ...
2026-04-26T22:33:34.1839662Z Selecting previously unselected package libass9:amd64.
2026-04-26T22:33:34.1980193Z Preparing to unpack .../043-libass9_1%3a0.17.1-2build1_amd64.deb ...
2026-04-26T22:33:34.1990324Z Unpacking libass9:amd64 (1:0.17.1-2build1) ...
2026-04-26T22:33:34.2223196Z Selecting previously unselected package libudfread0:amd64.
2026-04-26T22:33:34.2366305Z Preparing to unpack .../044-libudfread0_1.1.2-1build1_amd64.deb ...
2026-04-26T22:33:34.2375949Z Unpacking libudfread0:amd64 (1.1.2-1build1) ...
2026-04-26T22:33:34.2632257Z Selecting previously unselected package libbluray2:amd64.
2026-04-26T22:33:34.2771535Z Preparing to unpack .../045-libbluray2_1%3a1.3.4-1build1_amd64.deb ...
2026-04-26T22:33:34.2780277Z Unpacking libbluray2:amd64 (1:1.3.4-1build1) ...
2026-04-26T22:33:34.3026550Z Selecting previously unselected package libchromaprint1:amd64.
2026-04-26T22:33:34.3165371Z Preparing to unpack .../046-libchromaprint1_1.5.1-5_amd64.deb ...
2026-04-26T22:33:34.3174252Z Unpacking libchromaprint1:amd64 (1.5.1-5) ...
2026-04-26T22:33:34.3392256Z Selecting previously unselected package libgme0:amd64.
2026-04-26T22:33:34.3531693Z Preparing to unpack .../047-libgme0_0.6.3-7build1_amd64.deb ...
2026-04-26T22:33:34.3539972Z Unpacking libgme0:amd64 (0.6.3-7build1) ...
2026-04-26T22:33:34.3786033Z Selecting previously unselected package libmpg123-0t64:amd64.
2026-04-26T22:33:34.3925952Z Preparing to unpack .../048-libmpg123-0t64_1.32.5-1ubuntu1.1_amd64.deb ...
2026-04-26T22:33:34.3935898Z Unpacking libmpg123-0t64:amd64 (1.32.5-1ubuntu1.1) ...
2026-04-26T22:33:34.4181912Z Selecting previously unselected package libopenmpt0t64:amd64.
2026-04-26T22:33:34.4321592Z Preparing to unpack .../049-libopenmpt0t64_0.7.3-1.1build3_amd64.deb ...
2026-04-26T22:33:34.4332464Z Unpacking libopenmpt0t64:amd64 (0.7.3-1.1build3) ...
2026-04-26T22:33:34.4626512Z Selecting previously unselected package libcjson1:amd64.
2026-04-26T22:33:34.4765451Z Preparing to unpack .../050-libcjson1_1.7.17-1_amd64.deb ...
2026-04-26T22:33:34.4774359Z Unpacking libcjson1:amd64 (1.7.17-1) ...
2026-04-26T22:33:34.5000000Z Selecting previously unselected package libmbedcrypto7t64:amd64.
2026-04-26T22:33:34.5139870Z Preparing to unpack .../051-libmbedcrypto7t64_2.28.8-1_amd64.deb ...
2026-04-26T22:33:34.5150281Z Unpacking libmbedcrypto7t64:amd64 (2.28.8-1) ...
2026-04-26T22:33:34.5394878Z Selecting previously unselected package librist4:amd64.
2026-04-26T22:33:34.5534275Z Preparing to unpack .../052-librist4_0.2.10+dfsg-2_amd64.deb ...
2026-04-26T22:33:34.5543637Z Unpacking librist4:amd64 (0.2.10+dfsg-2) ...
2026-04-26T22:33:34.5772793Z Selecting previously unselected package libsrt1.5-gnutls:amd64.
2026-04-26T22:33:34.5913171Z Preparing to unpack .../053-libsrt1.5-gnutls_1.5.3-1build2_amd64.deb ...
2026-04-26T22:33:34.5921941Z Unpacking libsrt1.5-gnutls:amd64 (1.5.3-1build2) ...
2026-04-26T22:33:34.6188406Z Selecting previously unselected package libssh-gcrypt-4:amd64.
2026-04-26T22:33:34.6328714Z Preparing to unpack .../054-libssh-gcrypt-4_0.10.6-2ubuntu0.4_amd64.deb ...
2026-04-26T22:33:34.6337832Z Unpacking libssh-gcrypt-4:amd64 (0.10.6-2ubuntu0.4) ...
2026-04-26T22:33:34.6602315Z Selecting previously unselected package libavformat60:amd64.
2026-04-26T22:33:34.6742867Z Preparing to unpack .../055-libavformat60_7%3a6.1.1-3ubuntu5_amd64.deb ...
2026-04-26T22:33:34.6753457Z Unpacking libavformat60:amd64 (7:6.1.1-3ubuntu5) ...
2026-04-26T22:33:34.7099607Z Selecting previously unselected package libbs2b0:amd64.
2026-04-26T22:33:34.7239370Z Preparing to unpack .../056-libbs2b0_3.1.0+dfsg-7build1_amd64.deb ...
2026-04-26T22:33:34.7249119Z Unpacking libbs2b0:amd64 (3.1.0+dfsg-7build1) ...
2026-04-26T22:33:34.7498008Z Selecting previously unselected package libflite1:amd64.
2026-04-26T22:33:34.7641507Z Preparing to unpack .../057-libflite1_2.2-6build3_amd64.deb ...
2026-04-26T22:33:34.7649667Z Unpacking libflite1:amd64 (2.2-6build3) ...
2026-04-26T22:33:34.8864674Z Selecting previously unselected package libserd-0-0:amd64.
2026-04-26T22:33:34.9005221Z Preparing to unpack .../058-libserd-0-0_0.32.2-1_amd64.deb ...
2026-04-26T22:33:34.9014226Z Unpacking libserd-0-0:amd64 (0.32.2-1) ...
2026-04-26T22:33:34.9254035Z Selecting previously unselected package libzix-0-0:amd64.
2026-04-26T22:33:34.9394778Z Preparing to unpack .../059-libzix-0-0_0.4.2-2build1_amd64.deb ...
2026-04-26T22:33:34.9405570Z Unpacking libzix-0-0:amd64 (0.4.2-2build1) ...
2026-04-26T22:33:34.9629929Z Selecting previously unselected package libsord-0-0:amd64.
2026-04-26T22:33:34.9769068Z Preparing to unpack .../060-libsord-0-0_0.16.16-2build1_amd64.deb ...
2026-04-26T22:33:34.9777964Z Unpacking libsord-0-0:amd64 (0.16.16-2build1) ...
2026-04-26T22:33:35.0006057Z Selecting previously unselected package libsratom-0-0:amd64.
2026-04-26T22:33:35.0145813Z Preparing to unpack .../061-libsratom-0-0_0.6.16-1build1_amd64.deb ...
2026-04-26T22:33:35.0154419Z Unpacking libsratom-0-0:amd64 (0.6.16-1build1) ...
2026-04-26T22:33:35.0395092Z Selecting previously unselected package liblilv-0-0:amd64.
2026-04-26T22:33:35.0533213Z Preparing to unpack .../062-liblilv-0-0_0.24.22-1build1_amd64.deb ...
2026-04-26T22:33:35.0543843Z Unpacking liblilv-0-0:amd64 (0.24.22-1build1) ...
2026-04-26T22:33:35.0774168Z Selecting previously unselected package libmysofa1:amd64.
2026-04-26T22:33:35.0915120Z Preparing to unpack .../063-libmysofa1_1.3.2+dfsg-2ubuntu2_amd64.deb ...
2026-04-26T22:33:35.0924164Z Unpacking libmysofa1:amd64 (1.3.2+dfsg-2ubuntu2) ...
2026-04-26T22:33:35.1189319Z Selecting previously unselected package libplacebo338:amd64.
2026-04-26T22:33:35.1331692Z Preparing to unpack .../064-libplacebo338_6.338.2-2build1_amd64.deb ...
2026-04-26T22:33:35.1342077Z Unpacking libplacebo338:amd64 (6.338.2-2build1) ...
2026-04-26T22:33:35.1909890Z Selecting previously unselected package libblas3:amd64.
2026-04-26T22:33:35.2050410Z Preparing to unpack .../065-libblas3_3.12.0-3build1.1_amd64.deb ...
2026-04-26T22:33:35.2086306Z Unpacking libblas3:amd64 (3.12.0-3build1.1) ...
2026-04-26T22:33:35.2351271Z Selecting previously unselected package liblapack3:amd64.
2026-04-26T22:33:35.2492950Z Preparing to unpack .../066-liblapack3_3.12.0-3build1.1_amd64.deb ...
2026-04-26T22:33:35.2529614Z Unpacking liblapack3:amd64 (3.12.0-3build1.1) ...
2026-04-26T22:33:35.3070831Z Selecting previously unselected package libasyncns0:amd64.
2026-04-26T22:33:35.3209522Z Preparing to unpack .../067-libasyncns0_0.8-6build4_amd64.deb ...
2026-04-26T22:33:35.3218480Z Unpacking libasyncns0:amd64 (0.8-6build4) ...
2026-04-26T22:33:35.3444406Z Selecting previously unselected package libflac12t64:amd64.
2026-04-26T22:33:35.3586306Z Preparing to unpack .../068-libflac12t64_1.4.3+ds-2.1ubuntu2_amd64.deb ...
2026-04-26T22:33:35.3595378Z Unpacking libflac12t64:amd64 (1.4.3+ds-2.1ubuntu2) ...
2026-04-26T22:33:35.3840877Z Selecting previously unselected package libsndfile1:amd64.
2026-04-26T22:33:35.3983932Z Preparing to unpack .../069-libsndfile1_1.2.2-1ubuntu5.24.04.1_amd64.deb ...
2026-04-26T22:33:35.3993236Z Unpacking libsndfile1:amd64 (1.2.2-1ubuntu5.24.04.1) ...
2026-04-26T22:33:35.4261237Z Selecting previously unselected package libpulse0:amd64.
2026-04-26T22:33:35.4404384Z Preparing to unpack .../070-libpulse0_1%3a16.1+dfsg1-2ubuntu10.1_amd64.deb ...
2026-04-26T22:33:35.4476526Z Unpacking libpulse0:amd64 (1:16.1+dfsg1-2ubuntu10.1) ...
2026-04-26T22:33:35.4741750Z Selecting previously unselected package libsphinxbase3t64:amd64.
2026-04-26T22:33:35.4884085Z Preparing to unpack .../071-libsphinxbase3t64_0.8+5prealpha+1-17build2_amd64.deb ...
2026-04-26T22:33:35.4893347Z Unpacking libsphinxbase3t64:amd64 (0.8+5prealpha+1-17build2) ...
2026-04-26T22:33:35.5147084Z Selecting previously unselected package libpocketsphinx3:amd64.
2026-04-26T22:33:35.5287641Z Preparing to unpack .../072-libpocketsphinx3_0.8.0+real5prealpha+1-15ubuntu5_amd64.deb ...
2026-04-26T22:33:35.5296756Z Unpacking libpocketsphinx3:amd64 (0.8.0+real5prealpha+1-15ubuntu5) ...
2026-04-26T22:33:35.5538824Z Selecting previously unselected package libpostproc57:amd64.
2026-04-26T22:33:35.5679848Z Preparing to unpack .../073-libpostproc57_7%3a6.1.1-3ubuntu5_amd64.deb ...
2026-04-26T22:33:35.5689180Z Unpacking libpostproc57:amd64 (7:6.1.1-3ubuntu5) ...
2026-04-26T22:33:35.5960528Z Selecting previously unselected package libsamplerate0:amd64.
2026-04-26T22:33:35.6102089Z Preparing to unpack .../074-libsamplerate0_0.2.2-4build1_amd64.deb ...
2026-04-26T22:33:35.6112020Z Unpacking libsamplerate0:amd64 (0.2.2-4build1) ...
2026-04-26T22:33:35.6398749Z Selecting previously unselected package librubberband2:amd64.
2026-04-26T22:33:35.6540618Z Preparing to unpack .../075-librubberband2_3.3.0+dfsg-2build1_amd64.deb ...
2026-04-26T22:33:35.6554464Z Unpacking librubberband2:amd64 (3.3.0+dfsg-2build1) ...
2026-04-26T22:33:35.6794417Z Selecting previously unselected package libswscale7:amd64.
2026-04-26T22:33:35.6936254Z Preparing to unpack .../076-libswscale7_7%3a6.1.1-3ubuntu5_amd64.deb ...
2026-04-26T22:33:35.6946901Z Unpacking libswscale7:amd64 (7:6.1.1-3ubuntu5) ...
2026-04-26T22:33:35.7202391Z Selecting previously unselected package libvidstab1.1:amd64.
2026-04-26T22:33:35.7343453Z Preparing to unpack .../077-libvidstab1.1_1.1.0-2build1_amd64.deb ...
2026-04-26T22:33:35.7353447Z Unpacking libvidstab1.1:amd64 (1.1.0-2build1) ...
2026-04-26T22:33:35.7582245Z Selecting previously unselected package libzimg2:amd64.
2026-04-26T22:33:35.7724744Z Preparing to unpack .../078-libzimg2_3.0.5+ds1-1build1_amd64.deb ...
2026-04-26T22:33:35.7734882Z Unpacking libzimg2:amd64 (3.0.5+ds1-1build1) ...
2026-04-26T22:33:35.8004061Z Selecting previously unselected package libavfilter9:amd64.
2026-04-26T22:33:35.8142212Z Preparing to unpack .../079-libavfilter9_7%3a6.1.1-3ubuntu5_amd64.deb ...
2026-04-26T22:33:35.8151763Z Unpacking libavfilter9:amd64 (7:6.1.1-3ubuntu5) ...
2026-04-26T22:33:35.8937760Z Selecting previously unselected package liborc-0.4-0t64:amd64.
2026-04-26T22:33:35.9076711Z Preparing to unpack .../080-liborc-0.4-0t64_1%3a0.4.38-1ubuntu0.1_amd64.deb ...
2026-04-26T22:33:35.9088234Z Unpacking liborc-0.4-0t64:amd64 (1:0.4.38-1ubuntu0.1) ...
2026-04-26T22:33:35.9357129Z Selecting previously unselected package libgstreamer-plugins-base1.0-0:amd64.
2026-04-26T22:33:35.9496034Z Preparing to unpack .../081-libgstreamer-plugins-base1.0-0_1.24.2-1ubuntu0.4_amd64.deb ...
2026-04-26T22:33:35.9506518Z Unpacking libgstreamer-plugins-base1.0-0:amd64 (1.24.2-1ubuntu0.4) ...
2026-04-26T22:33:36.0001477Z Selecting previously unselected package gstreamer1.0-libav:amd64.
2026-04-26T22:33:36.0142381Z Preparing to unpack .../082-gstreamer1.0-libav_1.24.1-1build1_amd64.deb ...
2026-04-26T22:33:36.0150776Z Unpacking gstreamer1.0-libav:amd64 (1.24.1-1build1) ...
2026-04-26T22:33:36.0388171Z Selecting previously unselected package libcdparanoia0:amd64.
2026-04-26T22:33:36.0527637Z Preparing to unpack .../083-libcdparanoia0_3.10.2+debian-14build3_amd64.deb ...
2026-04-26T22:33:36.0536788Z Unpacking libcdparanoia0:amd64 (3.10.2+debian-14build3) ...
2026-04-26T22:33:36.0796739Z Selecting previously unselected package libvisual-0.4-0:amd64.
2026-04-26T22:33:36.0936832Z Preparing to unpack .../084-libvisual-0.4-0_0.4.2-2build1_amd64.deb ...
2026-04-26T22:33:36.0952338Z Unpacking libvisual-0.4-0:amd64 (0.4.2-2build1) ...
2026-04-26T22:33:36.1199944Z Selecting previously unselected package gstreamer1.0-plugins-base:amd64.
2026-04-26T22:33:36.1340992Z Preparing to unpack .../085-gstreamer1.0-plugins-base_1.24.2-1ubuntu0.4_amd64.deb ...
2026-04-26T22:33:36.1350644Z Unpacking gstreamer1.0-plugins-base:amd64 (1.24.2-1ubuntu0.4) ...
2026-04-26T22:33:36.1716825Z Selecting previously unselected package libaa1:amd64.
2026-04-26T22:33:36.1860209Z Preparing to unpack .../086-libaa1_1.4p5-51.1_amd64.deb ...
2026-04-26T22:33:36.1874548Z Unpacking libaa1:amd64 (1.4p5-51.1) ...
2026-04-26T22:33:36.2105938Z Selecting previously unselected package libraw1394-11:amd64.
2026-04-26T22:33:36.2246188Z Preparing to unpack .../087-libraw1394-11_2.1.2-2build3_amd64.deb ...
2026-04-26T22:33:36.2254769Z Unpacking libraw1394-11:amd64 (2.1.2-2build3) ...
2026-04-26T22:33:36.2507009Z Selecting previously unselected package libavc1394-0:amd64.
2026-04-26T22:33:36.2646301Z Preparing to unpack .../088-libavc1394-0_0.5.4-5build3_amd64.deb ...
2026-04-26T22:33:36.2655010Z Unpacking libavc1394-0:amd64 (0.5.4-5build3) ...
2026-04-26T22:33:36.2880111Z Selecting previously unselected package libcaca0:amd64.
2026-04-26T22:33:36.3018711Z Preparing to unpack .../089-libcaca0_0.99.beta20-4ubuntu0.1_amd64.deb ...
2026-04-26T22:33:36.3027381Z Unpacking libcaca0:amd64 (0.99.beta20-4ubuntu0.1) ...
2026-04-26T22:33:36.3292264Z Selecting previously unselected package libdv4t64:amd64.
2026-04-26T22:33:36.3434762Z Preparing to unpack .../090-libdv4t64_1.0.0-17.1build1_amd64.deb ...
2026-04-26T22:33:36.3443220Z Unpacking libdv4t64:amd64 (1.0.0-17.1build1) ...
2026-04-26T22:33:36.3688323Z Selecting previously unselected package libgstreamer-plugins-good1.0-0:amd64.
2026-04-26T22:33:36.3828120Z Preparing to unpack .../091-libgstreamer-plugins-good1.0-0_1.24.2-1ubuntu1.3_amd64.deb ...
2026-04-26T22:33:36.3838849Z Unpacking libgstreamer-plugins-good1.0-0:amd64 (1.24.2-1ubuntu1.3) ...
2026-04-26T22:33:36.4076845Z Selecting previously unselected package libiec61883-0:amd64.
2026-04-26T22:33:36.4217003Z Preparing to unpack .../092-libiec61883-0_1.2.0-6build1_amd64.deb ...
2026-04-26T22:33:36.4225912Z Unpacking libiec61883-0:amd64 (1.2.0-6build1) ...
2026-04-26T22:33:36.4460100Z Selecting previously unselected package libshout3:amd64.
2026-04-26T22:33:36.4598433Z Preparing to unpack .../093-libshout3_2.4.6-1build2_amd64.deb ...
2026-04-26T22:33:36.4607356Z Unpacking libshout3:amd64 (2.4.6-1build2) ...
2026-04-26T22:33:36.4841621Z Selecting previously unselected package libtag1v5-vanilla:amd64.
2026-04-26T22:33:36.4982061Z Preparing to unpack .../094-libtag1v5-vanilla_1.13.1-1build1_amd64.deb ...
2026-04-26T22:33:36.4991994Z Unpacking libtag1v5-vanilla:amd64 (1.13.1-1build1) ...
2026-04-26T22:33:36.5252420Z Selecting previously unselected package libtag1v5:amd64.
2026-04-26T22:33:36.5391916Z Preparing to unpack .../095-libtag1v5_1.13.1-1build1_amd64.deb ...
2026-04-26T22:33:36.5403505Z Unpacking libtag1v5:amd64 (1.13.1-1build1) ...
2026-04-26T22:33:36.5630942Z Selecting previously unselected package libv4lconvert0t64:amd64.
2026-04-26T22:33:36.5773943Z Preparing to unpack .../096-libv4lconvert0t64_1.26.1-4build3_amd64.deb ...
2026-04-26T22:33:36.5784025Z Unpacking libv4lconvert0t64:amd64 (1.26.1-4build3) ...
2026-04-26T22:33:36.6025589Z Selecting previously unselected package libv4l-0t64:amd64.
2026-04-26T22:33:36.6166866Z Preparing to unpack .../097-libv4l-0t64_1.26.1-4build3_amd64.deb ...
2026-04-26T22:33:36.6175808Z Unpacking libv4l-0t64:amd64 (1.26.1-4build3) ...
2026-04-26T22:33:36.6425731Z Selecting previously unselected package libwavpack1:amd64.
2026-04-26T22:33:36.6566913Z Preparing to unpack .../098-libwavpack1_5.6.0-1build1_amd64.deb ...
2026-04-26T22:33:36.6576125Z Unpacking libwavpack1:amd64 (5.6.0-1build1) ...
2026-04-26T22:33:36.6822684Z Selecting previously unselected package libsoup-3.0-common.
2026-04-26T22:33:36.6962945Z Preparing to unpack .../099-libsoup-3.0-common_3.4.4-5ubuntu0.7_all.deb ...
2026-04-26T22:33:36.6971311Z Unpacking libsoup-3.0-common (3.4.4-5ubuntu0.7) ...
2026-04-26T22:33:36.7201040Z Selecting previously unselected package libsoup-3.0-0:amd64.
2026-04-26T22:33:36.7342155Z Preparing to unpack .../100-libsoup-3.0-0_3.4.4-5ubuntu0.7_amd64.deb ...
2026-04-26T22:33:36.7351786Z Unpacking libsoup-3.0-0:amd64 (3.4.4-5ubuntu0.7) ...
2026-04-26T22:33:36.7600373Z Selecting previously unselected package gstreamer1.0-plugins-good:amd64.
2026-04-26T22:33:36.7738853Z Preparing to unpack .../101-gstreamer1.0-plugins-good_1.24.2-1ubuntu1.3_amd64.deb ...
2026-04-26T22:33:36.7747390Z Unpacking gstreamer1.0-plugins-good:amd64 (1.24.2-1ubuntu1.3) ...
2026-04-26T22:33:36.8332228Z Selecting previously unselected package libabsl20220623t64:amd64.
2026-04-26T22:33:36.8470925Z Preparing to unpack .../102-libabsl20220623t64_20220623.1-3.1ubuntu3.2_amd64.deb ...
2026-04-26T22:33:36.8480389Z Unpacking libabsl20220623t64:amd64 (20220623.1-3.1ubuntu3.2) ...
2026-04-26T22:33:36.8930120Z Selecting previously unselected package libgav1-1:amd64.
2026-04-26T22:33:36.9073919Z Preparing to unpack .../103-libgav1-1_0.18.0-1build3_amd64.deb ...
2026-04-26T22:33:36.9082737Z Unpacking libgav1-1:amd64 (0.18.0-1build3) ...
2026-04-26T22:33:36.9344225Z Selecting previously unselected package libyuv0:amd64.
2026-04-26T22:33:36.9483507Z Preparing to unpack .../104-libyuv0_0.0~git202401110.af6ac82-1_amd64.deb ...
2026-04-26T22:33:36.9492457Z Unpacking libyuv0:amd64 (0.0~git202401110.af6ac82-1) ...
2026-04-26T22:33:36.9740365Z Selecting previously unselected package libavif16:amd64.
2026-04-26T22:33:36.9882731Z Preparing to unpack .../105-libavif16_1.0.4-1ubuntu3_amd64.deb ...
2026-04-26T22:33:36.9894116Z Unpacking libavif16:amd64 (1.0.4-1ubuntu3) ...
2026-04-26T22:33:37.0139455Z Selecting previously unselected package libavtp0:amd64.
2026-04-26T22:33:37.0278043Z Preparing to unpack .../106-libavtp0_0.2.0-1build1_amd64.deb ...
2026-04-26T22:33:37.0288154Z Unpacking libavtp0:amd64 (0.2.0-1build1) ...
2026-04-26T22:33:37.0516925Z Selecting previously unselected package libcairo-script-interpreter2:amd64.
2026-04-26T22:33:37.0671069Z Preparing to unpack .../107-libcairo-script-interpreter2_1.18.0-3build1_amd64.deb ...
2026-04-26T22:33:37.0680810Z Unpacking libcairo-script-interpreter2:amd64 (1.18.0-3build1) ...
2026-04-26T22:33:37.0915012Z Selecting previously unselected package libdc1394-25:amd64.
2026-04-26T22:33:37.1055340Z Preparing to unpack .../108-libdc1394-25_2.2.6-4build1_amd64.deb ...
2026-04-26T22:33:37.1067912Z Unpacking libdc1394-25:amd64 (2.2.6-4build1) ...
2026-04-26T22:33:37.1307811Z Selecting previously unselected package libdecor-0-0:amd64.
2026-04-26T22:33:37.1450007Z Preparing to unpack .../109-libdecor-0-0_0.2.2-1build2_amd64.deb ...
2026-04-26T22:33:37.1459767Z Unpacking libdecor-0-0:amd64 (0.2.2-1build2) ...
2026-04-26T22:33:37.1691642Z Selecting previously unselected package libgles2:amd64.
2026-04-26T22:33:37.1834763Z Preparing to unpack .../110-libgles2_1.7.0-1build1_amd64.deb ...
2026-04-26T22:33:37.1844555Z Unpacking libgles2:amd64 (1.7.0-1build1) ...
2026-04-26T22:33:37.2075501Z Selecting previously unselected package libdirectfb-1.7-7t64:amd64.
2026-04-26T22:33:37.2216360Z Preparing to unpack .../111-libdirectfb-1.7-7t64_1.7.7-11.1ubuntu2_amd64.deb ...
2026-04-26T22:33:37.2225348Z Unpacking libdirectfb-1.7-7t64:amd64 (1.7.7-11.1ubuntu2) ...
2026-04-26T22:33:37.2652225Z Selecting previously unselected package libdvdread8t64:amd64.
2026-04-26T22:33:37.2793448Z Preparing to unpack .../112-libdvdread8t64_6.1.3-1.1build1_amd64.deb ...
2026-04-26T22:33:37.2801506Z Unpacking libdvdread8t64:amd64 (6.1.3-1.1build1) ...
2026-04-26T22:33:37.3038139Z Selecting previously unselected package libdvdnav4:amd64.
2026-04-26T22:33:37.3179335Z Preparing to unpack .../113-libdvdnav4_6.1.1-3build1_amd64.deb ...
2026-04-26T22:33:37.3187806Z Unpacking libdvdnav4:amd64 (6.1.1-3build1) ...
2026-04-26T22:33:37.3420838Z Selecting previously unselected package libegl-mesa0:amd64.
2026-04-26T22:33:37.3562485Z Preparing to unpack .../114-libegl-mesa0_25.2.8-0ubuntu0.24.04.1_amd64.deb ...
2026-04-26T22:33:37.3571627Z Unpacking libegl-mesa0:amd64 (25.2.8-0ubuntu0.24.04.1) ...
2026-04-26T22:33:37.3829114Z Selecting previously unselected package libevent-2.1-7t64:amd64.
2026-04-26T22:33:37.3970977Z Preparing to unpack .../115-libevent-2.1-7t64_2.1.12-stable-9ubuntu2_amd64.deb ...
2026-04-26T22:33:37.3980188Z Unpacking libevent-2.1-7t64:amd64 (2.1.12-stable-9ubuntu2) ...
2026-04-26T22:33:37.4228667Z Selecting previously unselected package libfaad2:amd64.
2026-04-26T22:33:37.4373896Z Preparing to unpack .../116-libfaad2_2.11.1-1build1_amd64.deb ...
2026-04-26T22:33:37.4386434Z Unpacking libfaad2:amd64 (2.11.1-1build1) ...
2026-04-26T22:33:37.4673929Z Selecting previously unselected package libinstpatch-1.0-2:amd64.
2026-04-26T22:33:37.4815818Z Preparing to unpack .../117-libinstpatch-1.0-2_1.1.6-1build2_amd64.deb ...
2026-04-26T22:33:37.4825436Z Unpacking libinstpatch-1.0-2:amd64 (1.1.6-1build2) ...
2026-04-26T22:33:37.5081953Z Selecting previously unselected package libjack-jackd2-0:amd64.
2026-04-26T22:33:37.5224777Z Preparing to unpack .../118-libjack-jackd2-0_1.9.21~dfsg-3ubuntu3_amd64.deb ...
2026-04-26T22:33:37.5234272Z Unpacking libjack-jackd2-0:amd64 (1.9.21~dfsg-3ubuntu3) ...
2026-04-26T22:33:37.5514502Z Selecting previously unselected package libwebrtc-audio-processing1:amd64.
2026-04-26T22:33:37.5657692Z Preparing to unpack .../119-libwebrtc-audio-processing1_0.3.1-0ubuntu6_amd64.deb ...
2026-04-26T22:33:37.5667499Z Unpacking libwebrtc-audio-processing1:amd64 (0.3.1-0ubuntu6) ...
2026-04-26T22:33:37.5913970Z Selecting previously unselected package libspa-0.2-modules:amd64.
2026-04-26T22:33:37.6053828Z Preparing to unpack .../120-libspa-0.2-modules_1.0.5-1ubuntu3.2_amd64.deb ...
2026-04-26T22:33:37.6062401Z Unpacking libspa-0.2-modules:amd64 (1.0.5-1ubuntu3.2) ...
2026-04-26T22:33:37.6398797Z Selecting previously unselected package libpipewire-0.3-0t64:amd64.
2026-04-26T22:33:37.6541144Z Preparing to unpack .../121-libpipewire-0.3-0t64_1.0.5-1ubuntu3.2_amd64.deb ...
2026-04-26T22:33:37.6550273Z Unpacking libpipewire-0.3-0t64:amd64 (1.0.5-1ubuntu3.2) ...
2026-04-26T22:33:37.6821432Z Selecting previously unselected package libsdl2-2.0-0:amd64.
2026-04-26T22:33:37.6958926Z Preparing to unpack .../122-libsdl2-2.0-0_2.30.0+dfsg-1ubuntu3.1_amd64.deb ...
2026-04-26T22:33:37.6967392Z Unpacking libsdl2-2.0-0:amd64 (2.30.0+dfsg-1ubuntu3.1) ...
2026-04-26T22:33:37.7267240Z Selecting previously unselected package timgm6mb-soundfont.
2026-04-26T22:33:37.7404170Z Preparing to unpack .../123-timgm6mb-soundfont_1.3-5_all.deb ...
2026-04-26T22:33:37.7412845Z Unpacking timgm6mb-soundfont (1.3-5) ...
2026-04-26T22:33:38.0838684Z Selecting previously unselected package libfluidsynth3:amd64.
2026-04-26T22:33:38.0979399Z Preparing to unpack .../124-libfluidsynth3_2.3.4-1build3_amd64.deb ...
2026-04-26T22:33:38.0989148Z Unpacking libfluidsynth3:amd64 (2.3.4-1build3) ...
2026-04-26T22:33:38.1243433Z Selecting previously unselected package libfreeaptx0:amd64.
2026-04-26T22:33:38.1384662Z Preparing to unpack .../125-libfreeaptx0_0.1.1-2build1_amd64.deb ...
2026-04-26T22:33:38.1394137Z Unpacking libfreeaptx0:amd64 (0.1.1-2build1) ...
2026-04-26T22:33:38.1621450Z Selecting previously unselected package libgraphene-1.0-0:amd64.
2026-04-26T22:33:38.1764727Z Preparing to unpack .../126-libgraphene-1.0-0_1.10.8-3build2_amd64.deb ...
2026-04-26T22:33:38.1773485Z Unpacking libgraphene-1.0-0:amd64 (1.10.8-3build2) ...
2026-04-26T22:33:38.2009894Z Selecting previously unselected package libgssdp-1.6-0:amd64.
2026-04-26T22:33:38.2153987Z Preparing to unpack .../127-libgssdp-1.6-0_1.6.3-1build3_amd64.deb ...
2026-04-26T22:33:38.2162950Z Unpacking libgssdp-1.6-0:amd64 (1.6.3-1build3) ...
2026-04-26T22:33:38.2431247Z Selecting previously unselected package libegl1:amd64.
2026-04-26T22:33:38.2572506Z Preparing to unpack .../128-libegl1_1.7.0-1build1_amd64.deb ...
2026-04-26T22:33:38.2581476Z Unpacking libegl1:amd64 (1.7.0-1build1) ...
2026-04-26T22:33:38.2813136Z Selecting previously unselected package libgstreamer-gl1.0-0:amd64.
2026-04-26T22:33:38.2953303Z Preparing to unpack .../129-libgstreamer-gl1.0-0_1.24.2-1ubuntu0.4_amd64.deb ...
2026-04-26T22:33:38.2962739Z Unpacking libgstreamer-gl1.0-0:amd64 (1.24.2-1ubuntu0.4) ...
2026-04-26T22:33:38.3210058Z Selecting previously unselected package libgtk-4-common.
2026-04-26T22:33:38.3349152Z Preparing to unpack .../130-libgtk-4-common_4.14.5+ds-0ubuntu0.10_all.deb ...
2026-04-26T22:33:38.3358445Z Unpacking libgtk-4-common (4.14.5+ds-0ubuntu0.10) ...
2026-04-26T22:33:38.3865512Z Selecting previously unselected package libgtk-4-1:amd64.
2026-04-26T22:33:38.4005763Z Preparing to unpack .../131-libgtk-4-1_4.14.5+ds-0ubuntu0.10_amd64.deb ...
2026-04-26T22:33:38.4017509Z Unpacking libgtk-4-1:amd64 (4.14.5+ds-0ubuntu0.10) ...
2026-04-26T22:33:38.4706225Z Selecting previously unselected package libgupnp-1.6-0:amd64.
2026-04-26T22:33:38.4850220Z Preparing to unpack .../132-libgupnp-1.6-0_1.6.6-1build3_amd64.deb ...
2026-04-26T22:33:38.4859832Z Unpacking libgupnp-1.6-0:amd64 (1.6.6-1build3) ...
2026-04-26T22:33:38.5112547Z Selecting previously unselected package libgupnp-igd-1.6-0:amd64.
2026-04-26T22:33:38.5256565Z Preparing to unpack .../133-libgupnp-igd-1.6-0_1.6.0-3build3_amd64.deb ...
2026-04-26T22:33:38.5267067Z Unpacking libgupnp-igd-1.6-0:amd64 (1.6.0-3build3) ...
2026-04-26T22:33:38.5498206Z Selecting previously unselected package libharfbuzz-icu0:amd64.
2026-04-26T22:33:38.5641933Z Preparing to unpack .../134-libharfbuzz-icu0_8.3.0-2build2_amd64.deb ...
2026-04-26T22:33:38.5652574Z Unpacking libharfbuzz-icu0:amd64 (8.3.0-2build2) ...
2026-04-26T22:33:38.5881799Z Selecting previously unselected package libhyphen0:amd64.
2026-04-26T22:33:38.6024286Z Preparing to unpack .../135-libhyphen0_2.8.8-7build3_amd64.deb ...
2026-04-26T22:33:38.6032294Z Unpacking libhyphen0:amd64 (2.8.8-7build3) ...
2026-04-26T22:33:38.6258125Z Selecting previously unselected package libimath-3-1-29t64:amd64.
2026-04-26T22:33:38.6397833Z Preparing to unpack .../136-libimath-3-1-29t64_3.1.9-3.1ubuntu2_amd64.deb ...
2026-04-26T22:33:38.6407109Z Unpacking libimath-3-1-29t64:amd64 (3.1.9-3.1ubuntu2) ...
2026-04-26T22:33:38.6659059Z Selecting previously unselected package liblc3-1:amd64.
2026-04-26T22:33:38.6801443Z Preparing to unpack .../137-liblc3-1_1.0.4-3build1_amd64.deb ...
2026-04-26T22:33:38.6810708Z Unpacking liblc3-1:amd64 (1.0.4-3build1) ...
2026-04-26T22:33:38.7048710Z Selecting previously unselected package libldacbt-enc2:amd64.
2026-04-26T22:33:38.7192488Z Preparing to unpack .../138-libldacbt-enc2_2.0.2.3+git20200429+ed310a0-4ubuntu2_amd64.deb ...
2026-04-26T22:33:38.7202379Z Unpacking libldacbt-enc2:amd64 (2.0.2.3+git20200429+ed310a0-4ubuntu2) ...
2026-04-26T22:33:38.7436666Z Selecting previously unselected package libraptor2-0:amd64.
2026-04-26T22:33:38.7578289Z Preparing to unpack .../139-libraptor2-0_2.0.16-3ubuntu0.1_amd64.deb ...
2026-04-26T22:33:38.7588209Z Unpacking libraptor2-0:amd64 (2.0.16-3ubuntu0.1) ...
2026-04-26T22:33:38.7843551Z Selecting previously unselected package liblrdf0:amd64.
2026-04-26T22:33:38.7983199Z Preparing to unpack .../140-liblrdf0_0.6.1-4build1_amd64.deb ...
2026-04-26T22:33:38.7993118Z Unpacking liblrdf0:amd64 (0.6.1-4build1) ...
2026-04-26T22:33:38.8230405Z Selecting previously unselected package libltc11:amd64.
2026-04-26T22:33:38.8369334Z Preparing to unpack .../141-libltc11_1.3.2-1build1_amd64.deb ...
2026-04-26T22:33:38.8378477Z Unpacking libltc11:amd64 (1.3.2-1build1) ...
2026-04-26T22:33:38.8605650Z Selecting previously unselected package libmanette-0.2-0:amd64.
2026-04-26T22:33:38.8748182Z Preparing to unpack .../142-libmanette-0.2-0_0.2.7-1build2_amd64.deb ...
2026-04-26T22:33:38.8756624Z Unpacking libmanette-0.2-0:amd64 (0.2.7-1build2) ...
2026-04-26T22:33:38.9020440Z Selecting previously unselected package libmfx1:amd64.
2026-04-26T22:33:38.9162279Z Preparing to unpack .../143-libmfx1_22.5.4-1_amd64.deb ...
2026-04-26T22:33:38.9172034Z Unpacking libmfx1:amd64 (22.5.4-1) ...
2026-04-26T22:33:39.0191502Z Selecting previously unselected package libmjpegutils-2.1-0t64:amd64.
2026-04-26T22:33:39.0330930Z Preparing to unpack .../144-libmjpegutils-2.1-0t64_1%3a2.1.0+debian-8.1build1_amd64.deb ...
2026-04-26T22:33:39.0340068Z Unpacking libmjpegutils-2.1-0t64:amd64 (1:2.1.0+debian-8.1build1) ...
2026-04-26T22:33:39.0569631Z Selecting previously unselected package libmodplug1:amd64.
2026-04-26T22:33:39.0711858Z Preparing to unpack .../145-libmodplug1_1%3a0.8.9.0-3build1_amd64.deb ...
2026-04-26T22:33:39.0721138Z Unpacking libmodplug1:amd64 (1:0.8.9.0-3build1) ...
2026-04-26T22:33:39.0967245Z Selecting previously unselected package libmpcdec6:amd64.
2026-04-26T22:33:39.1112257Z Preparing to unpack .../146-libmpcdec6_2%3a0.1~r495-2build1_amd64.deb ...
2026-04-26T22:33:39.1122420Z Unpacking libmpcdec6:amd64 (2:0.1~r495-2build1) ...
2026-04-26T22:33:39.1354024Z Selecting previously unselected package libmpeg2encpp-2.1-0t64:amd64.
2026-04-26T22:33:39.1496007Z Preparing to unpack .../147-libmpeg2encpp-2.1-0t64_1%3a2.1.0+debian-8.1build1_amd64.deb ...
2026-04-26T22:33:39.1506212Z Unpacking libmpeg2encpp-2.1-0t64:amd64 (1:2.1.0+debian-8.1build1) ...
2026-04-26T22:33:39.1747841Z Selecting previously unselected package libmplex2-2.1-0t64:amd64.
2026-04-26T22:33:39.1890925Z Preparing to unpack .../148-libmplex2-2.1-0t64_1%3a2.1.0+debian-8.1build1_amd64.deb ...
2026-04-26T22:33:39.1902506Z Unpacking libmplex2-2.1-0t64:amd64 (1:2.1.0+debian-8.1build1) ...
2026-04-26T22:33:39.2137370Z Selecting previously unselected package libneon27t64:amd64.
2026-04-26T22:33:39.2278546Z Preparing to unpack .../149-libneon27t64_0.33.0-1.1build3_amd64.deb ...
2026-04-26T22:33:39.2287458Z Unpacking libneon27t64:amd64 (0.33.0-1.1build3) ...
2026-04-26T22:33:39.2538003Z Selecting previously unselected package libnice10:amd64.
2026-04-26T22:33:39.2679718Z Preparing to unpack .../150-libnice10_0.1.21-2build3_amd64.deb ...
2026-04-26T22:33:39.2690798Z Unpacking libnice10:amd64 (0.1.21-2build3) ...
2026-04-26T22:33:39.2934136Z Selecting previously unselected package libopenal-data.
2026-04-26T22:33:39.3079315Z Preparing to unpack .../151-libopenal-data_1%3a1.23.1-4build1_all.deb ...
2026-04-26T22:33:39.3088782Z Unpacking libopenal-data (1:1.23.1-4build1) ...
2026-04-26T22:33:39.3354404Z Selecting previously unselected package libopenexr-3-1-30:amd64.
2026-04-26T22:33:39.3496063Z Preparing to unpack .../152-libopenexr-3-1-30_3.1.5-5.1build3_amd64.deb ...
2026-04-26T22:33:39.3505231Z Unpacking libopenexr-3-1-30:amd64 (3.1.5-5.1build3) ...
2026-04-26T22:33:39.3891279Z Selecting previously unselected package libopenh264-7:amd64.
2026-04-26T22:33:39.4034682Z Preparing to unpack .../153-libopenh264-7_2.4.1+dfsg-1_amd64.deb ...
2026-04-26T22:33:39.4045994Z Unpacking libopenh264-7:amd64 (2.4.1+dfsg-1) ...
2026-04-26T22:33:39.4325603Z Selecting previously unselected package libopenni2-0:amd64.
2026-04-26T22:33:39.4466627Z Preparing to unpack .../154-libopenni2-0_2.2.0.33+dfsg-18_amd64.deb ...
2026-04-26T22:33:39.4503176Z Unpacking libopenni2-0:amd64 (2.2.0.33+dfsg-18) ...
2026-04-26T22:33:39.4800126Z Selecting previously unselected package libqrencode4:amd64.
2026-04-26T22:33:39.4939677Z Preparing to unpack .../155-libqrencode4_4.1.1-1build2_amd64.deb ...
2026-04-26T22:33:39.4949625Z Unpacking libqrencode4:amd64 (4.1.1-1build2) ...
2026-04-26T22:33:39.5166703Z Selecting previously unselected package libsecret-common.
2026-04-26T22:33:39.5306016Z Preparing to unpack .../156-libsecret-common_0.21.4-1build3_all.deb ...
2026-04-26T22:33:39.5315031Z Unpacking libsecret-common (0.21.4-1build3) ...
2026-04-26T22:33:39.5540314Z Selecting previously unselected package libsecret-1-0:amd64.
2026-04-26T22:33:39.5684599Z Preparing to unpack .../157-libsecret-1-0_0.21.4-1build3_amd64.deb ...
2026-04-26T22:33:39.5696519Z Unpacking libsecret-1-0:amd64 (0.21.4-1build3) ...
2026-04-26T22:33:39.5949920Z Selecting previously unselected package libsndio7.0:amd64.
2026-04-26T22:33:39.6092993Z Preparing to unpack .../158-libsndio7.0_1.9.0-0.3build3_amd64.deb ...
2026-04-26T22:33:39.6101163Z Unpacking libsndio7.0:amd64 (1.9.0-0.3build3) ...
2026-04-26T22:33:39.6324345Z Selecting previously unselected package libsoundtouch1:amd64.
2026-04-26T22:33:39.6465609Z Preparing to unpack .../159-libsoundtouch1_2.3.2+ds1-1build1_amd64.deb ...
2026-04-26T22:33:39.6476772Z Unpacking libsoundtouch1:amd64 (2.3.2+ds1-1build1) ...
2026-04-26T22:33:39.6739794Z Selecting previously unselected package libspandsp2t64:amd64.
2026-04-26T22:33:39.6881974Z Preparing to unpack .../160-libspandsp2t64_0.0.6+dfsg-2.1build1_amd64.deb ...
2026-04-26T22:33:39.6891108Z Unpacking libspandsp2t64:amd64 (0.0.6+dfsg-2.1build1) ...
2026-04-26T22:33:39.7153389Z Selecting previously unselected package libsrtp2-1:amd64.
2026-04-26T22:33:39.7295441Z Preparing to unpack .../161-libsrtp2-1_2.5.0-3build1_amd64.deb ...
2026-04-26T22:33:39.7306734Z Unpacking libsrtp2-1:amd64 (2.5.0-3build1) ...
2026-04-26T22:33:39.7534898Z Selecting previously unselected package libwayland-server0:amd64.
2026-04-26T22:33:39.7678273Z Preparing to unpack .../162-libwayland-server0_1.22.0-2.1build1_amd64.deb ...
2026-04-26T22:33:39.7690224Z Unpacking libwayland-server0:amd64 (1.22.0-2.1build1) ...
2026-04-26T22:33:39.7925604Z Selecting previously unselected package libwildmidi2:amd64.
2026-04-26T22:33:39.8068446Z Preparing to unpack .../163-libwildmidi2_0.4.3-1build3_amd64.deb ...
2026-04-26T22:33:39.8076646Z Unpacking libwildmidi2:amd64 (0.4.3-1build3) ...
2026-04-26T22:33:39.8311271Z Selecting previously unselected package libwoff1:amd64.
2026-04-26T22:33:39.8449776Z Preparing to unpack .../164-libwoff1_1.0.2-2build1_amd64.deb ...
2026-04-26T22:33:39.8458801Z Unpacking libwoff1:amd64 (1.0.2-2build1) ...
2026-04-26T22:33:39.8847502Z Selecting previously unselected package libxcb-xkb1:amd64.
2026-04-26T22:33:39.8986812Z Preparing to unpack .../165-libxcb-xkb1_1.15-1ubuntu2_amd64.deb ...
2026-04-26T22:33:39.8996034Z Unpacking libxcb-xkb1:amd64 (1.15-1ubuntu2) ...
2026-04-26T22:33:39.9224795Z Selecting previously unselected package libxkbcommon-x11-0:amd64.
2026-04-26T22:33:39.9364332Z Preparing to unpack .../166-libxkbcommon-x11-0_1.6.0-1build1_amd64.deb ...
2026-04-26T22:33:39.9375633Z Unpacking libxkbcommon-x11-0:amd64 (1.6.0-1build1) ...
2026-04-26T22:33:39.9602462Z Selecting previously unselected package libzbar0t64:amd64.
2026-04-26T22:33:39.9740856Z Preparing to unpack .../167-libzbar0t64_0.23.93-4build3_amd64.deb ...
2026-04-26T22:33:39.9749834Z Unpacking libzbar0t64:amd64 (0.23.93-4build3) ...
2026-04-26T22:33:40.0015868Z Selecting previously unselected package libzxing3:amd64.
2026-04-26T22:33:40.0184392Z Preparing to unpack .../168-libzxing3_2.2.1-3_amd64.deb ...
2026-04-26T22:33:40.0194267Z Unpacking libzxing3:amd64 (2.2.1-3) ...
2026-04-26T22:33:40.0462069Z Selecting previously unselected package xfonts-encodings.
2026-04-26T22:33:40.0605434Z Preparing to unpack .../169-xfonts-encodings_1%3a1.0.5-0ubuntu2_all.deb ...
2026-04-26T22:33:40.0615271Z Unpacking xfonts-encodings (1:1.0.5-0ubuntu2) ...
2026-04-26T22:33:40.0940730Z Selecting previously unselected package xfonts-utils.
2026-04-26T22:33:40.1086518Z Preparing to unpack .../170-xfonts-utils_1%3a7.7+6build3_amd64.deb ...
2026-04-26T22:33:40.1095780Z Unpacking xfonts-utils (1:7.7+6build3) ...
2026-04-26T22:33:40.1841187Z Selecting previously unselected package xfonts-cyrillic.
2026-04-26T22:33:40.1985151Z Preparing to unpack .../171-xfonts-cyrillic_1%3a1.0.5+nmu1_all.deb ...
2026-04-26T22:33:40.1994120Z Unpacking xfonts-cyrillic (1:1.0.5+nmu1) ...
2026-04-26T22:33:40.2358977Z Selecting previously unselected package xfonts-scalable.
2026-04-26T22:33:40.2502478Z Preparing to unpack .../172-xfonts-scalable_1%3a1.0.3-1.3_all.deb ...
2026-04-26T22:33:40.2510817Z Unpacking xfonts-scalable (1:1.0.3-1.3) ...
2026-04-26T22:33:40.2780932Z Selecting previously unselected package libgstreamer-plugins-bad1.0-0:amd64.
2026-04-26T22:33:40.2923918Z Preparing to unpack .../173-libgstreamer-plugins-bad1.0-0_1.24.2-1ubuntu4_amd64.deb ...
2026-04-26T22:33:40.2932499Z Unpacking libgstreamer-plugins-bad1.0-0:amd64 (1.24.2-1ubuntu4) ...
2026-04-26T22:33:40.3359113Z Selecting previously unselected package libdca0:amd64.
2026-04-26T22:33:40.3498622Z Preparing to unpack .../174-libdca0_0.0.7-2build1_amd64.deb ...
2026-04-26T22:33:40.3507061Z Unpacking libdca0:amd64 (0.0.7-2build1) ...
2026-04-26T22:33:40.3741051Z Selecting previously unselected package libopenal1:amd64.
2026-04-26T22:33:40.3879831Z Preparing to unpack .../175-libopenal1_1%3a1.23.1-4build1_amd64.deb ...
2026-04-26T22:33:40.3890034Z Unpacking libopenal1:amd64 (1:1.23.1-4build1) ...
2026-04-26T22:33:40.4165228Z Selecting previously unselected package libsbc1:amd64.
2026-04-26T22:33:40.4304709Z Preparing to unpack .../176-libsbc1_2.0-1build1_amd64.deb ...
2026-04-26T22:33:40.4315612Z Unpacking libsbc1:amd64 (2.0-1build1) ...
2026-04-26T22:33:40.4552286Z Selecting previously unselected package libvo-aacenc0:amd64.
2026-04-26T22:33:40.4681601Z Preparing to unpack .../177-libvo-aacenc0_0.1.3-2build1_amd64.deb ...
2026-04-26T22:33:40.4690663Z Unpacking libvo-aacenc0:amd64 (0.1.3-2build1) ...
2026-04-26T22:33:40.4926891Z Selecting previously unselected package libvo-amrwbenc0:amd64.
2026-04-26T22:33:40.5068278Z Preparing to unpack .../178-libvo-amrwbenc0_0.1.3-2build1_amd64.deb ...
2026-04-26T22:33:40.5076741Z Unpacking libvo-amrwbenc0:amd64 (0.1.3-2build1) ...
2026-04-26T22:33:40.5306171Z Selecting previously unselected package gstreamer1.0-plugins-bad:amd64.
2026-04-26T22:33:40.5450649Z Preparing to unpack .../179-gstreamer1.0-plugins-bad_1.24.2-1ubuntu4_amd64.deb ...
2026-04-26T22:33:40.5461082Z Unpacking gstreamer1.0-plugins-bad:amd64 (1.24.2-1ubuntu4) ...
2026-04-26T22:33:40.7426286Z Setting up libgme0:amd64 (0.6.3-7build1) ...
2026-04-26T22:33:40.7455065Z Setting up libchromaprint1:amd64 (1.5.1-5) ...
2026-04-26T22:33:40.7474824Z Setting up libssh-gcrypt-4:amd64 (0.10.6-2ubuntu0.4) ...
2026-04-26T22:33:40.7503929Z Setting up libhwy1t64:amd64 (1.0.7-8.1build1) ...
2026-04-26T22:33:40.7524211Z Setting up libcairo-script-interpreter2:amd64 (1.18.0-3build1) ...
2026-04-26T22:33:40.7546227Z Setting up libfreeaptx0:amd64 (0.1.1-2build1) ...
2026-04-26T22:33:40.7566542Z Setting up libdvdread8t64:amd64 (6.1.3-1.1build1) ...
2026-04-26T22:33:40.7587547Z Setting up libudfread0:amd64 (1.1.2-1build1) ...
2026-04-26T22:33:40.7611641Z Setting up libmodplug1:amd64 (1:0.8.9.0-3build1) ...
2026-04-26T22:33:40.7629888Z Setting up libcdparanoia0:amd64 (3.10.2+debian-14build3) ...
2026-04-26T22:33:40.7667525Z Setting up libwayland-server0:amd64 (1.22.0-2.1build1) ...
2026-04-26T22:33:40.7690020Z Setting up libvo-amrwbenc0:amd64 (0.1.3-2build1) ...
2026-04-26T22:33:40.7710329Z Setting up session-migration (0.3.9build1) ...
2026-04-26T22:33:40.9020554Z Created symlink /etc/systemd/user/graphical-session-pre.target.wants/session-migration.service → /usr/lib/systemd/user/session-migration.service.
2026-04-26T22:33:40.9021225Z 
2026-04-26T22:33:40.9053291Z Setting up libraw1394-11:amd64 (2.1.2-2build3) ...
2026-04-26T22:33:40.9075787Z Setting up libsbc1:amd64 (2.0-1build1) ...
2026-04-26T22:33:40.9095606Z Setting up libproxy1v5:amd64 (0.5.4-4build1) ...
2026-04-26T22:33:40.9117754Z Setting up libneon27t64:amd64 (0.33.0-1.1build3) ...
2026-04-26T22:33:40.9138248Z Setting up libtag1v5-vanilla:amd64 (1.13.1-1build1) ...
2026-04-26T22:33:40.9162050Z Setting up libharfbuzz-icu0:amd64 (8.3.0-2build2) ...
2026-04-26T22:33:40.9186595Z Setting up libopenni2-0:amd64 (2.2.0.33+dfsg-18) ...
2026-04-26T22:33:40.9366009Z Setting up libspeex1:amd64 (1.2.1-2ubuntu2.24.04.1) ...
2026-04-26T22:33:40.9389386Z Setting up libshine3:amd64 (3.1.1-2build1) ...
2026-04-26T22:33:40.9412468Z Setting up libcaca0:amd64 (0.99.beta20-4ubuntu0.1) ...
2026-04-26T22:33:40.9433982Z Setting up libvpl2 (2023.3.0-1build1) ...
2026-04-26T22:33:40.9457928Z Setting up libv4lconvert0t64:amd64 (1.26.1-4build3) ...
2026-04-26T22:33:40.9481518Z Setting up libx264-164:amd64 (2:0.164.3108+git31e19f9-1) ...
2026-04-26T22:33:40.9502746Z Setting up libtwolame0:amd64 (0.4.0-2build3) ...
2026-04-26T22:33:40.9536905Z Setting up libmbedcrypto7t64:amd64 (2.28.8-1) ...
2026-04-26T22:33:40.9566831Z Setting up libwoff1:amd64 (1.0.2-2build1) ...
2026-04-26T22:33:40.9590121Z Setting up liblc3-1:amd64 (1.0.4-3build1) ...
2026-04-26T22:33:40.9612672Z Setting up libqrencode4:amd64 (4.1.1-1build2) ...
2026-04-26T22:33:40.9636542Z Setting up libhyphen0:amd64 (2.8.8-7build3) ...
2026-04-26T22:33:40.9658811Z Setting up libgsm1:amd64 (1.0.22-1build1) ...
2026-04-26T22:33:40.9684473Z Setting up libvisual-0.4-0:amd64 (0.4.2-2build1) ...
2026-04-26T22:33:40.9706978Z Setting up libsoxr0:amd64 (0.1.3-4build3) ...
2026-04-26T22:33:40.9730805Z Setting up libzix-0-0:amd64 (0.4.2-2build1) ...
2026-04-26T22:33:40.9754761Z Setting up libcodec2-1.2:amd64 (1.2.0-2build1) ...
2026-04-26T22:33:40.9777073Z Setting up libmanette-0.2-0:amd64 (0.2.7-1build2) ...
2026-04-26T22:33:40.9799618Z Setting up libsrtp2-1:amd64 (2.5.0-3build1) ...
2026-04-26T22:33:40.9825122Z Setting up libmysofa1:amd64 (1.3.2+dfsg-2ubuntu2) ...
2026-04-26T22:33:40.9867444Z Setting up libraptor2-0:amd64 (2.0.16-3ubuntu0.1) ...
2026-04-26T22:33:40.9892625Z Setting up libldacbt-enc2:amd64 (2.0.2.3+git20200429+ed310a0-4ubuntu2) ...
2026-04-26T22:33:40.9915962Z Setting up fonts-wqy-zenhei (0.9.45-8) ...
2026-04-26T22:33:41.0046528Z Setting up libwebrtc-audio-processing1:amd64 (0.3.1-0ubuntu6) ...
2026-04-26T22:33:41.0070526Z Setting up fonts-freefont-ttf (20211204+svn4273-2) ...
2026-04-26T22:33:41.0093764Z Setting up libevent-2.1-7t64:amd64 (2.1.12-stable-9ubuntu2) ...
2026-04-26T22:33:41.0120344Z Setting up libsvtav1enc1d1:amd64 (1.7.0+dfsg-2build1) ...
2026-04-26T22:33:41.0143117Z Setting up libsoup-3.0-common (3.4.4-5ubuntu0.7) ...
2026-04-26T22:33:41.0167195Z Setting up libmpg123-0t64:amd64 (1.32.5-1ubuntu1.1) ...
2026-04-26T22:33:41.0193310Z Setting up libcjson1:amd64 (1.7.17-1) ...
2026-04-26T22:33:41.0217603Z Setting up libxvidcore4:amd64 (2:1.3.7-1build1) ...
2026-04-26T22:33:41.0246714Z Setting up libmpcdec6:amd64 (2:0.1~r495-2build1) ...
2026-04-26T22:33:41.0272160Z Setting up libmjpegutils-2.1-0t64:amd64 (1:2.1.0+debian-8.1build1) ...
2026-04-26T22:33:41.0293377Z Setting up librav1e0:amd64 (0.7.1-2) ...
2026-04-26T22:33:41.0320313Z Setting up liborc-0.4-0t64:amd64 (1:0.4.38-1ubuntu0.1) ...
2026-04-26T22:33:41.0344416Z Setting up libxcb-xkb1:amd64 (1.15-1ubuntu2) ...
2026-04-26T22:33:41.0369133Z Setting up libvo-aacenc0:amd64 (0.1.3-2build1) ...
2026-04-26T22:33:41.0396985Z Setting up librist4:amd64 (0.2.10+dfsg-2) ...
2026-04-26T22:33:41.0420277Z Setting up librsvg2-2:amd64 (2.58.0+dfsg-1build1) ...
2026-04-26T22:33:41.0442684Z Setting up libblas3:amd64 (3.12.0-3build1.1) ...
2026-04-26T22:33:41.0511483Z update-alternatives: using /usr/lib/x86_64-linux-gnu/blas/libblas.so.3 to provide /usr/lib/x86_64-linux-gnu/libblas.so.3 (libblas.so.3-x86_64-linux-gnu) in auto mode
2026-04-26T22:33:41.0529604Z Setting up libegl-mesa0:amd64 (25.2.8-0ubuntu0.24.04.1) ...
2026-04-26T22:33:41.0550572Z Setting up libsoundtouch1:amd64 (2.3.2+ds1-1build1) ...
2026-04-26T22:33:41.0574467Z Setting up libplacebo338:amd64 (6.338.2-2build1) ...
2026-04-26T22:33:41.0596061Z Setting up libgles2:amd64 (1.7.0-1build1) ...
2026-04-26T22:33:41.0627265Z Setting up fonts-tlwg-loma-otf (1:0.7.3-1) ...
2026-04-26T22:33:41.0656776Z Setting up libva2:amd64 (2.20.0-2ubuntu0.1) ...
2026-04-26T22:33:41.0681569Z Setting up libspa-0.2-modules:amd64 (1.0.5-1ubuntu3.2) ...
2026-04-26T22:33:41.0705377Z Setting up libzxing3:amd64 (2.2.1-3) ...
2026-04-26T22:33:41.0729102Z Setting up xfonts-encodings (1:1.0.5-0ubuntu2) ...
2026-04-26T22:33:41.0751094Z Setting up libopus0:amd64 (1.4-1build1) ...
2026-04-26T22:33:41.0781577Z Setting up libfaad2:amd64 (2.11.1-1build1) ...
2026-04-26T22:33:41.0806727Z Setting up libxkbcommon-x11-0:amd64 (1.6.0-1build1) ...
2026-04-26T22:33:41.0831460Z Setting up libdc1394-25:amd64 (2.2.6-4build1) ...
2026-04-26T22:33:41.0861068Z Setting up libimath-3-1-29t64:amd64 (3.1.9-3.1ubuntu2) ...
2026-04-26T22:33:41.0891390Z Setting up libunibreak5:amd64 (5.1-2build1) ...
2026-04-26T22:33:41.0913354Z Setting up libdv4t64:amd64 (1.0.0-17.1build1) ...
2026-04-26T22:33:41.0966597Z Setting up libjxl0.7:amd64 (0.7.0-10.2ubuntu6.1) ...
2026-04-26T22:33:41.0991714Z Setting up libopenh264-7:amd64 (2.4.1+dfsg-1) ...
2026-04-26T22:33:41.1013297Z Setting up libltc11:amd64 (1.3.2-1build1) ...
2026-04-26T22:33:41.1038513Z Setting up libx265-199:amd64 (3.5-2build1) ...
2026-04-26T22:33:41.1060528Z Setting up libv4l-0t64:amd64 (1.26.1-4build3) ...
2026-04-26T22:33:41.1081792Z Setting up libavtp0:amd64 (0.2.0-1build1) ...
2026-04-26T22:33:41.1107529Z Setting up libsndio7.0:amd64 (1.9.0-0.3build3) ...
2026-04-26T22:33:41.1240821Z Setting up libdirectfb-1.7-7t64:amd64 (1.7.7-11.1ubuntu2) ...
2026-04-26T22:33:41.1265105Z Setting up libspandsp2t64:amd64 (0.0.6+dfsg-2.1build1) ...
2026-04-26T22:33:41.1288137Z Setting up libvidstab1.1:amd64 (1.1.0-2build1) ...
2026-04-26T22:33:41.1311483Z Setting up libvpx9:amd64 (1.14.0-1ubuntu2.3) ...
2026-04-26T22:33:41.1336166Z Setting up libsrt1.5-gnutls:amd64 (1.5.3-1build2) ...
2026-04-26T22:33:41.1360127Z Setting up libtag1v5:amd64 (1.13.1-1build1) ...
2026-04-26T22:33:41.1382210Z Setting up libflite1:amd64 (2.2-6build3) ...
2026-04-26T22:33:41.1404161Z Setting up libdav1d7:amd64 (1.4.1-1build1) ...
2026-04-26T22:33:41.1426435Z Setting up libva-drm2:amd64 (2.20.0-2ubuntu0.1) ...
2026-04-26T22:33:41.1447797Z Setting up fonts-ipafont-gothic (00303-21ubuntu1) ...
2026-04-26T22:33:41.1520958Z update-alternatives: using /usr/share/fonts/opentype/ipafont-gothic/ipag.ttf to provide /usr/share/fonts/truetype/fonts-japanese-gothic.ttf (fonts-japanese-gothic.ttf) in auto mode
2026-04-26T22:33:41.1540284Z Setting up ocl-icd-libopencl1:amd64 (2.3.2-1build1) ...
2026-04-26T22:33:41.1562734Z Setting up libasyncns0:amd64 (0.8-6build4) ...
2026-04-26T22:33:41.1587272Z Setting up libwildmidi2:amd64 (0.4.3-1build3) ...
2026-04-26T22:33:41.1609671Z Setting up libvdpau1:amd64 (1.5-2build1) ...
2026-04-26T22:33:41.1637891Z Setting up libwavpack1:amd64 (5.6.0-1build1) ...
2026-04-26T22:33:41.1660788Z Setting up libbs2b0:amd64 (3.1.0+dfsg-7build1) ...
2026-04-26T22:33:41.1682278Z Setting up libtheora0:amd64 (1.1.1+dfsg.1-16.1build3) ...
2026-04-26T22:33:41.1704787Z Setting up libegl1:amd64 (1.7.0-1build1) ...
2026-04-26T22:33:41.1731930Z Setting up libdecor-0-0:amd64 (0.2.2-1build2) ...
2026-04-26T22:33:41.1752950Z Setting up libdca0:amd64 (0.0.7-2build1) ...
2026-04-26T22:33:41.1777841Z Setting up libzimg2:amd64 (3.0.5+ds1-1build1) ...
2026-04-26T22:33:41.1804547Z Setting up libopenal-data (1:1.23.1-4build1) ...
2026-04-26T22:33:41.1835190Z Setting up libabsl20220623t64:amd64 (20220623.1-3.1ubuntu3.2) ...
2026-04-26T22:33:41.1857932Z Setting up libflac12t64:amd64 (1.4.3+ds-2.1ubuntu2) ...
2026-04-26T22:33:41.1883114Z Setting up libgtk-4-common (4.14.5+ds-0ubuntu0.10) ...
2026-04-26T22:33:41.1909175Z Setting up libmpeg2encpp-2.1-0t64:amd64 (1:2.1.0+debian-8.1build1) ...
2026-04-26T22:33:41.1934834Z Setting up glib-networking-common (2.80.0-1build1) ...
2026-04-26T22:33:41.1958560Z Setting up libmfx1:amd64 (22.5.4-1) ...
2026-04-26T22:33:41.1982984Z Setting up libbluray2:amd64 (1:1.3.4-1build1) ...
2026-04-26T22:33:41.2005522Z Setting up libsamplerate0:amd64 (0.2.2-4build1) ...
2026-04-26T22:33:41.2047659Z Setting up timgm6mb-soundfont (1.3-5) ...
2026-04-26T22:33:41.2140709Z update-alternatives: using /usr/share/sounds/sf2/TimGM6mb.sf2 to provide /usr/share/sounds/sf2/default-GM.sf2 (default-GM.sf2) in auto mode
2026-04-26T22:33:41.2187737Z update-alternatives: using /usr/share/sounds/sf2/TimGM6mb.sf2 to provide /usr/share/sounds/sf3/default-GM.sf3 (default-GM.sf3) in auto mode
2026-04-26T22:33:41.2207367Z Setting up libva-x11-2:amd64 (2.20.0-2ubuntu0.1) ...
2026-04-26T22:33:41.2236692Z Setting up libyuv0:amd64 (0.0~git202401110.af6ac82-1) ...
2026-04-26T22:33:41.2266645Z Setting up libmplex2-2.1-0t64:amd64 (1:2.1.0+debian-8.1build1) ...
2026-04-26T22:33:41.2290987Z Setting up libpipewire-0.3-0t64:amd64 (1.0.5-1ubuntu3.2) ...
2026-04-26T22:33:41.2317220Z Setting up libopenmpt0t64:amd64 (0.7.3-1.1build3) ...
2026-04-26T22:33:41.2337709Z Setting up libzvbi-common (0.2.42-2) ...
2026-04-26T22:33:41.2362360Z Setting up libsecret-common (0.21.4-1build3) ...
2026-04-26T22:33:41.2386262Z Setting up libmp3lame0:amd64 (3.100-6build1) ...
2026-04-26T22:33:41.2407074Z Setting up libgraphene-1.0-0:amd64 (1.10.8-3build2) ...
2026-04-26T22:33:41.2433465Z Setting up libvorbisenc2:amd64 (1.3.7-1build3) ...
2026-04-26T22:33:41.2454092Z Setting up libdvdnav4:amd64 (6.1.1-3build1) ...
2026-04-26T22:33:41.2476552Z Setting up fonts-unifont (1:15.1.01-1build1) ...
2026-04-26T22:33:41.2503244Z Setting up libaa1:amd64 (1.4p5-51.1) ...
2026-04-26T22:33:41.2532001Z Setting up libiec61883-0:amd64 (1.2.0-6build1) ...
2026-04-26T22:33:41.2553113Z Setting up libserd-0-0:amd64 (0.32.2-1) ...
2026-04-26T22:33:41.2579952Z Setting up libavc1394-0:amd64 (0.5.4-5build3) ...
2026-04-26T22:33:41.2603025Z Setting up gsettings-desktop-schemas (46.1-0ubuntu1) ...
2026-04-26T22:33:41.2627970Z Setting up glib-networking-services (2.80.0-1build1) ...
2026-04-26T22:33:41.2655177Z Setting up liblapack3:amd64 (3.12.0-3build1.1) ...
2026-04-26T22:33:41.2727199Z update-alternatives: using /usr/lib/x86_64-linux-gnu/lapack/liblapack.so.3 to provide /usr/lib/x86_64-linux-gnu/liblapack.so.3 (liblapack.so.3-x86_64-linux-gnu) in auto mode
2026-04-26T22:33:41.2745172Z Setting up libzvbi0t64:amd64 (0.2.42-2) ...
2026-04-26T22:33:41.2769712Z Setting up liblrdf0:amd64 (0.6.1-4build1) ...
2026-04-26T22:33:41.2797363Z Setting up libzbar0t64:amd64 (0.23.93-4build3) ...
2026-04-26T22:33:41.2821974Z Setting up libgstreamer-plugins-base1.0-0:amd64 (1.24.2-1ubuntu0.4) ...
2026-04-26T22:33:41.2851090Z Setting up libavutil58:amd64 (7:6.1.1-3ubuntu5) ...
2026-04-26T22:33:41.2874498Z Setting up libopenal1:amd64 (1:1.23.1-4build1) ...
2026-04-26T22:33:41.2898531Z Setting up xfonts-utils (1:7.7+6build3) ...
2026-04-26T22:33:41.2945953Z Setting up libsecret-1-0:amd64 (0.21.4-1build3) ...
2026-04-26T22:33:41.2968384Z Setting up libgstreamer-plugins-good1.0-0:amd64 (1.24.2-1ubuntu1.3) ...
2026-04-26T22:33:41.2998888Z Setting up libgstreamer-gl1.0-0:amd64 (1.24.2-1ubuntu0.4) ...
2026-04-26T22:33:41.3022678Z Setting up gstreamer1.0-plugins-base:amd64 (1.24.2-1ubuntu0.4) ...
2026-04-26T22:33:41.3047850Z Setting up libass9:amd64 (1:0.17.1-2build1) ...
2026-04-26T22:33:41.3071447Z Setting up libswresample4:amd64 (7:6.1.1-3ubuntu5) ...
2026-04-26T22:33:41.3094610Z Setting up libopenexr-3-1-30:amd64 (3.1.5-5.1build3) ...
2026-04-26T22:33:41.3119847Z Setting up libshout3:amd64 (2.4.6-1build2) ...
2026-04-26T22:33:41.3165430Z Setting up libgav1-1:amd64 (0.18.0-1build3) ...
2026-04-26T22:33:41.3189601Z Setting up libavcodec60:amd64 (7:6.1.1-3ubuntu5) ...
2026-04-26T22:33:41.3218918Z Setting up librubberband2:amd64 (3.3.0+dfsg-2build1) ...
2026-04-26T22:33:41.3241575Z Setting up libjack-jackd2-0:amd64 (1.9.21~dfsg-3ubuntu3) ...
2026-04-26T22:33:41.3264131Z Setting up libsord-0-0:amd64 (0.16.16-2build1) ...
2026-04-26T22:33:41.3296929Z Setting up xfonts-cyrillic (1:1.0.5+nmu1) ...
2026-04-26T22:33:41.3596980Z Setting up libpostproc57:amd64 (7:6.1.1-3ubuntu5) ...
2026-04-26T22:33:41.3628731Z Setting up libsratom-0-0:amd64 (0.6.16-1build1) ...
2026-04-26T22:33:41.3652454Z Setting up libsndfile1:amd64 (1.2.2-1ubuntu5.24.04.1) ...
2026-04-26T22:33:41.3678173Z Setting up liblilv-0-0:amd64 (0.24.22-1build1) ...
2026-04-26T22:33:41.3705638Z Setting up libinstpatch-1.0-2:amd64 (1.1.6-1build2) ...
2026-04-26T22:33:41.3732859Z Setting up xfonts-scalable (1:1.0.3-1.3) ...
2026-04-26T22:33:41.4111726Z Setting up libswscale7:amd64 (7:6.1.1-3ubuntu5) ...
2026-04-26T22:33:41.4136383Z Setting up libavif16:amd64 (1.0.4-1ubuntu3) ...
2026-04-26T22:33:41.4163451Z Setting up libpulse0:amd64 (1:16.1+dfsg1-2ubuntu10.1) ...
2026-04-26T22:33:41.4266123Z Setting up libavformat60:amd64 (7:6.1.1-3ubuntu5) ...
2026-04-26T22:33:41.4400366Z Setting up libsphinxbase3t64:amd64 (0.8+5prealpha+1-17build2) ...
2026-04-26T22:33:41.4425844Z Setting up libsdl2-2.0-0:amd64 (2.30.0+dfsg-1ubuntu3.1) ...
2026-04-26T22:33:41.4449672Z Setting up libfluidsynth3:amd64 (2.3.4-1build3) ...
2026-04-26T22:33:41.4472915Z Setting up libpocketsphinx3:amd64 (0.8.0+real5prealpha+1-15ubuntu5) ...
2026-04-26T22:33:41.4501411Z Setting up libavfilter9:amd64 (7:6.1.1-3ubuntu5) ...
2026-04-26T22:33:41.4523994Z Setting up gstreamer1.0-libav:amd64 (1.24.1-1build1) ...
2026-04-26T22:33:41.4828165Z Processing triggers for fontconfig (2.15.0-1.1ubuntu2) ...
2026-04-26T22:33:41.6168739Z Processing triggers for libc-bin (2.39-0ubuntu8.7) ...
2026-04-26T22:33:41.8010311Z Processing triggers for man-db (2.12.0-4build2) ...
2026-04-26T22:33:41.8034199Z Not building database; man-db/auto-update is not 'true'.
2026-04-26T22:33:41.8065671Z Processing triggers for libglib2.0-0t64:amd64 (2.80.0-6ubuntu3.8) ...
2026-04-26T22:33:41.9101213Z Setting up libgtk-4-1:amd64 (4.14.5+ds-0ubuntu0.10) ...
2026-04-26T22:33:42.3120936Z Setting up glib-networking:amd64 (2.80.0-1build1) ...
2026-04-26T22:33:42.3162943Z Setting up libsoup-3.0-0:amd64 (3.4.4-5ubuntu0.7) ...
2026-04-26T22:33:42.3196908Z Setting up libgssdp-1.6-0:amd64 (1.6.3-1build3) ...
2026-04-26T22:33:42.3280716Z Setting up gstreamer1.0-plugins-good:amd64 (1.24.2-1ubuntu1.3) ...
2026-04-26T22:33:42.3312504Z Setting up libgupnp-1.6-0:amd64 (1.6.6-1build3) ...
2026-04-26T22:33:42.3373142Z Setting up libgupnp-igd-1.6-0:amd64 (1.6.0-3build3) ...
2026-04-26T22:33:42.3419341Z Setting up libnice10:amd64 (0.1.21-2build3) ...
2026-04-26T22:33:42.3477503Z Setting up libgstreamer-plugins-bad1.0-0:amd64 (1.24.2-1ubuntu4) ...
2026-04-26T22:33:42.3520141Z Setting up gstreamer1.0-plugins-bad:amd64 (1.24.2-1ubuntu4) ...
2026-04-26T22:33:42.3562616Z Processing triggers for libc-bin (2.39-0ubuntu8.7) ...
2026-04-26T22:33:43.4695985Z 
2026-04-26T22:33:43.4697190Z Running kernel seems to be up-to-date.
2026-04-26T22:33:43.4697605Z 
2026-04-26T22:33:43.4697861Z No services need to be restarted.
2026-04-26T22:33:43.4698170Z 
2026-04-26T22:33:43.4698417Z No containers need to be restarted.
2026-04-26T22:33:43.4698982Z 
2026-04-26T22:33:43.4699213Z No user sessions are running outdated binaries.
2026-04-26T22:33:43.4699474Z 
2026-04-26T22:33:43.4699812Z No VM guests are running outdated hypervisor (qemu) binaries on this host.
2026-04-26T22:33:44.4409684Z Downloading Chrome for Testing 147.0.7727.15 (playwright chromium v1217) from https://cdn.playwright.dev/builds/cft/147.0.7727.15/linux64/chrome-linux64.zip
2026-04-26T22:33:45.2515461Z |                                                                                |   0% of 170.4 MiB
2026-04-26T22:33:45.6707139Z |■■■■■■■■                                                                        |  10% of 170.4 MiB
2026-04-26T22:33:46.0466111Z |■■■■■■■■■■■■■■■■                                                                |  20% of 170.4 MiB
2026-04-26T22:33:46.5084278Z |■■■■■■■■■■■■■■■■■■■■■■■■                                                        |  30% of 170.4 MiB
2026-04-26T22:33:46.9026574Z |■■■■■■■■■■■■■■■■■■■■■■■■■■■■■■■■                                                |  40% of 170.4 MiB
2026-04-26T22:33:47.3355484Z |■■■■■■■■■■■■■■■■■■■■■■■■■■■■■■■■■■■■■■■■                                        |  50% of 170.4 MiB
2026-04-26T22:33:47.7647314Z |■■■■■■■■■■■■■■■■■■■■■■■■■■■■■■■■■■■■■■■■■■■■■■■■                                |  60% of 170.4 MiB
2026-04-26T22:33:48.1830334Z |■■■■■■■■■■■■■■■■■■■■■■■■■■■■■■■■■■■■■■■■■■■■■■■■■■■■■■■■                        |  70% of 170.4 MiB
2026-04-26T22:33:48.5805467Z |■■■■■■■■■■■■■■■■■■■■■■■■■■■■■■■■■■■■■■■■■■■■■■■■■■■■■■■■■■■■■■■■                |  80% of 170.4 MiB
2026-04-26T22:33:48.9668554Z |■■■■■■■■■■■■■■■■■■■■■■■■■■■■■■■■■■■■■■■■■■■■■■■■■■■■■■■■■■■■■■■■■■■■■■■■        |  90% of 170.4 MiB
2026-04-26T22:33:49.3866800Z |■■■■■■■■■■■■■■■■■■■■■■■■■■■■■■■■■■■■■■■■■■■■■■■■■■■■■■■■■■■■■■■■■■■■■■■■■■■■■■■■| 100% of 170.4 MiB
2026-04-26T22:33:52.0226633Z Chrome for Testing 147.0.7727.15 (playwright chromium v1217) downloaded to /home/runner/.cache/ms-playwright/chromium-1217
2026-04-26T22:33:52.0231451Z Downloading Chrome Headless Shell 147.0.7727.15 (playwright chromium-headless-shell v1217) from https://cdn.playwright.dev/builds/cft/147.0.7727.15/linux64/chrome-headless-shell-linux64.zip
2026-04-26T22:33:52.8262432Z |                                                                                |   0% of 112 MiB
2026-04-26T22:33:52.9682595Z |■■■■■■■■                                                                        |  10% of 112 MiB
2026-04-26T22:33:53.0931595Z |■■■■■■■■■■■■■■■■                                                                |  20% of 112 MiB
2026-04-26T22:33:53.2125700Z |■■■■■■■■■■■■■■■■■■■■■■■■                                                        |  30% of 112 MiB
2026-04-26T22:33:53.3371480Z |■■■■■■■■■■■■■■■■■■■■■■■■■■■■■■■■                                                |  40% of 112 MiB
2026-04-26T22:33:53.4688252Z |■■■■■■■■■■■■■■■■■■■■■■■■■■■■■■■■■■■■■■■■                                        |  50% of 112 MiB
2026-04-26T22:33:53.5886254Z |■■■■■■■■■■■■■■■■■■■■■■■■■■■■■■■■■■■■■■■■■■■■■■■■                                |  60% of 112 MiB
2026-04-26T22:33:53.7158014Z |■■■■■■■■■■■■■■■■■■■■■■■■■■■■■■■■■■■■■■■■■■■■■■■■■■■■■■■■                        |  70% of 112 MiB
2026-04-26T22:33:53.8348834Z |■■■■■■■■■■■■■■■■■■■■■■■■■■■■■■■■■■■■■■■■■■■■■■■■■■■■■■■■■■■■■■■■                |  80% of 112 MiB
2026-04-26T22:33:53.9592748Z |■■■■■■■■■■■■■■■■■■■■■■■■■■■■■■■■■■■■■■■■■■■■■■■■■■■■■■■■■■■■■■■■■■■■■■■■        |  90% of 112 MiB
2026-04-26T22:33:54.0848248Z |■■■■■■■■■■■■■■■■■■■■■■■■■■■■■■■■■■■■■■■■■■■■■■■■■■■■■■■■■■■■■■■■■■■■■■■■■■■■■■■■| 100% of 112 MiB
2026-04-26T22:33:56.0417114Z Chrome Headless Shell 147.0.7727.15 (playwright chromium-headless-shell v1217) downloaded to /home/runner/.cache/ms-playwright/chromium_headless_shell-1217
2026-04-26T22:33:56.0420506Z Downloading Firefox 148.0.2 (playwright firefox v1511) from https://cdn.playwright.dev/dbazure/download/playwright/builds/firefox/1511/firefox-ubuntu-24.04.zip
2026-04-26T22:33:56.7852831Z |                                                                                |   0% of 103.1 MiB
2026-04-26T22:33:56.8604255Z |■■■■■■■■                                                                        |  10% of 103.1 MiB
2026-04-26T22:33:57.1659767Z |■■■■■■■■■■■■■■■■                                                                |  20% of 103.1 MiB
2026-04-26T22:33:57.3521757Z |■■■■■■■■■■■■■■■■■■■■■■■■                                                        |  30% of 103.1 MiB
2026-04-26T22:33:57.5560130Z |■■■■■■■■■■■■■■■■■■■■■■■■■■■■■■■■                                                |  40% of 103.1 MiB
2026-04-26T22:33:57.6144010Z |■■■■■■■■■■■■■■■■■■■■■■■■■■■■■■■■■■■■■■■■                                        |  50% of 103.1 MiB
2026-04-26T22:33:57.6660872Z |■■■■■■■■■■■■■■■■■■■■■■■■■■■■■■■■■■■■■■■■■■■■■■■■                                |  60% of 103.1 MiB
2026-04-26T22:33:57.8150466Z |■■■■■■■■■■■■■■■■■■■■■■■■■■■■■■■■■■■■■■■■■■■■■■■■■■■■■■■■                        |  70% of 103.1 MiB
2026-04-26T22:33:57.8552370Z |■■■■■■■■■■■■■■■■■■■■■■■■■■■■■■■■■■■■■■■■■■■■■■■■■■■■■■■■■■■■■■■■                |  80% of 103.1 MiB
2026-04-26T22:33:57.9087380Z |■■■■■■■■■■■■■■■■■■■■■■■■■■■■■■■■■■■■■■■■■■■■■■■■■■■■■■■■■■■■■■■■■■■■■■■■        |  90% of 103.1 MiB
2026-04-26T22:33:57.9697523Z |■■■■■■■■■■■■■■■■■■■■■■■■■■■■■■■■■■■■■■■■■■■■■■■■■■■■■■■■■■■■■■■■■■■■■■■■■■■■■■■■| 100% of 103.1 MiB
2026-04-26T22:33:59.7297192Z Firefox 148.0.2 (playwright firefox v1511) downloaded to /home/runner/.cache/ms-playwright/firefox-1511
2026-04-26T22:33:59.7301067Z Downloading WebKit 26.4 (playwright webkit v2272) from https://cdn.playwright.dev/dbazure/download/playwright/builds/webkit/2272/webkit-ubuntu-24.04.zip
2026-04-26T22:34:00.4777417Z |                                                                                |   0% of 98.9 MiB
2026-04-26T22:34:00.5483822Z |■■■■■■■■                                                                        |  10% of 98.9 MiB
2026-04-26T22:34:00.6010435Z |■■■■■■■■■■■■■■■■                                                                |  20% of 98.9 MiB
2026-04-26T22:34:00.6475899Z |■■■■■■■■■■■■■■■■■■■■■■■■                                                        |  30% of 98.9 MiB
2026-04-26T22:34:00.7080931Z |■■■■■■■■■■■■■■■■■■■■■■■■■■■■■■■■                                                |  40% of 98.9 MiB
2026-04-26T22:34:00.7682342Z |■■■■■■■■■■■■■■■■■■■■■■■■■■■■■■■■■■■■■■■■                                        |  50% of 98.9 MiB
2026-04-26T22:34:00.8386488Z |■■■■■■■■■■■■■■■■■■■■■■■■■■■■■■■■■■■■■■■■■■■■■■■■                                |  60% of 98.9 MiB
2026-04-26T22:34:00.8799021Z |■■■■■■■■■■■■■■■■■■■■■■■■■■■■■■■■■■■■■■■■■■■■■■■■■■■■■■■■                        |  70% of 98.9 MiB
2026-04-26T22:34:00.9233372Z |■■■■■■■■■■■■■■■■■■■■■■■■■■■■■■■■■■■■■■■■■■■■■■■■■■■■■■■■■■■■■■■■                |  80% of 98.9 MiB
2026-04-26T22:34:00.9605222Z |■■■■■■■■■■■■■■■■■■■■■■■■■■■■■■■■■■■■■■■■■■■■■■■■■■■■■■■■■■■■■■■■■■■■■■■■        |  90% of 98.9 MiB
2026-04-26T22:34:01.0333426Z |■■■■■■■■■■■■■■■■■■■■■■■■■■■■■■■■■■■■■■■■■■■■■■■■■■■■■■■■■■■■■■■■■■■■■■■■■■■■■■■■| 100% of 98.9 MiB
2026-04-26T22:34:02.7751310Z WebKit 26.4 (playwright webkit v2272) downloaded to /home/runner/.cache/ms-playwright/webkit-2272
2026-04-26T22:34:02.7755020Z Downloading FFmpeg (playwright ffmpeg v1011) from https://cdn.playwright.dev/dbazure/download/playwright/builds/ffmpeg/1011/ffmpeg-linux.zip
2026-04-26T22:34:03.5083869Z |                                                                                |   0% of 2.3 MiB
2026-04-26T22:34:03.5136555Z |■■■■■■■■                                                                        |  10% of 2.3 MiB
2026-04-26T22:34:03.5168025Z |■■■■■■■■■■■■■■■■                                                                |  20% of 2.3 MiB
2026-04-26T22:34:03.5186183Z |■■■■■■■■■■■■■■■■■■■■■■■■                                                        |  30% of 2.3 MiB
2026-04-26T22:34:03.5202264Z |■■■■■■■■■■■■■■■■■■■■■■■■■■■■■■■■                                                |  40% of 2.3 MiB
2026-04-26T22:34:03.5214844Z |■■■■■■■■■■■■■■■■■■■■■■■■■■■■■■■■■■■■■■■■                                        |  50% of 2.3 MiB
2026-04-26T22:34:03.5237154Z |■■■■■■■■■■■■■■■■■■■■■■■■■■■■■■■■■■■■■■■■■■■■■■■■                                |  60% of 2.3 MiB
2026-04-26T22:34:03.5256118Z |■■■■■■■■■■■■■■■■■■■■■■■■■■■■■■■■■■■■■■■■■■■■■■■■■■■■■■■■                        |  70% of 2.3 MiB
2026-04-26T22:34:03.5268650Z |■■■■■■■■■■■■■■■■■■■■■■■■■■■■■■■■■■■■■■■■■■■■■■■■■■■■■■■■■■■■■■■■                |  80% of 2.3 MiB
2026-04-26T22:34:03.5287096Z |■■■■■■■■■■■■■■■■■■■■■■■■■■■■■■■■■■■■■■■■■■■■■■■■■■■■■■■■■■■■■■■■■■■■■■■■        |  90% of 2.3 MiB
2026-04-26T22:34:03.5298465Z |■■■■■■■■■■■■■■■■■■■■■■■■■■■■■■■■■■■■■■■■■■■■■■■■■■■■■■■■■■■■■■■■■■■■■■■■■■■■■■■■| 100% of 2.3 MiB
2026-04-26T22:34:03.5864358Z FFmpeg (playwright ffmpeg v1011) downloaded to /home/runner/.cache/ms-playwright/ffmpeg-1011
2026-04-26T22:34:04.1711702Z ##[group]Run cd web-client
2026-04-26T22:34:04.1711996Z [36;1mcd web-client[0m
2026-04-26T22:34:04.1712246Z [36;1mnpx playwright test --shard=3/16[0m
2026-04-26T22:34:04.1734626Z shell: /usr/bin/bash -e {0}
2026-04-26T22:34:04.1734859Z env:
2026-04-26T22:34:04.1735049Z   FORCE_JAVASCRIPT_ACTIONS_TO_NODE24: true
2026-04-26T22:34:04.1735302Z   REGISTRY: ghcr.io
2026-04-26T22:34:04.1735518Z   IMAGE_NAME: pfisherogden/mmtools
2026-04-26T22:34:04.1735792Z   FRONTEND_URL: http://localhost:3000
2026-04-26T22:34:04.1736058Z   MOBILE_APP_URL: http://localhost:8081
2026-04-26T22:34:04.1736327Z   NEXT_PUBLIC_E2E_AUTH_BYPASS: true
2026-04-26T22:34:04.1736551Z   SHARD_INDEX: 3
2026-04-26T22:34:04.1736725Z   IS_E2E: true
2026-04-26T22:34:04.1736901Z ##[endgroup]
2026-04-26T22:34:05.4791133Z 
2026-04-26T22:34:05.4791624Z Running 5 tests using 1 worker, shard 3 of 16
2026-04-26T22:34:07.5378166Z [Utils] Ensuring dq_lifecycle_3_0_0.json is active for e2e-bypass-3-0-0...
2026-04-26T22:34:16.4634996Z [Utils] Dataset dq_lifecycle_3_0_0.json not found, uploading...
2026-04-26T22:34:16.4651869Z [Utils] Setting input files for dq_lifecycle_3_0_0.json...
2026-04-26T22:34:21.3658364Z [Utils] dq_lifecycle_3_0_0.json uploaded successfully.
2026-04-26T22:34:21.3658986Z [Utils] Triggering activation for dq_lifecycle_3_0_0.json...
2026-04-26T22:34:21.3871273Z [Utils] Waiting for admin page reload after activation...
2026-04-26T22:34:21.3894145Z [Utils] Polling /meets for data readiness...
2026-04-26T22:34:22.9775770Z [Utils] Data confirmed ready on /meets after 1 retries.
2026-04-26T22:34:23.7313470Z [Utils] dq_lifecycle_3_0_0.json is now active and verified.
2026-04-26T22:34:24.2367476Z Judge App URL: http://localhost:3000/judge?program_url=http%3A%2F%2Flocalhost%3A3000%2Fapi%2Fdata%3Fpath%3Dusers%2Fe2e-bypass-3-0-0%2Fpublished%2Fprogram_dq_lifecycle_3_0_0.json%26token%3Dmmtools-default-secret-2024&sync_url=http%3A%2F%2Flocalhost%3A3000%2Fapi%2Fsync-dqs%3Ftoken%3Dmmtools-default-secret-2024%26uid%3De2e-bypass-3-0-0
2026-04-26T22:34:45.1933764Z ×[Utils] Ensuring dq_lifecycle_3_1_1.json is active for e2e-bypass-3-1-1...
2026-04-26T22:34:54.0494598Z [Utils] Dataset dq_lifecycle_3_1_1.json not found, uploading...
2026-04-26T22:34:54.0507255Z [Utils] Setting input files for dq_lifecycle_3_1_1.json...
2026-04-26T22:34:56.9507235Z [Utils] dq_lifecycle_3_1_1.json uploaded successfully.
2026-04-26T22:34:56.9507917Z [Utils] Triggering activation for dq_lifecycle_3_1_1.json...
2026-04-26T22:34:56.9919442Z [Utils] Waiting for admin page reload after activation...
2026-04-26T22:34:56.9973350Z [Utils] Polling /meets for data readiness...
2026-04-26T22:34:58.7228412Z [Utils] Data confirmed ready on /meets after 1 retries.
2026-04-26T22:34:59.4886611Z [Utils] dq_lifecycle_3_1_1.json is now active and verified.
2026-04-26T22:35:00.1318676Z Judge App URL: http://localhost:3000/judge?program_url=http%3A%2F%2Flocalhost%3A3000%2Fapi%2Fdata%3Fpath%3Dusers%2Fe2e-bypass-3-1-1%2Fpublished%2Fprogram_dq_lifecycle_3_1_1.json%26token%3Dmmtools-default-secret-2024&sync_url=http%3A%2F%2Flocalhost%3A3000%2Fapi%2Fsync-dqs%3Ftoken%3Dmmtools-default-secret-2024%26uid%3De2e-bypass-3-1-1
2026-04-26T22:35:21.9265783Z ×[Utils] Ensuring dq_lifecycle_3_2_2.json is active for e2e-bypass-3-2-2...
2026-04-26T22:35:30.7006965Z [Utils] Dataset dq_lifecycle_3_2_2.json not found, uploading...
2026-04-26T22:35:30.7021777Z [Utils] Setting input files for dq_lifecycle_3_2_2.json...
2026-04-26T22:35:33.5977483Z [Utils] dq_lifecycle_3_2_2.json uploaded successfully.
2026-04-26T22:35:33.5978074Z [Utils] Triggering activation for dq_lifecycle_3_2_2.json...
2026-04-26T22:35:33.6166011Z [Utils] Waiting for admin page reload after activation...
2026-04-26T22:35:33.6187994Z [Utils] Polling /meets for data readiness...
2026-04-26T22:35:35.1764624Z [Utils] Data confirmed ready on /meets after 1 retries.
2026-04-26T22:35:35.8619159Z [Utils] dq_lifecycle_3_2_2.json is now active and verified.
2026-04-26T22:35:36.3624200Z Judge App URL: http://localhost:3000/judge?program_url=http%3A%2F%2Flocalhost%3A3000%2Fapi%2Fdata%3Fpath%3Dusers%2Fe2e-bypass-3-2-2%2Fpublished%2Fprogram_dq_lifecycle_3_2_2.json%26token%3Dmmtools-default-secret-2024&sync_url=http%3A%2F%2Flocalhost%3A3000%2Fapi%2Fsync-dqs%3Ftoken%3Dmmtools-default-secret-2024%26uid%3De2e-bypass-3-2-2
2026-04-26T22:35:57.3062709Z FUsing isolated User ID: e2e-bypass-3-3-0
2026-04-26T22:36:08.6495440Z ·Using isolated User ID: e2e-bypass-3-3-0
2026-04-26T22:36:08.9948352Z ·Using isolated User ID: e2e-bypass-3-3-0
2026-04-26T22:36:09.3525315Z ·Using isolated User ID: e2e-bypass-3-3-0
2026-04-26T22:36:09.6675095Z ·
2026-04-26T22:36:09.6682771Z 
2026-04-26T22:36:09.6696778Z   1) [chromium] › tests-e2e/dq-lifecycle.spec.ts:17:6 › DQ Lifecycle Journey › should process DQ from Judge app to Results PDF 
2026-04-26T22:36:09.6697832Z 
2026-04-26T22:36:09.6698572Z     Error: [2mexpect([22m[31mlocator[39m[2m).[22mtoBeVisible[2m([22m[2m)[22m failed
2026-04-26T22:36:09.6699303Z 
2026-04-26T22:36:09.6699701Z     Locator: getByText(/Select Session/i)
2026-04-26T22:36:09.6700443Z     Expected: visible
2026-04-26T22:36:09.6700878Z     Timeout: 20000ms
2026-04-26T22:36:09.6701320Z     Error: element(s) not found
2026-04-26T22:36:09.6701636Z 
2026-04-26T22:36:09.6701793Z     Call log:
2026-04-26T22:36:09.6702506Z     [2m  - Expect "toBeVisible" with timeout 20000ms[22m
2026-04-26T22:36:09.6703370Z     [2m  - waiting for getByText(/Select Session/i)[22m
2026-04-26T22:36:09.6704362Z 
2026-04-26T22:36:09.6704374Z 
2026-04-26T22:36:09.6704683Z       41 | 		const judgePage = await context.newPage();
2026-04-26T22:36:09.6705332Z       42 | 		await judgePage.goto(judgeUrl);
2026-04-26T22:36:09.6706084Z     > 43 | 		await expect(judgePage.getByText(/Select Session/i)).toBeVisible({
2026-04-26T22:36:09.6706805Z          | 		                                                     ^
2026-04-26T22:36:09.6707271Z       44 | 			timeout: 20000,
2026-04-26T22:36:09.6707629Z       45 | 		});
2026-04-26T22:36:09.6707935Z       46 |
2026-04-26T22:36:09.6708816Z         at /home/runner/work/MeetManager-Tools/MeetManager-Tools/web-client/tests-e2e/dq-lifecycle.spec.ts:43:56
2026-04-26T22:36:09.6709568Z 
2026-04-26T22:36:09.6710410Z     Error Context: test-results/dq-lifecycle-DQ-Lifecycle--0d099-om-Judge-app-to-Results-PDF-chromium/error-context.md
2026-04-26T22:36:09.6711313Z 
2026-04-26T22:36:09.6712065Z     Retry #1 ───────────────────────────────────────────────────────────────────────────────────────
2026-04-26T22:36:09.6712614Z 
2026-04-26T22:36:09.6713275Z     Error: [2mexpect([22m[31mlocator[39m[2m).[22mtoBeVisible[2m([22m[2m)[22m failed
2026-04-26T22:36:09.6714164Z 
2026-04-26T22:36:09.6714501Z     Locator: getByText(/Select Session/i)
2026-04-26T22:36:09.6714988Z     Expected: visible
2026-04-26T22:36:09.6715355Z     Timeout: 20000ms
2026-04-26T22:36:09.6715760Z     Error: element(s) not found
2026-04-26T22:36:09.6716038Z 
2026-04-26T22:36:09.6716165Z     Call log:
2026-04-26T22:36:09.6716774Z     [2m  - Expect "toBeVisible" with timeout 20000ms[22m
2026-04-26T22:36:09.6717576Z     [2m  - waiting for getByText(/Select Session/i)[22m
2026-04-26T22:36:09.6717985Z 
2026-04-26T22:36:09.6717995Z 
2026-04-26T22:36:09.6718289Z       41 | 		const judgePage = await context.newPage();
2026-04-26T22:36:09.6719347Z       42 | 		await judgePage.goto(judgeUrl);
2026-04-26T22:36:09.6720144Z     > 43 | 		await expect(judgePage.getByText(/Select Session/i)).toBeVisible({
2026-04-26T22:36:09.6720964Z          | 		                                                     ^
2026-04-26T22:36:09.6721478Z       44 | 			timeout: 20000,
2026-04-26T22:36:09.6721843Z       45 | 		});
2026-04-26T22:36:09.6722144Z       46 |
2026-04-26T22:36:09.6723042Z         at /home/runner/work/MeetManager-Tools/MeetManager-Tools/web-client/tests-e2e/dq-lifecycle.spec.ts:43:56
2026-04-26T22:36:09.6724099Z 
2026-04-26T22:36:09.6725068Z     Error Context: test-results/dq-lifecycle-DQ-Lifecycle--0d099-om-Judge-app-to-Results-PDF-chromium-retry1/error-context.md
2026-04-26T22:36:09.6726098Z 
2026-04-26T22:36:09.6727232Z     attachment #2: trace (application/zip) ─────────────────────────────────────────────────────────
2026-04-26T22:36:09.6728731Z     test-results/dq-lifecycle-DQ-Lifecycle--0d099-om-Judge-app-to-Results-PDF-chromium-retry1/trace.zip
2026-04-26T22:36:09.6730316Z     Usage:
2026-04-26T22:36:09.6730520Z 
2026-04-26T22:36:09.6731510Z         npx playwright show-trace test-results/dq-lifecycle-DQ-Lifecycle--0d099-om-Judge-app-to-Results-PDF-chromium-retry1/trace.zip
2026-04-26T22:36:09.6732613Z 
2026-04-26T22:36:09.6733402Z     ────────────────────────────────────────────────────────────────────────────────────────────────
2026-04-26T22:36:09.6734308Z 
2026-04-26T22:36:09.6735053Z     Retry #2 ───────────────────────────────────────────────────────────────────────────────────────
2026-04-26T22:36:09.6735699Z 
2026-04-26T22:36:09.6736426Z     Error: [2mexpect([22m[31mlocator[39m[2m).[22mtoBeVisible[2m([22m[2m)[22m failed
2026-04-26T22:36:09.6737040Z 
2026-04-26T22:36:09.6737235Z     Locator: getByText(/Select Session/i)
2026-04-26T22:36:09.6737524Z     Expected: visible
2026-04-26T22:36:09.6737730Z     Timeout: 20000ms
2026-04-26T22:36:09.6737958Z     Error: element(s) not found
2026-04-26T22:36:09.6738127Z 
2026-04-26T22:36:09.6738198Z     Call log:
2026-04-26T22:36:09.6738579Z     [2m  - Expect "toBeVisible" with timeout 20000ms[22m
2026-04-26T22:36:09.6738994Z     [2m  - waiting for getByText(/Select Session/i)[22m
2026-04-26T22:36:09.6739208Z 
2026-04-26T22:36:09.6739214Z 
2026-04-26T22:36:09.6739373Z       41 | 		const judgePage = await context.newPage();
2026-04-26T22:36:09.6739716Z       42 | 		await judgePage.goto(judgeUrl);
2026-04-26T22:36:09.6740145Z     > 43 | 		await expect(judgePage.getByText(/Select Session/i)).toBeVisible({
2026-04-26T22:36:09.6740579Z          | 		                                                     ^
2026-04-26T22:36:09.6740857Z       44 | 			timeout: 20000,
2026-04-26T22:36:09.6741072Z       45 | 		});
2026-04-26T22:36:09.6741246Z       46 |
2026-04-26T22:36:09.6741741Z         at /home/runner/work/MeetManager-Tools/MeetManager-Tools/web-client/tests-e2e/dq-lifecycle.spec.ts:43:56
2026-04-26T22:36:09.6742169Z 
2026-04-26T22:36:09.6742677Z     Error Context: test-results/dq-lifecycle-DQ-Lifecycle--0d099-om-Judge-app-to-Results-PDF-chromium-retry2/error-context.md
2026-04-26T22:36:09.6743196Z 
2026-04-26T22:36:09.6743268Z   1 failed
2026-04-26T22:36:09.6744330Z     [chromium] › tests-e2e/dq-lifecycle.spec.ts:17:6 › DQ Lifecycle Journey › should process DQ from Judge app to Results PDF 
2026-04-26T22:36:09.6744893Z   4 passed (2.1m)
2026-04-26T22:36:09.7399081Z ##[error]Process completed with exit code 1.
2026-04-26T22:36:09.7445333Z ##[group]Run docker compose -f docker-compose.ci.yml logs
2026-04-26T22:36:09.7445756Z [36;1mdocker compose -f docker-compose.ci.yml logs[0m
2026-04-26T22:36:09.7467077Z shell: /usr/bin/bash -e {0}
2026-04-26T22:36:09.7467310Z env:
2026-04-26T22:36:09.7467500Z   FORCE_JAVASCRIPT_ACTIONS_TO_NODE24: true
2026-04-26T22:36:09.7467761Z   REGISTRY: ghcr.io
2026-04-26T22:36:09.7467966Z   IMAGE_NAME: pfisherogden/mmtools
2026-04-26T22:36:09.7468199Z ##[endgroup]
2026-04-26T22:36:09.8071180Z time="2026-04-26T22:36:09Z" level=warning msg="The \"IMAGE_PREFIX\" variable is not set. Defaulting to a blank string."
2026-04-26T22:36:09.8073365Z time="2026-04-26T22:36:09Z" level=warning msg="The \"TAG\" variable is not set. Defaulting to a blank string."
2026-04-26T22:36:09.8075149Z time="2026-04-26T22:36:09Z" level=warning msg="The \"IMAGE_PREFIX\" variable is not set. Defaulting to a blank string."
2026-04-26T22:36:09.8076688Z time="2026-04-26T22:36:09Z" level=warning msg="The \"TAG\" variable is not set. Defaulting to a blank string."
2026-04-26T22:36:09.8078220Z time="2026-04-26T22:36:09Z" level=warning msg="The \"IMAGE_PREFIX\" variable is not set. Defaulting to a blank string."
2026-04-26T22:36:09.8079729Z time="2026-04-26T22:36:09Z" level=warning msg="The \"TAG\" variable is not set. Defaulting to a blank string."
2026-04-26T22:36:09.8209477Z frontend-1  | Waiting for backend:8080 (TCP)...
2026-04-26T22:36:09.8226310Z frontend-1  | Connection to backend (172.18.0.2) 8080 port [tcp/http-alt] succeeded!
2026-04-26T22:36:09.8236458Z frontend-1  | Backend is UP, starting Next.js...
2026-04-26T22:36:09.8237223Z frontend-1  | 
2026-04-26T22:36:09.8237720Z frontend-1  | > my-v0-project@0.1.0 start
2026-04-26T22:36:09.8238222Z frontend-1  | > next start
2026-04-26T22:36:09.8238585Z frontend-1  | 
2026-04-26T22:36:09.8239245Z frontend-1  | ▲ Next.js 16.2.4
2026-04-26T22:36:09.8239888Z frontend-1  | - Local:         http://localhost:3000
2026-04-26T22:36:09.8240646Z frontend-1  | - Network:       http://172.18.0.4:3000
2026-04-26T22:36:09.8241448Z frontend-1  | ✓ Ready in 192ms
2026-04-26T22:36:09.8244800Z frontend-1  | ⚠ `eslint` configuration in next.config.mjs is no longer supported. See more info here: https://nextjs.org/docs/app/api-reference/cli/next#next-lint-options
2026-04-26T22:36:09.8246415Z frontend-1  | ⚠ Invalid next.config.mjs options detected: 
2026-04-26T22:36:09.8247278Z frontend-1  | ⚠     Unrecognized key(s) in object: 'eslint'
2026-04-26T22:36:09.8248356Z frontend-1  | ⚠ See more info here: https://nextjs.org/docs/messages/invalid-next-config
2026-04-26T22:36:09.8249569Z frontend-1  | E2E DEBUG: mm-client connecting to rawHost: http://backend:8080 (Mode: Server)
2026-04-26T22:36:09.8250553Z frontend-1  | E2E DEBUG: mm-client channel host: backend:8080
2026-04-26T22:36:09.8251559Z frontend-1  | E2E DEBUG: mm-client connecting to rawHost: http://backend:8080 (Mode: Server)
2026-04-26T22:36:09.8252516Z frontend-1  | E2E DEBUG: mm-client channel host: backend:8080
2026-04-26T22:36:09.8253378Z frontend-1  | DEBUG: E2E Auth Bypass triggered for user: e2e-bypass-user
2026-04-26T22:36:09.8254704Z frontend-1  | E2E DEBUG: Server Action: uploadDataset for file dq_lifecycle_3_0_0.json, size 307907
2026-04-26T22:36:09.8255757Z frontend-1  | E2E DEBUG: Server Action: gRPC response: success=true
2026-04-26T22:36:09.8257063Z backend-1   | 2026-04-26 22:27:15,144 - root - INFO - Server starting on port 8080 with AuthInterceptor and Health check...
2026-04-26T22:36:09.8259155Z backend-1   | 2026-04-26 22:32:29,282 - storage_provider - INFO - LocalStorageProvider: exists(remote=users/e2e-bypass-user/config.json) -> /app/data/users/e2e-bypass-user/config.json: False
2026-04-26T22:36:09.8261738Z backend-1   | 2026-04-26 22:32:29,282 - storage_provider - INFO - LocalStorageProvider: exists(remote=users/e2e-bypass-user/Sample_Data.json) -> /app/data/users/e2e-bypass-user/Sample_Data.json: False
2026-04-26T22:36:09.8264701Z backend-1   | 2026-04-26 22:32:29,282 - root - INFO - E2E: uid=e2e-bypass-user, file=users/e2e-bypass-user/Sample_Data.json, exists=False
2026-04-26T22:36:09.8266502Z backend-1   | 2026-04-26 22:32:29,282 - storage_provider - INFO - LocalStorageProvider: exists(remote=Sample_Data.json) -> /app/data/Sample_Data.json: True
2026-04-26T22:36:09.8268825Z backend-1   | 2026-04-26 22:32:29,283 - storage_provider - INFO - LocalStorageProvider: download_file(remote=Sample_Data.json, local=/tmp/tmp13nmklxr.json) -> src=/app/data/Sample_Data.json
2026-04-26T22:36:09.8270986Z backend-1   | 2026-04-26 22:34:07,896 - auth_interceptor - WARNING - Invalid token: A project ID is required to access the auth service.
2026-04-26T22:36:09.8272428Z backend-1   |             1. Use a service account credential, or
2026-04-26T22:36:09.8273335Z backend-1   |             2. set the project ID explicitly via Firebase App options, or
2026-04-26T22:36:09.8274664Z backend-1   |             3. set the project ID via the GOOGLE_CLOUD_PROJECT environment variable.
2026-04-26T22:36:09.8276293Z frontend-1  | API Error (data?path=users/e2e-bypass-3-0-0/published/program_dq_lifecycle_3_0_0.json): ClientError: /meetmanager.v1.MeetManagerService/GetFile PERMISSION_DENIED: Access denied
2026-04-26T22:36:09.8277300Z frontend-1  |     at s (.next/server/chunks/[root-of-the-server]__0ott___._.js:10:371895)
2026-04-26T22:36:09.8277992Z frontend-1  |     at Object.callback (.next/server/chunks/[root-of-the-server]__0ott___._.js:10:377829)
2026-04-26T22:36:09.8279165Z backend-1   | 2026-04-26 22:34:07,896 - storage_provider - INFO - LocalStorageProvider: exists(remote=users/e2e-bypass-3-0-0/config.json) -> /app/data/users/e2e-bypass-3-0-0/config.json: False
2026-04-26T22:36:09.8280287Z backend-1   | 2026-04-26 22:34:07,896 - root - INFO - ListDatasets: uid=e2e-bypass-3-0-0, active_file=Sample_Data.json
2026-04-26T22:36:09.8281156Z backend-1   | 2026-04-26 22:34:07,896 - root - INFO - ListDatasets: Checking local path: /app/data/users/e2e-bypass-3-0-0
2026-04-26T22:36:09.8282232Z backend-1   | 2026-04-26 22:34:07,896 - storage_provider - INFO - LocalStorageProvider: list_files(prefix=users/e2e-bypass-3-0-0) -> /app/data/users/e2e-bypass-3-0-0
2026-04-26T22:36:09.8283359Z backend-1   | 2026-04-26 22:34:07,896 - storage_provider - INFO - LocalStorageProvider: path does not exist: /app/data/users/e2e-bypass-3-0-0
2026-04-26T22:36:09.8285088Z frontend-1  |     at Object.onReceiveStatus (.next/server/chunks/[root-of-the-server]__0ott___._.js:10:12568)
2026-04-26T22:36:09.8286542Z frontend-1  |     at Object.onReceiveStatus (.next/server/chunks/[root-of-the-server]__0ott___._.js:10:8745)
2026-04-26T22:36:09.8287966Z frontend-1  |     at Object.onReceiveStatus (.next/server/chunks/[root-of-the-server]__0ott___._.js:10:8210)
2026-04-26T22:36:09.8289240Z frontend-1  |     at <unknown> (.next/server/chunks/[root-of-the-server]__0ott___._.js:10:217744) {
2026-04-26T22:36:09.8290270Z frontend-1  |   path: '/meetmanager.v1.MeetManagerService/GetFile',
2026-04-26T22:36:09.8290873Z frontend-1  |   code: 7,
2026-04-26T22:36:09.8291351Z frontend-1  |   details: 'Access denied'
2026-04-26T22:36:09.8291771Z frontend-1  | }
2026-04-26T22:36:09.8292650Z frontend-1  | E2E DEBUG: Server Action: uploadDataset for file dq_lifecycle_3_1_1.json, size 307907
2026-04-26T22:36:09.8293904Z frontend-1  | E2E DEBUG: Server Action: gRPC response: success=true
2026-04-26T22:36:09.8295819Z frontend-1  | API Error (data?path=users/e2e-bypass-3-1-1/published/program_dq_lifecycle_3_1_1.json): ClientError: /meetmanager.v1.MeetManagerService/GetFile PERMISSION_DENIED: Access denied
2026-04-26T22:36:09.8296853Z frontend-1  |     at s (.next/server/chunks/[root-of-the-server]__0ott___._.js:10:371895)
2026-04-26T22:36:09.8297546Z frontend-1  |     at Object.callback (.next/server/chunks/[root-of-the-server]__0ott___._.js:10:377829)
2026-04-26T22:36:09.8298456Z frontend-1  |     at Object.onReceiveStatus (.next/server/chunks/[root-of-the-server]__0ott___._.js:10:12568)
2026-04-26T22:36:09.8300239Z judge-app-1  | /docker-entrypoint.sh: /docker-entrypoint.d/ is not empty, will attempt to perform configuration
2026-04-26T22:36:09.8301142Z judge-app-1  | /docker-entrypoint.sh: Looking for shell scripts in /docker-entrypoint.d/
2026-04-26T22:36:09.8301907Z judge-app-1  | /docker-entrypoint.sh: Launching /docker-entrypoint.d/10-listen-on-ipv6-by-default.sh
2026-04-26T22:36:09.8302723Z judge-app-1  | 10-listen-on-ipv6-by-default.sh: info: Getting the checksum of /etc/nginx/conf.d/default.conf
2026-04-26T22:36:09.8303860Z judge-app-1  | 10-listen-on-ipv6-by-default.sh: info: /etc/nginx/conf.d/default.conf differs from the packaged version
2026-04-26T22:36:09.8305053Z judge-app-1  | /docker-entrypoint.sh: Sourcing /docker-entrypoint.d/15-local-resolvers.envsh
2026-04-26T22:36:09.8305825Z judge-app-1  | /docker-entrypoint.sh: Launching /docker-entrypoint.d/20-envsubst-on-templates.sh
2026-04-26T22:36:09.8306553Z judge-app-1  | /docker-entrypoint.sh: Launching /docker-entrypoint.d/30-tune-worker-processes.sh
2026-04-26T22:36:09.8307226Z judge-app-1  | /docker-entrypoint.sh: Configuration complete; ready for start up
2026-04-26T22:36:09.8307888Z judge-app-1  | 2026/04/26 22:27:13 [notice] 1#1: using the "epoll" event method
2026-04-26T22:36:09.8308377Z judge-app-1  | 2026/04/26 22:27:13 [notice] 1#1: nginx/1.30.0
2026-04-26T22:36:09.8308880Z judge-app-1  | 2026/04/26 22:27:13 [notice] 1#1: built by gcc 15.2.0 (Alpine 15.2.0) 
2026-04-26T22:36:09.8309408Z judge-app-1  | 2026/04/26 22:27:13 [notice] 1#1: OS: Linux 6.17.0-1010-azure
2026-04-26T22:36:09.8309952Z judge-app-1  | 2026/04/26 22:27:13 [notice] 1#1: getrlimit(RLIMIT_NOFILE): 65536:65536
2026-04-26T22:36:09.8310494Z judge-app-1  | 2026/04/26 22:27:13 [notice] 1#1: start worker processes
2026-04-26T22:36:09.8310997Z judge-app-1  | 2026/04/26 22:27:13 [notice] 1#1: start worker process 29
2026-04-26T22:36:09.8311492Z judge-app-1  | 2026/04/26 22:27:13 [notice] 1#1: start worker process 30
2026-04-26T22:36:09.8311964Z judge-app-1  | 2026/04/26 22:27:13 [notice] 1#1: start worker process 31
2026-04-26T22:36:09.8312445Z judge-app-1  | 2026/04/26 22:27:13 [notice] 1#1: start worker process 32
2026-04-26T22:36:09.8313046Z judge-app-1  | 172.18.0.1 - - [26/Apr/2026:22:32:29 +0000] "GET / HTTP/1.1" 200 1222 "-" "curl/8.5.0" "-"
2026-04-26T22:36:09.8314064Z frontend-1   |     at Object.onReceiveStatus (.next/server/chunks/[root-of-the-server]__0ott___._.js:10:8745)
2026-04-26T22:36:09.8314878Z frontend-1   |     at Object.onReceiveStatus (.next/server/chunks/[root-of-the-server]__0ott___._.js:10:8210)
2026-04-26T22:36:09.8315617Z frontend-1   |     at <unknown> (.next/server/chunks/[root-of-the-server]__0ott___._.js:10:217744) {
2026-04-26T22:36:09.8316216Z frontend-1   |   path: '/meetmanager.v1.MeetManagerService/GetFile',
2026-04-26T22:36:09.8328749Z frontend-1   |   code: 7,
2026-04-26T22:36:09.8329160Z frontend-1   |   details: 'Access denied'
2026-04-26T22:36:09.8329434Z frontend-1   | }
2026-04-26T22:36:09.8329941Z frontend-1   | E2E DEBUG: Server Action: uploadDataset for file dq_lifecycle_3_2_2.json, size 307907
2026-04-26T22:36:09.8330585Z frontend-1   | E2E DEBUG: Server Action: gRPC response: success=true
2026-04-26T22:36:09.8331662Z frontend-1   | API Error (data?path=users/e2e-bypass-3-2-2/published/program_dq_lifecycle_3_2_2.json): ClientError: /meetmanager.v1.MeetManagerService/GetFile PERMISSION_DENIED: Access denied
2026-04-26T22:36:09.8332668Z frontend-1   |     at s (.next/server/chunks/[root-of-the-server]__0ott___._.js:10:371895)
2026-04-26T22:36:09.8333360Z frontend-1   |     at Object.callback (.next/server/chunks/[root-of-the-server]__0ott___._.js:10:377829)
2026-04-26T22:36:09.8334493Z frontend-1   |     at Object.onReceiveStatus (.next/server/chunks/[root-of-the-server]__0ott___._.js:10:12568)
2026-04-26T22:36:09.8335295Z frontend-1   |     at Object.onReceiveStatus (.next/server/chunks/[root-of-the-server]__0ott___._.js:10:8745)
2026-04-26T22:36:09.8336055Z frontend-1   |     at Object.onReceiveStatus (.next/server/chunks/[root-of-the-server]__0ott___._.js:10:8210)
2026-04-26T22:36:09.8337022Z frontend-1   |     at <unknown> (.next/server/chunks/[root-of-the-server]__0ott___._.js:10:217744) {
2026-04-26T22:36:09.8337637Z frontend-1   |   path: '/meetmanager.v1.MeetManagerService/GetFile',
2026-04-26T22:36:09.8337995Z frontend-1   |   code: 7,
2026-04-26T22:36:09.8338272Z frontend-1   |   details: 'Access denied'
2026-04-26T22:36:09.8338513Z frontend-1   | }
2026-04-26T22:36:09.8338987Z frontend-1   | E2E DEBUG: Server Action: uploadDataset for file test-ingestion_3_3_0.json, size 692
2026-04-26T22:36:09.8339569Z frontend-1   | E2E DEBUG: Server Action: gRPC response: success=true
2026-04-26T22:36:09.8340397Z backend-1    | 2026-04-26 22:34:07,897 - root - INFO - ListDatasets: No files found for e2e-bypass-3-0-0, retrying in 2s...
2026-04-26T22:36:09.8341460Z backend-1    | 2026-04-26 22:34:09,897 - storage_provider - INFO - LocalStorageProvider: list_files(prefix=users/e2e-bypass-3-0-0) -> /app/data/users/e2e-bypass-3-0-0
2026-04-26T22:36:09.8342575Z backend-1    | 2026-04-26 22:34:09,897 - storage_provider - INFO - LocalStorageProvider: path does not exist: /app/data/users/e2e-bypass-3-0-0
2026-04-26T22:36:09.8343507Z backend-1    | 2026-04-26 22:34:09,897 - root - INFO - ListDatasets: No files found for e2e-bypass-3-0-0, retrying in 2s...
2026-04-26T22:36:09.8344847Z backend-1    | 2026-04-26 22:34:11,897 - storage_provider - INFO - LocalStorageProvider: list_files(prefix=users/e2e-bypass-3-0-0) -> /app/data/users/e2e-bypass-3-0-0
2026-04-26T22:36:09.8345953Z backend-1    | 2026-04-26 22:34:11,897 - storage_provider - INFO - LocalStorageProvider: path does not exist: /app/data/users/e2e-bypass-3-0-0
2026-04-26T22:36:09.8346886Z backend-1    | 2026-04-26 22:34:11,897 - root - INFO - ListDatasets: No files found for e2e-bypass-3-0-0, retrying in 2s...
2026-04-26T22:36:09.8347925Z backend-1    | 2026-04-26 22:34:13,898 - storage_provider - INFO - LocalStorageProvider: list_files(prefix=users/e2e-bypass-3-0-0) -> /app/data/users/e2e-bypass-3-0-0
2026-04-26T22:36:09.8349013Z backend-1    | 2026-04-26 22:34:13,898 - storage_provider - INFO - LocalStorageProvider: path does not exist: /app/data/users/e2e-bypass-3-0-0
2026-04-26T22:36:09.8349922Z backend-1    | 2026-04-26 22:34:13,898 - root - INFO - ListDatasets: No files found for e2e-bypass-3-0-0, retrying in 2s...
2026-04-26T22:36:09.8350954Z backend-1    | 2026-04-26 22:34:15,898 - storage_provider - INFO - LocalStorageProvider: list_files(prefix=users/e2e-bypass-3-0-0) -> /app/data/users/e2e-bypass-3-0-0
2026-04-26T22:36:09.8352036Z backend-1    | 2026-04-26 22:34:15,898 - storage_provider - INFO - LocalStorageProvider: path does not exist: /app/data/users/e2e-bypass-3-0-0
2026-04-26T22:36:09.8352905Z backend-1    | 2026-04-26 22:34:15,898 - root - INFO - ListDatasets: Found 0 files in users/e2e-bypass-3-0-0: []
2026-04-26T22:36:09.8354105Z backend-1    | 2026-04-26 22:34:15,898 - storage_provider - INFO - LocalStorageProvider: exists(remote=Sample_Data.json) -> /app/data/Sample_Data.json: True
2026-04-26T22:36:09.8355175Z backend-1    | 2026-04-26 22:34:16,512 - auth_interceptor - WARNING - Invalid token: A project ID is required to access the auth service.
2026-04-26T22:36:09.8355852Z backend-1    |             1. Use a service account credential, or
2026-04-26T22:36:09.8356365Z backend-1    |             2. set the project ID explicitly via Firebase App options, or
2026-04-26T22:36:09.8356969Z backend-1    |             3. set the project ID via the GOOGLE_CLOUD_PROJECT environment variable.
2026-04-26T22:36:09.8357848Z backend-1    | 2026-04-26 22:34:16,513 - root - INFO - UploadDataset: uid=e2e-bypass-3-0-0, received total 307907 bytes for dq_lifecycle_3_0_0.json
2026-04-26T22:36:09.8359188Z backend-1    | 2026-04-26 22:34:16,513 - root - INFO - UploadDataset: saving to users/e2e-bypass-3-0-0/dq_lifecycle_3_0_0.json (abs: /app/data/users/e2e-bypass-3-0-0/dq_lifecycle_3_0_0.json) for e2e-bypass-3-0-0
2026-04-26T22:36:09.8361012Z backend-1    | 2026-04-26 22:34:16,513 - storage_provider - INFO - LocalStorageProvider: upload_file(local=/tmp/tmp6rpfui3v.json, remote=users/e2e-bypass-3-0-0/dq_lifecycle_3_0_0.json) -> dest=/app/data/users/e2e-bypass-3-0-0/dq_lifecycle_3_0_0.json
2026-04-26T22:36:09.8362610Z backend-1    | 2026-04-26 22:34:16,513 - storage_provider - INFO - LocalStorageProvider: successfully saved to /app/data/users/e2e-bypass-3-0-0/dq_lifecycle_3_0_0.json
2026-04-26T22:36:09.8363876Z backend-1    | 2026-04-26 22:34:18,405 - root - INFO - Saved uploaded file to users/e2e-bypass-3-0-0/dq_lifecycle_3_0_0.json
2026-04-26T22:36:09.8365115Z backend-1    | 2026-04-26 22:34:18,406 - storage_provider - INFO - LocalStorageProvider: exists(remote=users/e2e-bypass-3-0-0/config.json) -> /app/data/users/e2e-bypass-3-0-0/config.json: False
2026-04-26T22:36:09.8366827Z backend-1    | 2026-04-26 22:34:18,406 - storage_provider - INFO - LocalStorageProvider: upload_file(local=/tmp/tmpjp337ulm.json, remote=users/e2e-bypass-3-0-0/config.json) -> dest=/app/data/users/e2e-bypass-3-0-0/config.json
2026-04-26T22:36:09.8368187Z backend-1    | 2026-04-26 22:34:18,406 - storage_provider - INFO - LocalStorageProvider: successfully saved to /app/data/users/e2e-bypass-3-0-0/config.json
2026-04-26T22:36:09.8369213Z backend-1    | 2026-04-26 22:34:20,432 - auth_interceptor - WARNING - Invalid token: A project ID is required to access the auth service.
2026-04-26T22:36:09.8369869Z backend-1    |             1. Use a service account credential, or
2026-04-26T22:36:09.8370370Z backend-1    |             2. set the project ID explicitly via Firebase App options, or
2026-04-26T22:36:09.8370974Z backend-1    |             3. set the project ID via the GOOGLE_CLOUD_PROJECT environment variable.
2026-04-26T22:36:09.8372046Z backend-1    | 2026-04-26 22:34:20,432 - storage_provider - INFO - LocalStorageProvider: exists(remote=users/e2e-bypass-3-0-0/config.json) -> /app/data/users/e2e-bypass-3-0-0/config.json: True
2026-04-26T22:36:09.8373832Z backend-1    | 2026-04-26 22:34:20,432 - storage_provider - INFO - LocalStorageProvider: download_file(remote=users/e2e-bypass-3-0-0/config.json, local=/tmp/tmpb5mmtdfz.json) -> src=/app/data/users/e2e-bypass-3-0-0/config.json
2026-04-26T22:36:09.8375174Z backend-1    | 2026-04-26 22:34:20,433 - root - INFO - ListDatasets: uid=e2e-bypass-3-0-0, active_file=dq_lifecycle_3_0_0.json
2026-04-26T22:36:09.8376043Z backend-1    | 2026-04-26 22:34:20,433 - root - INFO - ListDatasets: Checking local path: /app/data/users/e2e-bypass-3-0-0
2026-04-26T22:36:09.8377089Z backend-1    | 2026-04-26 22:34:20,433 - storage_provider - INFO - LocalStorageProvider: list_files(prefix=users/e2e-bypass-3-0-0) -> /app/data/users/e2e-bypass-3-0-0
2026-04-26T22:36:09.8378395Z backend-1    | 2026-04-26 22:34:20,433 - storage_provider - INFO - LocalStorageProvider: found 2 files: ['users/e2e-bypass-3-0-0/config.json', 'users/e2e-bypass-3-0-0/dq_lifecycle_3_0_0.json']
2026-04-26T22:36:09.8379776Z backend-1    | 2026-04-26 22:34:20,433 - root - INFO - ListDatasets: Found 2 files in users/e2e-bypass-3-0-0: ['users/e2e-bypass-3-0-0/config.json', 'users/e2e-bypass-3-0-0/dq_lifecycle_3_0_0.json']
2026-04-26T22:36:09.8380920Z backend-1    | 2026-04-26 22:34:21,390 - auth_interceptor - WARNING - Invalid token: A project ID is required to access the auth service.
2026-04-26T22:36:09.8381575Z backend-1    |             1. Use a service account credential, or
2026-04-26T22:36:09.8382076Z backend-1    |             2. set the project ID explicitly via Firebase App options, or
2026-04-26T22:36:09.8382668Z backend-1    |             3. set the project ID via the GOOGLE_CLOUD_PROJECT environment variable.
2026-04-26T22:36:09.8384074Z backend-1    | 2026-04-26 22:34:21,390 - storage_provider - INFO - LocalStorageProvider: exists(remote=users/e2e-bypass-3-0-0/dq_lifecycle_3_0_0.json) -> /app/data/users/e2e-bypass-3-0-0/dq_lifecycle_3_0_0.json: True
2026-04-26T22:36:09.8385271Z backend-1    | 2026-04-26 22:34:21,391 - root - INFO - Switching user e2e-bypass-3-0-0 dataset to dq_lifecycle_3_0_0.json...
2026-04-26T22:36:09.8386586Z backend-1    | 2026-04-26 22:34:21,391 - storage_provider - INFO - LocalStorageProvider: exists(remote=users/e2e-bypass-3-0-0/config.json) -> /app/data/users/e2e-bypass-3-0-0/config.json: True
2026-04-26T22:36:09.8388170Z backend-1    | 2026-04-26 22:34:21,391 - storage_provider - INFO - LocalStorageProvider: download_file(remote=users/e2e-bypass-3-0-0/config.json, local=/tmp/tmpax3s2xel.json) -> src=/app/data/users/e2e-bypass-3-0-0/config.json
2026-04-26T22:36:09.8389824Z backend-1    | 2026-04-26 22:34:21,392 - storage_provider - INFO - LocalStorageProvider: upload_file(local=/tmp/tmpuli2_nds.json, remote=users/e2e-bypass-3-0-0/config.json) -> dest=/app/data/users/e2e-bypass-3-0-0/config.json
2026-04-26T22:36:09.8391300Z backend-1    | 2026-04-26 22:34:21,392 - storage_provider - INFO - LocalStorageProvider: successfully saved to /app/data/users/e2e-bypass-3-0-0/config.json
2026-04-26T22:36:09.8392382Z backend-1    | 2026-04-26 22:34:21,398 - root - INFO - SetActiveDataset: Forcing synchronous extraction for e2e-bypass-3-0-0/dq_lifecycle_3_0_0.json...
2026-04-26T22:36:09.8393906Z backend-1    | 2026-04-26 22:34:21,398 - storage_provider - INFO - LocalStorageProvider: exists(remote=users/e2e-bypass-3-0-0/config.json) -> /app/data/users/e2e-bypass-3-0-0/config.json: True
2026-04-26T22:36:09.8395483Z backend-1    | 2026-04-26 22:34:21,399 - storage_provider - INFO - LocalStorageProvider: download_file(remote=users/e2e-bypass-3-0-0/config.json, local=/tmp/tmpagda9qel.json) -> src=/app/data/users/e2e-bypass-3-0-0/config.json
2026-04-26T22:36:09.8397091Z backend-1    | 2026-04-26 22:34:21,399 - storage_provider - INFO - LocalStorageProvider: exists(remote=users/e2e-bypass-3-0-0/dq_lifecycle_3_0_0.json) -> /app/data/users/e2e-bypass-3-0-0/dq_lifecycle_3_0_0.json: True
2026-04-26T22:36:09.8398345Z backend-1    | 2026-04-26 22:34:21,399 - root - INFO - E2E: uid=e2e-bypass-3-0-0, file=users/e2e-bypass-3-0-0/dq_lifecycle_3_0_0.json, exists=True
2026-04-26T22:36:09.8399810Z backend-1    | 2026-04-26 22:34:21,399 - storage_provider - INFO - LocalStorageProvider: download_file(remote=users/e2e-bypass-3-0-0/dq_lifecycle_3_0_0.json, local=/tmp/tmpj6ov22vy.json) -> src=/app/data/users/e2e-bypass-3-0-0/dq_lifecycle_3_0_0.json
2026-04-26T22:36:09.8401178Z backend-1    | 2026-04-26 22:34:21,410 - auth_interceptor - WARNING - Invalid token: A project ID is required to access the auth service.
2026-04-26T22:36:09.8401835Z backend-1    |             1. Use a service account credential, or
2026-04-26T22:36:09.8402357Z backend-1    |             2. set the project ID explicitly via Firebase App options, or
2026-04-26T22:36:09.8402971Z backend-1    |             3. set the project ID via the GOOGLE_CLOUD_PROJECT environment variable.
2026-04-26T22:36:09.8404013Z backend-1    | 2026-04-26 22:34:21,504 - root - INFO - SetActiveDataset: Extraction complete for e2e-bypass-3-0-0/dq_lifecycle_3_0_0.json
2026-04-26T22:36:09.8405234Z backend-1    | 2026-04-26 22:34:21,504 - storage_provider - INFO - LocalStorageProvider: exists(remote=users/e2e-bypass-3-0-0/config.json) -> /app/data/users/e2e-bypass-3-0-0/config.json: True
2026-04-26T22:36:09.8406784Z backend-1    | 2026-04-26 22:34:21,505 - storage_provider - INFO - LocalStorageProvider: download_file(remote=users/e2e-bypass-3-0-0/config.json, local=/tmp/tmpfbxzifvo.json) -> src=/app/data/users/e2e-bypass-3-0-0/config.json
2026-04-26T22:36:09.8408387Z backend-1    | 2026-04-26 22:34:21,505 - storage_provider - INFO - LocalStorageProvider: exists(remote=users/e2e-bypass-3-0-0/dq_lifecycle_3_0_0.json) -> /app/data/users/e2e-bypass-3-0-0/dq_lifecycle_3_0_0.json: True
2026-04-26T22:36:09.8409632Z backend-1    | 2026-04-26 22:34:21,505 - root - INFO - E2E: uid=e2e-bypass-3-0-0, file=users/e2e-bypass-3-0-0/dq_lifecycle_3_0_0.json, exists=True
2026-04-26T22:36:09.8411102Z backend-1    | 2026-04-26 22:34:21,506 - storage_provider - INFO - LocalStorageProvider: download_file(remote=users/e2e-bypass-3-0-0/dq_lifecycle_3_0_0.json, local=/tmp/tmpu9bxbd2q.json) -> src=/app/data/users/e2e-bypass-3-0-0/dq_lifecycle_3_0_0.json
2026-04-26T22:36:09.8412565Z backend-1    | 2026-04-26 22:34:22,219 - auth_interceptor - WARNING - Invalid token: A project ID is required to access the auth service.
2026-04-26T22:36:09.8413262Z backend-1    |             1. Use a service account credential, or
2026-04-26T22:36:09.8414024Z backend-1    |             2. set the project ID explicitly via Firebase App options, or
2026-04-26T22:36:09.8414639Z backend-1    |             3. set the project ID via the GOOGLE_CLOUD_PROJECT environment variable.
2026-04-26T22:36:09.8415722Z backend-1    | 2026-04-26 22:34:22,220 - storage_provider - INFO - LocalStorageProvider: exists(remote=users/e2e-bypass-3-0-0/config.json) -> /app/data/users/e2e-bypass-3-0-0/config.json: True
2026-04-26T22:36:09.8417458Z backend-1    | 2026-04-26 22:34:22,220 - storage_provider - INFO - LocalStorageProvider: download_file(remote=users/e2e-bypass-3-0-0/config.json, local=/tmp/tmpz0c4vw97.json) -> src=/app/data/users/e2e-bypass-3-0-0/config.json
2026-04-26T22:36:09.8419080Z backend-1    | 2026-04-26 22:34:22,221 - storage_provider - INFO - LocalStorageProvider: exists(remote=users/e2e-bypass-3-0-0/dq_lifecycle_3_0_0.json) -> /app/data/users/e2e-bypass-3-0-0/dq_lifecycle_3_0_0.json: True
2026-04-26T22:36:09.8420318Z backend-1    | 2026-04-26 22:34:22,221 - root - INFO - E2E: uid=e2e-bypass-3-0-0, file=users/e2e-bypass-3-0-0/dq_lifecycle_3_0_0.json, exists=True
2026-04-26T22:36:09.8421774Z backend-1    | 2026-04-26 22:34:22,221 - storage_provider - INFO - LocalStorageProvider: download_file(remote=users/e2e-bypass-3-0-0/dq_lifecycle_3_0_0.json, local=/tmp/tmpj807okms.json) -> src=/app/data/users/e2e-bypass-3-0-0/dq_lifecycle_3_0_0.json
2026-04-26T22:36:09.8423106Z backend-1    | 2026-04-26 22:34:23,105 - auth_interceptor - WARNING - Invalid token: A project ID is required to access the auth service.
2026-04-26T22:36:09.8424014Z backend-1    |             1. Use a service account credential, or
2026-04-26T22:36:09.8424536Z backend-1    |             2. set the project ID explicitly via Firebase App options, or
2026-04-26T22:36:09.8425149Z backend-1    |             3. set the project ID via the GOOGLE_CLOUD_PROJECT environment variable.
2026-04-26T22:36:09.8426231Z backend-1    | 2026-04-26 22:34:23,105 - storage_provider - INFO - LocalStorageProvider: exists(remote=users/e2e-bypass-3-0-0/config.json) -> /app/data/users/e2e-bypass-3-0-0/config.json: True
2026-04-26T22:36:09.8427779Z backend-1    | 2026-04-26 22:34:23,106 - storage_provider - INFO - LocalStorageProvider: download_file(remote=users/e2e-bypass-3-0-0/config.json, local=/tmp/tmp39fdhm0_.json) -> src=/app/data/users/e2e-bypass-3-0-0/config.json
2026-04-26T22:36:09.8429014Z backend-1    | 2026-04-26 22:34:23,106 - root - INFO - ListDatasets: uid=e2e-bypass-3-0-0, active_file=dq_lifecycle_3_0_0.json
2026-04-26T22:36:09.8429880Z backend-1    | 2026-04-26 22:34:23,106 - root - INFO - ListDatasets: Checking local path: /app/data/users/e2e-bypass-3-0-0
2026-04-26T22:36:09.8430929Z backend-1    | 2026-04-26 22:34:23,106 - storage_provider - INFO - LocalStorageProvider: list_files(prefix=users/e2e-bypass-3-0-0) -> /app/data/users/e2e-bypass-3-0-0
2026-04-26T22:36:09.8432235Z backend-1    | 2026-04-26 22:34:23,106 - storage_provider - INFO - LocalStorageProvider: found 2 files: ['users/e2e-bypass-3-0-0/config.json', 'users/e2e-bypass-3-0-0/dq_lifecycle_3_0_0.json']
2026-04-26T22:36:09.8433839Z backend-1    | 2026-04-26 22:34:23,106 - root - INFO - ListDatasets: Found 2 files in users/e2e-bypass-3-0-0: ['users/e2e-bypass-3-0-0/config.json', 'users/e2e-bypass-3-0-0/dq_lifecycle_3_0_0.json']
2026-04-26T22:36:09.8435054Z backend-1    | 2026-04-26 22:34:23,790 - auth_interceptor - WARNING - Invalid token: A project ID is required to access the auth service.
2026-04-26T22:36:09.8435742Z backend-1    |             1. Use a service account credential, or
2026-04-26T22:36:09.8436249Z backend-1    |             2. set the project ID explicitly via Firebase App options, or
2026-04-26T22:36:09.8436849Z backend-1    |             3. set the project ID via the GOOGLE_CLOUD_PROJECT environment variable.
2026-04-26T22:36:09.8438044Z backend-1    | 2026-04-26 22:34:23,790 - storage_provider - INFO - LocalStorageProvider: exists(remote=users/e2e-bypass-3-0-0/config.json) -> /app/data/users/e2e-bypass-3-0-0/config.json: True
2026-04-26T22:36:09.8439590Z backend-1    | 2026-04-26 22:34:23,790 - storage_provider - INFO - LocalStorageProvider: download_file(remote=users/e2e-bypass-3-0-0/config.json, local=/tmp/tmpz6fudxoi.json) -> src=/app/data/users/e2e-bypass-3-0-0/config.json
2026-04-26T22:36:09.8440800Z backend-1    | 2026-04-26 22:34:23,791 - root - INFO - ListDatasets: uid=e2e-bypass-3-0-0, active_file=dq_lifecycle_3_0_0.json
2026-04-26T22:36:09.8441764Z backend-1    | 2026-04-26 22:34:23,791 - root - INFO - ListDatasets: Checking local path: /app/data/users/e2e-bypass-3-0-0
2026-04-26T22:36:09.8442805Z backend-1    | 2026-04-26 22:34:23,791 - storage_provider - INFO - LocalStorageProvider: list_files(prefix=users/e2e-bypass-3-0-0) -> /app/data/users/e2e-bypass-3-0-0
2026-04-26T22:36:09.8444348Z backend-1    | 2026-04-26 22:34:23,791 - storage_provider - INFO - LocalStorageProvider: found 2 files: ['users/e2e-bypass-3-0-0/config.json', 'users/e2e-bypass-3-0-0/dq_lifecycle_3_0_0.json']
2026-04-26T22:36:09.8445766Z backend-1    | 2026-04-26 22:34:23,791 - root - INFO - ListDatasets: Found 2 files in users/e2e-bypass-3-0-0: ['users/e2e-bypass-3-0-0/config.json', 'users/e2e-bypass-3-0-0/dq_lifecycle_3_0_0.json']
2026-04-26T22:36:09.8446922Z backend-1    | 2026-04-26 22:34:23,875 - auth_interceptor - WARNING - Invalid token: A project ID is required to access the auth service.
2026-04-26T22:36:09.8447582Z backend-1    |             1. Use a service account credential, or
2026-04-26T22:36:09.8448089Z backend-1    |             2. set the project ID explicitly via Firebase App options, or
2026-04-26T22:36:09.8448693Z backend-1    |             3. set the project ID via the GOOGLE_CLOUD_PROJECT environment variable.
2026-04-26T22:36:09.8449768Z backend-1    | 2026-04-26 22:34:23,876 - storage_provider - INFO - LocalStorageProvider: exists(remote=users/e2e-bypass-3-0-0/config.json) -> /app/data/users/e2e-bypass-3-0-0/config.json: True
2026-04-26T22:36:09.8451310Z backend-1    | 2026-04-26 22:34:23,877 - storage_provider - INFO - LocalStorageProvider: download_file(remote=users/e2e-bypass-3-0-0/config.json, local=/tmp/tmph1bhzcwf.json) -> src=/app/data/users/e2e-bypass-3-0-0/config.json
2026-04-26T22:36:09.8452928Z backend-1    | 2026-04-26 22:34:23,878 - storage_provider - INFO - LocalStorageProvider: exists(remote=users/e2e-bypass-3-0-0/dq_lifecycle_3_0_0.json) -> /app/data/users/e2e-bypass-3-0-0/dq_lifecycle_3_0_0.json: True
2026-04-26T22:36:09.8454376Z backend-1    | 2026-04-26 22:34:23,878 - root - INFO - E2E: uid=e2e-bypass-3-0-0, file=users/e2e-bypass-3-0-0/dq_lifecycle_3_0_0.json, exists=True
2026-04-26T22:36:09.8455859Z backend-1    | 2026-04-26 22:34:23,879 - storage_provider - INFO - LocalStorageProvider: download_file(remote=users/e2e-bypass-3-0-0/dq_lifecycle_3_0_0.json, local=/tmp/tmph_ofp7pa.json) -> src=/app/data/users/e2e-bypass-3-0-0/dq_lifecycle_3_0_0.json
2026-04-26T22:36:09.8457860Z backend-1    | 2026-04-26 22:34:24,050 - storage_provider - INFO - LocalStorageProvider: upload_file(local=/tmp/tmpxk2bs620.json, remote=users/e2e-bypass-3-0-0/published/program_dq_lifecycle_3_0_0.json) -> dest=/app/data/users/e2e-bypass-3-0-0/published/program_dq_lifecycle_3_0_0.json
2026-04-26T22:36:09.8459539Z backend-1    | 2026-04-26 22:34:24,050 - storage_provider - INFO - LocalStorageProvider: successfully saved to /app/data/users/e2e-bypass-3-0-0/published/program_dq_lifecycle_3_0_0.json
2026-04-26T22:36:09.8460659Z backend-1    | 2026-04-26 22:34:24,460 - auth_interceptor - WARNING - Invalid token: A project ID is required to access the auth service.
2026-04-26T22:36:09.8461320Z backend-1    |             1. Use a service account credential, or
2026-04-26T22:36:09.8461821Z backend-1    |             2. set the project ID explicitly via Firebase App options, or
2026-04-26T22:36:09.8462422Z backend-1    |             3. set the project ID via the GOOGLE_CLOUD_PROJECT environment variable.
2026-04-26T22:36:09.8463374Z backend-1    | 2026-04-26 22:34:24,483 - auth_interceptor - WARNING - Invalid token: A project ID is required to access the auth service.
2026-04-26T22:36:09.8464332Z backend-1    |             1. Use a service account credential, or
2026-04-26T22:36:09.8464840Z backend-1    |             2. set the project ID explicitly via Firebase App options, or
2026-04-26T22:36:09.8465464Z backend-1    |             3. set the project ID via the GOOGLE_CLOUD_PROJECT environment variable.
2026-04-26T22:36:09.8466540Z backend-1    | 2026-04-26 22:34:24,484 - storage_provider - INFO - LocalStorageProvider: exists(remote=users/e2e-bypass-3-0-0/config.json) -> /app/data/users/e2e-bypass-3-0-0/config.json: True
2026-04-26T22:36:09.8468250Z backend-1    | 2026-04-26 22:34:24,484 - storage_provider - INFO - LocalStorageProvider: download_file(remote=users/e2e-bypass-3-0-0/config.json, local=/tmp/tmpnx6nyx8i.json) -> src=/app/data/users/e2e-bypass-3-0-0/config.json
2026-04-26T22:36:09.8469870Z backend-1    | 2026-04-26 22:34:24,485 - storage_provider - INFO - LocalStorageProvider: exists(remote=users/e2e-bypass-3-0-0/dq_lifecycle_3_0_0.json) -> /app/data/users/e2e-bypass-3-0-0/dq_lifecycle_3_0_0.json: True
2026-04-26T22:36:09.8471120Z backend-1    | 2026-04-26 22:34:24,485 - root - INFO - E2E: uid=e2e-bypass-3-0-0, file=users/e2e-bypass-3-0-0/dq_lifecycle_3_0_0.json, exists=True
2026-04-26T22:36:09.8472580Z backend-1    | 2026-04-26 22:34:24,485 - storage_provider - INFO - LocalStorageProvider: download_file(remote=users/e2e-bypass-3-0-0/dq_lifecycle_3_0_0.json, local=/tmp/tmp3mk0m0oo.json) -> src=/app/data/users/e2e-bypass-3-0-0/dq_lifecycle_3_0_0.json
2026-04-26T22:36:09.8474178Z backend-1    | 2026-04-26 22:34:24,497 - auth_interceptor - WARNING - Invalid token: A project ID is required to access the auth service.
2026-04-26T22:36:09.8474857Z backend-1    |             1. Use a service account credential, or
2026-04-26T22:36:09.8475375Z backend-1    |             2. set the project ID explicitly via Firebase App options, or
2026-04-26T22:36:09.8475991Z backend-1    |             3. set the project ID via the GOOGLE_CLOUD_PROJECT environment variable.
2026-04-26T22:36:09.8477077Z backend-1    | 2026-04-26 22:34:24,583 - storage_provider - INFO - LocalStorageProvider: exists(remote=users/e2e-bypass-3-0-0/config.json) -> /app/data/users/e2e-bypass-3-0-0/config.json: True
2026-04-26T22:36:09.8478622Z backend-1    | 2026-04-26 22:34:24,583 - storage_provider - INFO - LocalStorageProvider: download_file(remote=users/e2e-bypass-3-0-0/config.json, local=/tmp/tmp1het6qzw.json) -> src=/app/data/users/e2e-bypass-3-0-0/config.json
2026-04-26T22:36:09.8480239Z backend-1    | 2026-04-26 22:34:24,584 - storage_provider - INFO - LocalStorageProvider: exists(remote=users/e2e-bypass-3-0-0/dq_lifecycle_3_0_0.json) -> /app/data/users/e2e-bypass-3-0-0/dq_lifecycle_3_0_0.json: True
2026-04-26T22:36:09.8481483Z backend-1    | 2026-04-26 22:34:24,584 - root - INFO - E2E: uid=e2e-bypass-3-0-0, file=users/e2e-bypass-3-0-0/dq_lifecycle_3_0_0.json, exists=True
2026-04-26T22:36:09.8482948Z backend-1    | 2026-04-26 22:34:24,584 - storage_provider - INFO - LocalStorageProvider: download_file(remote=users/e2e-bypass-3-0-0/dq_lifecycle_3_0_0.json, local=/tmp/tmpf7h93u91.json) -> src=/app/data/users/e2e-bypass-3-0-0/dq_lifecycle_3_0_0.json
2026-04-26T22:36:09.8484511Z backend-1    | 2026-04-26 22:34:45,465 - auth_interceptor - WARNING - Invalid token: A project ID is required to access the auth service.
2026-04-26T22:36:09.8485186Z backend-1    |             1. Use a service account credential, or
2026-04-26T22:36:09.8485747Z backend-1    |             2. set the project ID explicitly via Firebase App options, or
2026-04-26T22:36:09.8486353Z backend-1    |             3. set the project ID via the GOOGLE_CLOUD_PROJECT environment variable.
2026-04-26T22:36:09.8487583Z backend-1    | 2026-04-26 22:34:45,465 - storage_provider - INFO - LocalStorageProvider: exists(remote=users/e2e-bypass-3-1-1/config.json) -> /app/data/users/e2e-bypass-3-1-1/config.json: False
2026-04-26T22:36:09.8488690Z backend-1    | 2026-04-26 22:34:45,465 - root - INFO - ListDatasets: uid=e2e-bypass-3-1-1, active_file=Sample_Data.json
2026-04-26T22:36:09.8489528Z backend-1    | 2026-04-26 22:34:45,465 - root - INFO - ListDatasets: Checking local path: /app/data/users/e2e-bypass-3-1-1
2026-04-26T22:36:09.8490574Z backend-1    | 2026-04-26 22:34:45,465 - storage_provider - INFO - LocalStorageProvider: list_files(prefix=users/e2e-bypass-3-1-1) -> /app/data/users/e2e-bypass-3-1-1
2026-04-26T22:36:09.8491681Z backend-1    | 2026-04-26 22:34:45,465 - storage_provider - INFO - LocalStorageProvider: path does not exist: /app/data/users/e2e-bypass-3-1-1
2026-04-26T22:36:09.8492705Z backend-1    | 2026-04-26 22:34:45,465 - root - INFO - ListDatasets: No files found for e2e-bypass-3-1-1, retrying in 2s...
2026-04-26T22:36:09.8493942Z backend-1    | 2026-04-26 22:34:47,466 - storage_provider - INFO - LocalStorageProvider: list_files(prefix=users/e2e-bypass-3-1-1) -> /app/data/users/e2e-bypass-3-1-1
2026-04-26T22:36:09.8495063Z backend-1    | 2026-04-26 22:34:47,466 - storage_provider - INFO - LocalStorageProvider: path does not exist: /app/data/users/e2e-bypass-3-1-1
2026-04-26T22:36:09.8495970Z backend-1    | 2026-04-26 22:34:47,466 - root - INFO - ListDatasets: No files found for e2e-bypass-3-1-1, retrying in 2s...
2026-04-26T22:36:09.8497013Z backend-1    | 2026-04-26 22:34:49,466 - storage_provider - INFO - LocalStorageProvider: list_files(prefix=users/e2e-bypass-3-1-1) -> /app/data/users/e2e-bypass-3-1-1
2026-04-26T22:36:09.8498102Z backend-1    | 2026-04-26 22:34:49,466 - storage_provider - INFO - LocalStorageProvider: path does not exist: /app/data/users/e2e-bypass-3-1-1
2026-04-26T22:36:09.8499027Z backend-1    | 2026-04-26 22:34:49,466 - root - INFO - ListDatasets: No files found for e2e-bypass-3-1-1, retrying in 2s...
2026-04-26T22:36:09.8500060Z backend-1    | 2026-04-26 22:34:51,466 - storage_provider - INFO - LocalStorageProvider: list_files(prefix=users/e2e-bypass-3-1-1) -> /app/data/users/e2e-bypass-3-1-1
2026-04-26T22:36:09.8501944Z backend-1    | 2026-04-26 22:34:51,467 - storage_provider - INFO - LocalStorageProvider: path does not exist: /app/data/users/e2e-bypass-3-1-1
2026-04-26T22:36:09.8502890Z backend-1    | 2026-04-26 22:34:51,467 - root - INFO - ListDatasets: No files found for e2e-bypass-3-1-1, retrying in 2s...
2026-04-26T22:36:09.8504152Z backend-1    | 2026-04-26 22:34:53,467 - storage_provider - INFO - LocalStorageProvider: list_files(prefix=users/e2e-bypass-3-1-1) -> /app/data/users/e2e-bypass-3-1-1
2026-04-26T22:36:09.8505290Z backend-1    | 2026-04-26 22:34:53,467 - storage_provider - INFO - LocalStorageProvider: path does not exist: /app/data/users/e2e-bypass-3-1-1
2026-04-26T22:36:09.8506176Z backend-1    | 2026-04-26 22:34:53,467 - root - INFO - ListDatasets: Found 0 files in users/e2e-bypass-3-1-1: []
2026-04-26T22:36:09.8507146Z backend-1    | 2026-04-26 22:34:53,467 - storage_provider - INFO - LocalStorageProvider: exists(remote=Sample_Data.json) -> /app/data/Sample_Data.json: True
2026-04-26T22:36:09.8508175Z backend-1    | 2026-04-26 22:34:54,095 - auth_interceptor - WARNING - Invalid token: A project ID is required to access the auth service.
2026-04-26T22:36:09.8508835Z backend-1    |             1. Use a service account credential, or
2026-04-26T22:36:09.8509347Z backend-1    |             2. set the project ID explicitly via Firebase App options, or
2026-04-26T22:36:09.8509952Z backend-1    |             3. set the project ID via the GOOGLE_CLOUD_PROJECT environment variable.
2026-04-26T22:36:09.8510808Z backend-1    | 2026-04-26 22:34:54,096 - root - INFO - UploadDataset: uid=e2e-bypass-3-1-1, received total 307907 bytes for dq_lifecycle_3_1_1.json
2026-04-26T22:36:09.8512111Z backend-1    | 2026-04-26 22:34:54,096 - root - INFO - UploadDataset: saving to users/e2e-bypass-3-1-1/dq_lifecycle_3_1_1.json (abs: /app/data/users/e2e-bypass-3-1-1/dq_lifecycle_3_1_1.json) for e2e-bypass-3-1-1
2026-04-26T22:36:09.8514173Z backend-1    | 2026-04-26 22:34:54,096 - storage_provider - INFO - LocalStorageProvider: upload_file(local=/tmp/tmpeudpyaxu.json, remote=users/e2e-bypass-3-1-1/dq_lifecycle_3_1_1.json) -> dest=/app/data/users/e2e-bypass-3-1-1/dq_lifecycle_3_1_1.json
2026-04-26T22:36:09.8515715Z backend-1    | 2026-04-26 22:34:54,097 - storage_provider - INFO - LocalStorageProvider: successfully saved to /app/data/users/e2e-bypass-3-1-1/dq_lifecycle_3_1_1.json
2026-04-26T22:36:09.8516720Z backend-1    | 2026-04-26 22:34:54,125 - root - INFO - Saved uploaded file to users/e2e-bypass-3-1-1/dq_lifecycle_3_1_1.json
2026-04-26T22:36:09.8518057Z backend-1    | 2026-04-26 22:34:54,125 - storage_provider - INFO - LocalStorageProvider: exists(remote=users/e2e-bypass-3-1-1/config.json) -> /app/data/users/e2e-bypass-3-1-1/config.json: False
2026-04-26T22:36:09.8519593Z backend-1    | 2026-04-26 22:34:54,126 - storage_provider - INFO - LocalStorageProvider: upload_file(local=/tmp/tmpupm0f8bw.json, remote=users/e2e-bypass-3-1-1/config.json) -> dest=/app/data/users/e2e-bypass-3-1-1/config.json
2026-04-26T22:36:09.8520948Z backend-1    | 2026-04-26 22:34:54,126 - storage_provider - INFO - LocalStorageProvider: successfully saved to /app/data/users/e2e-bypass-3-1-1/config.json
2026-04-26T22:36:09.8521984Z backend-1    | 2026-04-26 22:34:56,154 - auth_interceptor - WARNING - Invalid token: A project ID is required to access the auth service.
2026-04-26T22:36:09.8522648Z backend-1    |             1. Use a service account credential, or
2026-04-26T22:36:09.8523152Z backend-1    |             2. set the project ID explicitly via Firebase App options, or
2026-04-26T22:36:09.8523970Z backend-1    |             3. set the project ID via the GOOGLE_CLOUD_PROJECT environment variable.
2026-04-26T22:36:09.8525047Z backend-1    | 2026-04-26 22:34:56,154 - storage_provider - INFO - LocalStorageProvider: exists(remote=users/e2e-bypass-3-1-1/config.json) -> /app/data/users/e2e-bypass-3-1-1/config.json: True
2026-04-26T22:36:09.8526593Z backend-1    | 2026-04-26 22:34:56,154 - storage_provider - INFO - LocalStorageProvider: download_file(remote=users/e2e-bypass-3-1-1/config.json, local=/tmp/tmpv4dz6rje.json) -> src=/app/data/users/e2e-bypass-3-1-1/config.json
2026-04-26T22:36:09.8527799Z backend-1    | 2026-04-26 22:34:56,155 - root - INFO - ListDatasets: uid=e2e-bypass-3-1-1, active_file=dq_lifecycle_3_1_1.json
2026-04-26T22:36:09.8528646Z backend-1    | 2026-04-26 22:34:56,155 - root - INFO - ListDatasets: Checking local path: /app/data/users/e2e-bypass-3-1-1
2026-04-26T22:36:09.8529687Z backend-1    | 2026-04-26 22:34:56,155 - storage_provider - INFO - LocalStorageProvider: list_files(prefix=users/e2e-bypass-3-1-1) -> /app/data/users/e2e-bypass-3-1-1
2026-04-26T22:36:09.8530986Z backend-1    | 2026-04-26 22:34:56,155 - storage_provider - INFO - LocalStorageProvider: found 2 files: ['users/e2e-bypass-3-1-1/config.json', 'users/e2e-bypass-3-1-1/dq_lifecycle_3_1_1.json']
2026-04-26T22:36:09.8532376Z backend-1    | 2026-04-26 22:34:56,155 - root - INFO - ListDatasets: Found 2 files in users/e2e-bypass-3-1-1: ['users/e2e-bypass-3-1-1/config.json', 'users/e2e-bypass-3-1-1/dq_lifecycle_3_1_1.json']
2026-04-26T22:36:09.8533514Z backend-1    | 2026-04-26 22:34:56,991 - auth_interceptor - WARNING - Invalid token: A project ID is required to access the auth service.
2026-04-26T22:36:09.8534384Z backend-1    |             1. Use a service account credential, or
2026-04-26T22:36:09.8534896Z backend-1    |             2. set the project ID explicitly via Firebase App options, or
2026-04-26T22:36:09.8535497Z backend-1    |             3. set the project ID via the GOOGLE_CLOUD_PROJECT environment variable.
2026-04-26T22:36:09.8536677Z backend-1    | 2026-04-26 22:34:56,992 - storage_provider - INFO - LocalStorageProvider: exists(remote=users/e2e-bypass-3-1-1/dq_lifecycle_3_1_1.json) -> /app/data/users/e2e-bypass-3-1-1/dq_lifecycle_3_1_1.json: True
2026-04-26T22:36:09.8537830Z backend-1    | 2026-04-26 22:34:56,993 - root - INFO - Switching user e2e-bypass-3-1-1 dataset to dq_lifecycle_3_1_1.json...
2026-04-26T22:36:09.8539108Z backend-1    | 2026-04-26 22:34:56,993 - storage_provider - INFO - LocalStorageProvider: exists(remote=users/e2e-bypass-3-1-1/config.json) -> /app/data/users/e2e-bypass-3-1-1/config.json: True
2026-04-26T22:36:09.8540652Z backend-1    | 2026-04-26 22:34:56,993 - storage_provider - INFO - LocalStorageProvider: download_file(remote=users/e2e-bypass-3-1-1/config.json, local=/tmp/tmphk3e7yaq.json) -> src=/app/data/users/e2e-bypass-3-1-1/config.json
2026-04-26T22:36:09.8542303Z backend-1    | 2026-04-26 22:34:56,994 - storage_provider - INFO - LocalStorageProvider: upload_file(local=/tmp/tmpntu1ste6.json, remote=users/e2e-bypass-3-1-1/config.json) -> dest=/app/data/users/e2e-bypass-3-1-1/config.json
2026-04-26T22:36:09.8543975Z backend-1    | 2026-04-26 22:34:56,994 - storage_provider - INFO - LocalStorageProvider: successfully saved to /app/data/users/e2e-bypass-3-1-1/config.json
2026-04-26T22:36:09.8545093Z backend-1    | 2026-04-26 22:34:57,005 - root - INFO - SetActiveDataset: Forcing synchronous extraction for e2e-bypass-3-1-1/dq_lifecycle_3_1_1.json...
2026-04-26T22:36:09.8546347Z backend-1    | 2026-04-26 22:34:57,006 - storage_provider - INFO - LocalStorageProvider: exists(remote=users/e2e-bypass-3-1-1/config.json) -> /app/data/users/e2e-bypass-3-1-1/config.json: True
2026-04-26T22:36:09.8547877Z backend-1    | 2026-04-26 22:34:57,006 - storage_provider - INFO - LocalStorageProvider: download_file(remote=users/e2e-bypass-3-1-1/config.json, local=/tmp/tmpp3kkt5yh.json) -> src=/app/data/users/e2e-bypass-3-1-1/config.json
2026-04-26T22:36:09.8549473Z backend-1    | 2026-04-26 22:34:57,006 - storage_provider - INFO - LocalStorageProvider: exists(remote=users/e2e-bypass-3-1-1/dq_lifecycle_3_1_1.json) -> /app/data/users/e2e-bypass-3-1-1/dq_lifecycle_3_1_1.json: True
2026-04-26T22:36:09.8550731Z backend-1    | 2026-04-26 22:34:57,006 - root - INFO - E2E: uid=e2e-bypass-3-1-1, file=users/e2e-bypass-3-1-1/dq_lifecycle_3_1_1.json, exists=True
2026-04-26T22:36:09.8552210Z backend-1    | 2026-04-26 22:34:57,006 - storage_provider - INFO - LocalStorageProvider: download_file(remote=users/e2e-bypass-3-1-1/dq_lifecycle_3_1_1.json, local=/tmp/tmpa0a5gi0c.json) -> src=/app/data/users/e2e-bypass-3-1-1/dq_lifecycle_3_1_1.json
2026-04-26T22:36:09.8553533Z backend-1    | 2026-04-26 22:34:57,018 - auth_interceptor - WARNING - Invalid token: A project ID is required to access the auth service.
2026-04-26T22:36:09.8554456Z backend-1    |             1. Use a service account credential, or
2026-04-26T22:36:09.8554968Z backend-1    |             2. set the project ID explicitly via Firebase App options, or
2026-04-26T22:36:09.8555579Z backend-1    |             3. set the project ID via the GOOGLE_CLOUD_PROJECT environment variable.
2026-04-26T22:36:09.8556404Z backend-1    | 2026-04-26 22:34:57,135 - root - INFO - SetActiveDataset: Extraction complete for e2e-bypass-3-1-1/dq_lifecycle_3_1_1.json
2026-04-26T22:36:09.8557608Z backend-1    | 2026-04-26 22:34:57,135 - storage_provider - INFO - LocalStorageProvider: exists(remote=users/e2e-bypass-3-1-1/config.json) -> /app/data/users/e2e-bypass-3-1-1/config.json: True
2026-04-26T22:36:09.8559137Z backend-1    | 2026-04-26 22:34:57,135 - storage_provider - INFO - LocalStorageProvider: download_file(remote=users/e2e-bypass-3-1-1/config.json, local=/tmp/tmp9mq1cl5k.json) -> src=/app/data/users/e2e-bypass-3-1-1/config.json
2026-04-26T22:36:09.8560741Z backend-1    | 2026-04-26 22:34:57,136 - storage_provider - INFO - LocalStorageProvider: exists(remote=users/e2e-bypass-3-1-1/dq_lifecycle_3_1_1.json) -> /app/data/users/e2e-bypass-3-1-1/dq_lifecycle_3_1_1.json: True
2026-04-26T22:36:09.8561997Z backend-1    | 2026-04-26 22:34:57,136 - root - INFO - E2E: uid=e2e-bypass-3-1-1, file=users/e2e-bypass-3-1-1/dq_lifecycle_3_1_1.json, exists=True
2026-04-26T22:36:09.8563836Z backend-1    | 2026-04-26 22:34:57,137 - storage_provider - INFO - LocalStorageProvider: download_file(remote=users/e2e-bypass-3-1-1/dq_lifecycle_3_1_1.json, local=/tmp/tmpe3nnfa39.json) -> src=/app/data/users/e2e-bypass-3-1-1/dq_lifecycle_3_1_1.json
2026-04-26T22:36:09.8565271Z backend-1    | 2026-04-26 22:34:57,923 - auth_interceptor - WARNING - Invalid token: A project ID is required to access the auth service.
2026-04-26T22:36:09.8565944Z backend-1    |             1. Use a service account credential, or
2026-04-26T22:36:09.8566443Z backend-1    |             2. set the project ID explicitly via Firebase App options, or
2026-04-26T22:36:09.8567044Z backend-1    |             3. set the project ID via the GOOGLE_CLOUD_PROJECT environment variable.
2026-04-26T22:36:09.8568119Z backend-1    | 2026-04-26 22:34:57,924 - storage_provider - INFO - LocalStorageProvider: exists(remote=users/e2e-bypass-3-1-1/config.json) -> /app/data/users/e2e-bypass-3-1-1/config.json: True
2026-04-26T22:36:09.8569779Z backend-1    | 2026-04-26 22:34:57,924 - storage_provider - INFO - LocalStorageProvider: download_file(remote=users/e2e-bypass-3-1-1/config.json, local=/tmp/tmprttvv86j.json) -> src=/app/data/users/e2e-bypass-3-1-1/config.json
2026-04-26T22:36:09.8571386Z backend-1    | 2026-04-26 22:34:57,925 - storage_provider - INFO - LocalStorageProvider: exists(remote=users/e2e-bypass-3-1-1/dq_lifecycle_3_1_1.json) -> /app/data/users/e2e-bypass-3-1-1/dq_lifecycle_3_1_1.json: True
2026-04-26T22:36:09.8572621Z backend-1    | 2026-04-26 22:34:57,925 - root - INFO - E2E: uid=e2e-bypass-3-1-1, file=users/e2e-bypass-3-1-1/dq_lifecycle_3_1_1.json, exists=True
2026-04-26T22:36:09.8574336Z backend-1    | 2026-04-26 22:34:57,925 - storage_provider - INFO - LocalStorageProvider: download_file(remote=users/e2e-bypass-3-1-1/dq_lifecycle_3_1_1.json, local=/tmp/tmp8kxnt51_.json) -> src=/app/data/users/e2e-bypass-3-1-1/dq_lifecycle_3_1_1.json
2026-04-26T22:36:09.8575705Z backend-1    | 2026-04-26 22:34:58,829 - auth_interceptor - WARNING - Invalid token: A project ID is required to access the auth service.
2026-04-26T22:36:09.8576368Z backend-1    |             1. Use a service account credential, or
2026-04-26T22:36:09.8576878Z backend-1    |             2. set the project ID explicitly via Firebase App options, or
2026-04-26T22:36:09.8577481Z backend-1    |             3. set the project ID via the GOOGLE_CLOUD_PROJECT environment variable.
2026-04-26T22:36:09.8578551Z backend-1    | 2026-04-26 22:34:58,830 - storage_provider - INFO - LocalStorageProvider: exists(remote=users/e2e-bypass-3-1-1/config.json) -> /app/data/users/e2e-bypass-3-1-1/config.json: True
2026-04-26T22:36:09.8580090Z backend-1    | 2026-04-26 22:34:58,830 - storage_provider - INFO - LocalStorageProvider: download_file(remote=users/e2e-bypass-3-1-1/config.json, local=/tmp/tmp7_j79sw_.json) -> src=/app/data/users/e2e-bypass-3-1-1/config.json
2026-04-26T22:36:09.8581306Z backend-1    | 2026-04-26 22:34:58,831 - root - INFO - ListDatasets: uid=e2e-bypass-3-1-1, active_file=dq_lifecycle_3_1_1.json
2026-04-26T22:36:09.8582172Z backend-1    | 2026-04-26 22:34:58,831 - root - INFO - ListDatasets: Checking local path: /app/data/users/e2e-bypass-3-1-1
2026-04-26T22:36:09.8583219Z backend-1    | 2026-04-26 22:34:58,831 - storage_provider - INFO - LocalStorageProvider: list_files(prefix=users/e2e-bypass-3-1-1) -> /app/data/users/e2e-bypass-3-1-1
2026-04-26T22:36:09.8584792Z backend-1    | 2026-04-26 22:34:58,831 - storage_provider - INFO - LocalStorageProvider: found 2 files: ['users/e2e-bypass-3-1-1/config.json', 'users/e2e-bypass-3-1-1/dq_lifecycle_3_1_1.json']
2026-04-26T22:36:09.8586175Z backend-1    | 2026-04-26 22:34:58,831 - root - INFO - ListDatasets: Found 2 files in users/e2e-bypass-3-1-1: ['users/e2e-bypass-3-1-1/config.json', 'users/e2e-bypass-3-1-1/dq_lifecycle_3_1_1.json']
2026-04-26T22:36:09.8587328Z backend-1    | 2026-04-26 22:34:59,571 - auth_interceptor - WARNING - Invalid token: A project ID is required to access the auth service.
2026-04-26T22:36:09.8587980Z backend-1    |             1. Use a service account credential, or
2026-04-26T22:36:09.8588483Z backend-1    |             2. set the project ID explicitly via Firebase App options, or
2026-04-26T22:36:09.8589216Z backend-1    |             3. set the project ID via the GOOGLE_CLOUD_PROJECT environment variable.
2026-04-26T22:36:09.8590300Z backend-1    | 2026-04-26 22:34:59,573 - storage_provider - INFO - LocalStorageProvider: exists(remote=users/e2e-bypass-3-1-1/config.json) -> /app/data/users/e2e-bypass-3-1-1/config.json: True
2026-04-26T22:36:09.8591830Z backend-1    | 2026-04-26 22:34:59,573 - storage_provider - INFO - LocalStorageProvider: download_file(remote=users/e2e-bypass-3-1-1/config.json, local=/tmp/tmpy4qdnmcj.json) -> src=/app/data/users/e2e-bypass-3-1-1/config.json
2026-04-26T22:36:09.8593162Z backend-1    | 2026-04-26 22:34:59,574 - root - INFO - ListDatasets: uid=e2e-bypass-3-1-1, active_file=dq_lifecycle_3_1_1.json
2026-04-26T22:36:09.8594190Z backend-1    | 2026-04-26 22:34:59,574 - root - INFO - ListDatasets: Checking local path: /app/data/users/e2e-bypass-3-1-1
2026-04-26T22:36:09.8595238Z backend-1    | 2026-04-26 22:34:59,574 - storage_provider - INFO - LocalStorageProvider: list_files(prefix=users/e2e-bypass-3-1-1) -> /app/data/users/e2e-bypass-3-1-1
2026-04-26T22:36:09.8596528Z backend-1    | 2026-04-26 22:34:59,574 - storage_provider - INFO - LocalStorageProvider: found 2 files: ['users/e2e-bypass-3-1-1/config.json', 'users/e2e-bypass-3-1-1/dq_lifecycle_3_1_1.json']
2026-04-26T22:36:09.8597902Z backend-1    | 2026-04-26 22:34:59,574 - root - INFO - ListDatasets: Found 2 files in users/e2e-bypass-3-1-1: ['users/e2e-bypass-3-1-1/config.json', 'users/e2e-bypass-3-1-1/dq_lifecycle_3_1_1.json']
2026-04-26T22:36:09.8599036Z backend-1    | 2026-04-26 22:34:59,733 - auth_interceptor - WARNING - Invalid token: A project ID is required to access the auth service.
2026-04-26T22:36:09.8599697Z backend-1    |             1. Use a service account credential, or
2026-04-26T22:36:09.8600187Z backend-1    |             2. set the project ID explicitly via Firebase App options, or
2026-04-26T22:36:09.8600784Z backend-1    |             3. set the project ID via the GOOGLE_CLOUD_PROJECT environment variable.
2026-04-26T22:36:09.8601888Z backend-1    | 2026-04-26 22:34:59,734 - storage_provider - INFO - LocalStorageProvider: exists(remote=users/e2e-bypass-3-1-1/config.json) -> /app/data/users/e2e-bypass-3-1-1/config.json: True
2026-04-26T22:36:09.8603417Z backend-1    | 2026-04-26 22:34:59,734 - storage_provider - INFO - LocalStorageProvider: download_file(remote=users/e2e-bypass-3-1-1/config.json, local=/tmp/tmpjslejw6w.json) -> src=/app/data/users/e2e-bypass-3-1-1/config.json
2026-04-26T22:36:09.8605285Z backend-1    | 2026-04-26 22:34:59,735 - storage_provider - INFO - LocalStorageProvider: exists(remote=users/e2e-bypass-3-1-1/dq_lifecycle_3_1_1.json) -> /app/data/users/e2e-bypass-3-1-1/dq_lifecycle_3_1_1.json: True
2026-04-26T22:36:09.8606531Z backend-1    | 2026-04-26 22:34:59,735 - root - INFO - E2E: uid=e2e-bypass-3-1-1, file=users/e2e-bypass-3-1-1/dq_lifecycle_3_1_1.json, exists=True
2026-04-26T22:36:09.8607999Z backend-1    | 2026-04-26 22:34:59,735 - storage_provider - INFO - LocalStorageProvider: download_file(remote=users/e2e-bypass-3-1-1/dq_lifecycle_3_1_1.json, local=/tmp/tmpizsky0m6.json) -> src=/app/data/users/e2e-bypass-3-1-1/dq_lifecycle_3_1_1.json
2026-04-26T22:36:09.8609978Z backend-1    | 2026-04-26 22:34:59,916 - storage_provider - INFO - LocalStorageProvider: upload_file(local=/tmp/tmpi3wk85zs.json, remote=users/e2e-bypass-3-1-1/published/program_dq_lifecycle_3_1_1.json) -> dest=/app/data/users/e2e-bypass-3-1-1/published/program_dq_lifecycle_3_1_1.json
2026-04-26T22:36:09.8611648Z backend-1    | 2026-04-26 22:34:59,916 - storage_provider - INFO - LocalStorageProvider: successfully saved to /app/data/users/e2e-bypass-3-1-1/published/program_dq_lifecycle_3_1_1.json
2026-04-26T22:36:09.8612768Z backend-1    | 2026-04-26 22:35:00,399 - auth_interceptor - WARNING - Invalid token: A project ID is required to access the auth service.
2026-04-26T22:36:09.8613427Z backend-1    |             1. Use a service account credential, or
2026-04-26T22:36:09.8614042Z backend-1    |             2. set the project ID explicitly via Firebase App options, or
2026-04-26T22:36:09.8614775Z backend-1    |             3. set the project ID via the GOOGLE_CLOUD_PROJECT environment variable.
2026-04-26T22:36:09.8615623Z backend-1    | 2026-04-26 22:35:00,417 - auth_interceptor - WARNING - Invalid token: A project ID is required to access the auth service.
2026-04-26T22:36:09.8616280Z backend-1    |             1. Use a service account credential, or
2026-04-26T22:36:09.8616780Z backend-1    |             2. set the project ID explicitly via Firebase App options, or
2026-04-26T22:36:09.8617375Z backend-1    |             3. set the project ID via the GOOGLE_CLOUD_PROJECT environment variable.
2026-04-26T22:36:09.8618550Z backend-1    | 2026-04-26 22:35:00,417 - storage_provider - INFO - LocalStorageProvider: exists(remote=users/e2e-bypass-3-1-1/config.json) -> /app/data/users/e2e-bypass-3-1-1/config.json: True
2026-04-26T22:36:09.8620092Z backend-1    | 2026-04-26 22:35:00,418 - storage_provider - INFO - LocalStorageProvider: download_file(remote=users/e2e-bypass-3-1-1/config.json, local=/tmp/tmphg7p0lnq.json) -> src=/app/data/users/e2e-bypass-3-1-1/config.json
2026-04-26T22:36:09.8621692Z backend-1    | 2026-04-26 22:35:00,418 - storage_provider - INFO - LocalStorageProvider: exists(remote=users/e2e-bypass-3-1-1/dq_lifecycle_3_1_1.json) -> /app/data/users/e2e-bypass-3-1-1/dq_lifecycle_3_1_1.json: True
2026-04-26T22:36:09.8622930Z backend-1    | 2026-04-26 22:35:00,418 - root - INFO - E2E: uid=e2e-bypass-3-1-1, file=users/e2e-bypass-3-1-1/dq_lifecycle_3_1_1.json, exists=True
2026-04-26T22:36:09.8624687Z backend-1    | 2026-04-26 22:35:00,418 - storage_provider - INFO - LocalStorageProvider: download_file(remote=users/e2e-bypass-3-1-1/dq_lifecycle_3_1_1.json, local=/tmp/tmpq2dh0f6v.json) -> src=/app/data/users/e2e-bypass-3-1-1/dq_lifecycle_3_1_1.json
2026-04-26T22:36:09.8626035Z backend-1    | 2026-04-26 22:35:00,436 - auth_interceptor - WARNING - Invalid token: A project ID is required to access the auth service.
2026-04-26T22:36:09.8626694Z backend-1    |             1. Use a service account credential, or
2026-04-26T22:36:09.8627190Z backend-1    |             2. set the project ID explicitly via Firebase App options, or
2026-04-26T22:36:09.8627783Z backend-1    |             3. set the project ID via the GOOGLE_CLOUD_PROJECT environment variable.
2026-04-26T22:36:09.8628852Z backend-1    | 2026-04-26 22:35:00,535 - storage_provider - INFO - LocalStorageProvider: exists(remote=users/e2e-bypass-3-1-1/config.json) -> /app/data/users/e2e-bypass-3-1-1/config.json: True
2026-04-26T22:36:09.8630388Z backend-1    | 2026-04-26 22:35:00,536 - storage_provider - INFO - LocalStorageProvider: download_file(remote=users/e2e-bypass-3-1-1/config.json, local=/tmp/tmpa1c0bthd.json) -> src=/app/data/users/e2e-bypass-3-1-1/config.json
2026-04-26T22:36:09.8631989Z backend-1    | 2026-04-26 22:35:00,536 - storage_provider - INFO - LocalStorageProvider: exists(remote=users/e2e-bypass-3-1-1/dq_lifecycle_3_1_1.json) -> /app/data/users/e2e-bypass-3-1-1/dq_lifecycle_3_1_1.json: True
2026-04-26T22:36:09.8633242Z backend-1    | 2026-04-26 22:35:00,536 - root - INFO - E2E: uid=e2e-bypass-3-1-1, file=users/e2e-bypass-3-1-1/dq_lifecycle_3_1_1.json, exists=True
2026-04-26T22:36:09.8634868Z backend-1    | 2026-04-26 22:35:00,537 - storage_provider - INFO - LocalStorageProvider: download_file(remote=users/e2e-bypass-3-1-1/dq_lifecycle_3_1_1.json, local=/tmp/tmppz9foaeu.json) -> src=/app/data/users/e2e-bypass-3-1-1/dq_lifecycle_3_1_1.json
2026-04-26T22:36:09.8636194Z backend-1    | 2026-04-26 22:35:22,137 - auth_interceptor - WARNING - Invalid token: A project ID is required to access the auth service.
2026-04-26T22:36:09.8636850Z backend-1    |             1. Use a service account credential, or
2026-04-26T22:36:09.8637343Z backend-1    |             2. set the project ID explicitly via Firebase App options, or
2026-04-26T22:36:09.8637940Z backend-1    |             3. set the project ID via the GOOGLE_CLOUD_PROJECT environment variable.
2026-04-26T22:36:09.8639141Z backend-1    | 2026-04-26 22:35:22,137 - storage_provider - INFO - LocalStorageProvider: exists(remote=users/e2e-bypass-3-2-2/config.json) -> /app/data/users/e2e-bypass-3-2-2/config.json: False
2026-04-26T22:36:09.8640240Z backend-1    | 2026-04-26 22:35:22,138 - root - INFO - ListDatasets: uid=e2e-bypass-3-2-2, active_file=Sample_Data.json
2026-04-26T22:36:09.8641072Z backend-1    | 2026-04-26 22:35:22,138 - root - INFO - ListDatasets: Checking local path: /app/data/users/e2e-bypass-3-2-2
2026-04-26T22:36:09.8642109Z backend-1    | 2026-04-26 22:35:22,138 - storage_provider - INFO - LocalStorageProvider: list_files(prefix=users/e2e-bypass-3-2-2) -> /app/data/users/e2e-bypass-3-2-2
2026-04-26T22:36:09.8643310Z backend-1    | 2026-04-26 22:35:22,138 - storage_provider - INFO - LocalStorageProvider: path does not exist: /app/data/users/e2e-bypass-3-2-2
2026-04-26T22:36:09.8644516Z backend-1    | 2026-04-26 22:35:22,138 - root - INFO - ListDatasets: No files found for e2e-bypass-3-2-2, retrying in 2s...
2026-04-26T22:36:09.8645566Z backend-1    | 2026-04-26 22:35:24,138 - storage_provider - INFO - LocalStorageProvider: list_files(prefix=users/e2e-bypass-3-2-2) -> /app/data/users/e2e-bypass-3-2-2
2026-04-26T22:36:09.8646663Z backend-1    | 2026-04-26 22:35:24,138 - storage_provider - INFO - LocalStorageProvider: path does not exist: /app/data/users/e2e-bypass-3-2-2
2026-04-26T22:36:09.8647569Z backend-1    | 2026-04-26 22:35:24,138 - root - INFO - ListDatasets: No files found for e2e-bypass-3-2-2, retrying in 2s...
2026-04-26T22:36:09.8648594Z backend-1    | 2026-04-26 22:35:26,138 - storage_provider - INFO - LocalStorageProvider: list_files(prefix=users/e2e-bypass-3-2-2) -> /app/data/users/e2e-bypass-3-2-2
2026-04-26T22:36:09.8649687Z backend-1    | 2026-04-26 22:35:26,138 - storage_provider - INFO - LocalStorageProvider: path does not exist: /app/data/users/e2e-bypass-3-2-2
2026-04-26T22:36:09.8650588Z backend-1    | 2026-04-26 22:35:26,138 - root - INFO - ListDatasets: No files found for e2e-bypass-3-2-2, retrying in 2s...
2026-04-26T22:36:09.8651622Z backend-1    | 2026-04-26 22:35:28,139 - storage_provider - INFO - LocalStorageProvider: list_files(prefix=users/e2e-bypass-3-2-2) -> /app/data/users/e2e-bypass-3-2-2
2026-04-26T22:36:09.8652712Z backend-1    | 2026-04-26 22:35:28,139 - storage_provider - INFO - LocalStorageProvider: path does not exist: /app/data/users/e2e-bypass-3-2-2
2026-04-26T22:36:09.8653821Z backend-1    | 2026-04-26 22:35:28,139 - root - INFO - ListDatasets: No files found for e2e-bypass-3-2-2, retrying in 2s...
2026-04-26T22:36:09.8654874Z backend-1    | 2026-04-26 22:35:30,139 - storage_provider - INFO - LocalStorageProvider: list_files(prefix=users/e2e-bypass-3-2-2) -> /app/data/users/e2e-bypass-3-2-2
2026-04-26T22:36:09.8655969Z backend-1    | 2026-04-26 22:35:30,139 - storage_provider - INFO - LocalStorageProvider: path does not exist: /app/data/users/e2e-bypass-3-2-2
2026-04-26T22:36:09.8656833Z backend-1    | 2026-04-26 22:35:30,139 - root - INFO - ListDatasets: Found 0 files in users/e2e-bypass-3-2-2: []
2026-04-26T22:36:09.8657794Z backend-1    | 2026-04-26 22:35:30,139 - storage_provider - INFO - LocalStorageProvider: exists(remote=Sample_Data.json) -> /app/data/Sample_Data.json: True
2026-04-26T22:36:09.8658812Z backend-1    | 2026-04-26 22:35:30,739 - auth_interceptor - WARNING - Invalid token: A project ID is required to access the auth service.
2026-04-26T22:36:09.8659471Z backend-1    |             1. Use a service account credential, or
2026-04-26T22:36:09.8659971Z backend-1    |             2. set the project ID explicitly via Firebase App options, or
2026-04-26T22:36:09.8660583Z backend-1    |             3. set the project ID via the GOOGLE_CLOUD_PROJECT environment variable.
2026-04-26T22:36:09.8661438Z backend-1    | 2026-04-26 22:35:30,740 - root - INFO - UploadDataset: uid=e2e-bypass-3-2-2, received total 307907 bytes for dq_lifecycle_3_2_2.json
2026-04-26T22:36:09.8662867Z backend-1    | 2026-04-26 22:35:30,740 - root - INFO - UploadDataset: saving to users/e2e-bypass-3-2-2/dq_lifecycle_3_2_2.json (abs: /app/data/users/e2e-bypass-3-2-2/dq_lifecycle_3_2_2.json) for e2e-bypass-3-2-2
2026-04-26T22:36:09.8664668Z backend-1    | 2026-04-26 22:35:30,740 - storage_provider - INFO - LocalStorageProvider: upload_file(local=/tmp/tmp4l5k09pc.json, remote=users/e2e-bypass-3-2-2/dq_lifecycle_3_2_2.json) -> dest=/app/data/users/e2e-bypass-3-2-2/dq_lifecycle_3_2_2.json
2026-04-26T22:36:09.8666126Z backend-1    | 2026-04-26 22:35:30,741 - storage_provider - INFO - LocalStorageProvider: successfully saved to /app/data/users/e2e-bypass-3-2-2/dq_lifecycle_3_2_2.json
2026-04-26T22:36:09.8667232Z backend-1    | 2026-04-26 22:35:30,756 - root - INFO - Saved uploaded file to users/e2e-bypass-3-2-2/dq_lifecycle_3_2_2.json
2026-04-26T22:36:09.8668378Z backend-1    | 2026-04-26 22:35:30,757 - storage_provider - INFO - LocalStorageProvider: exists(remote=users/e2e-bypass-3-2-2/config.json) -> /app/data/users/e2e-bypass-3-2-2/config.json: False
2026-04-26T22:36:09.8669911Z backend-1    | 2026-04-26 22:35:30,757 - storage_provider - INFO - LocalStorageProvider: upload_file(local=/tmp/tmpcw897s4v.json, remote=users/e2e-bypass-3-2-2/config.json) -> dest=/app/data/users/e2e-bypass-3-2-2/config.json
2026-04-26T22:36:09.8671246Z backend-1    | 2026-04-26 22:35:30,757 - storage_provider - INFO - LocalStorageProvider: successfully saved to /app/data/users/e2e-bypass-3-2-2/config.json
2026-04-26T22:36:09.8672267Z backend-1    | 2026-04-26 22:35:32,775 - auth_interceptor - WARNING - Invalid token: A project ID is required to access the auth service.
2026-04-26T22:36:09.8672922Z backend-1    |             1. Use a service account credential, or
2026-04-26T22:36:09.8673426Z backend-1    |             2. set the project ID explicitly via Firebase App options, or
2026-04-26T22:36:09.8674148Z backend-1    |             3. set the project ID via the GOOGLE_CLOUD_PROJECT environment variable.
2026-04-26T22:36:09.8675219Z backend-1    | 2026-04-26 22:35:32,775 - storage_provider - INFO - LocalStorageProvider: exists(remote=users/e2e-bypass-3-2-2/config.json) -> /app/data/users/e2e-bypass-3-2-2/config.json: True
2026-04-26T22:36:09.8676748Z backend-1    | 2026-04-26 22:35:32,776 - storage_provider - INFO - LocalStorageProvider: download_file(remote=users/e2e-bypass-3-2-2/config.json, local=/tmp/tmpog1sxdk4.json) -> src=/app/data/users/e2e-bypass-3-2-2/config.json
2026-04-26T22:36:09.8677954Z backend-1    | 2026-04-26 22:35:32,776 - root - INFO - ListDatasets: uid=e2e-bypass-3-2-2, active_file=dq_lifecycle_3_2_2.json
2026-04-26T22:36:09.8678802Z backend-1    | 2026-04-26 22:35:32,776 - root - INFO - ListDatasets: Checking local path: /app/data/users/e2e-bypass-3-2-2
2026-04-26T22:36:09.8679844Z backend-1    | 2026-04-26 22:35:32,776 - storage_provider - INFO - LocalStorageProvider: list_files(prefix=users/e2e-bypass-3-2-2) -> /app/data/users/e2e-bypass-3-2-2
2026-04-26T22:36:09.8681135Z backend-1    | 2026-04-26 22:35:32,776 - storage_provider - INFO - LocalStorageProvider: found 2 files: ['users/e2e-bypass-3-2-2/config.json', 'users/e2e-bypass-3-2-2/dq_lifecycle_3_2_2.json']
2026-04-26T22:36:09.8682518Z backend-1    | 2026-04-26 22:35:32,776 - root - INFO - ListDatasets: Found 2 files in users/e2e-bypass-3-2-2: ['users/e2e-bypass-3-2-2/config.json', 'users/e2e-bypass-3-2-2/dq_lifecycle_3_2_2.json']
2026-04-26T22:36:09.8683762Z backend-1    | 2026-04-26 22:35:33,619 - auth_interceptor - WARNING - Invalid token: A project ID is required to access the auth service.
2026-04-26T22:36:09.8684422Z backend-1    |             1. Use a service account credential, or
2026-04-26T22:36:09.8684923Z backend-1    |             2. set the project ID explicitly via Firebase App options, or
2026-04-26T22:36:09.8685523Z backend-1    |             3. set the project ID via the GOOGLE_CLOUD_PROJECT environment variable.
2026-04-26T22:36:09.8686689Z backend-1    | 2026-04-26 22:35:33,619 - storage_provider - INFO - LocalStorageProvider: exists(remote=users/e2e-bypass-3-2-2/dq_lifecycle_3_2_2.json) -> /app/data/users/e2e-bypass-3-2-2/dq_lifecycle_3_2_2.json: True
2026-04-26T22:36:09.8687956Z backend-1    | 2026-04-26 22:35:33,619 - root - INFO - Switching user e2e-bypass-3-2-2 dataset to dq_lifecycle_3_2_2.json...
2026-04-26T22:36:09.8689123Z backend-1    | 2026-04-26 22:35:33,619 - storage_provider - INFO - LocalStorageProvider: exists(remote=users/e2e-bypass-3-2-2/config.json) -> /app/data/users/e2e-bypass-3-2-2/config.json: True
2026-04-26T22:36:09.8690664Z backend-1    | 2026-04-26 22:35:33,619 - storage_provider - INFO - LocalStorageProvider: download_file(remote=users/e2e-bypass-3-2-2/config.json, local=/tmp/tmp7pv3czlu.json) -> src=/app/data/users/e2e-bypass-3-2-2/config.json
2026-04-26T22:36:09.8692471Z backend-1    | 2026-04-26 22:35:33,620 - storage_provider - INFO - LocalStorageProvider: upload_file(local=/tmp/tmp3n93xbya.json, remote=users/e2e-bypass-3-2-2/config.json) -> dest=/app/data/users/e2e-bypass-3-2-2/config.json
2026-04-26T22:36:09.8693945Z backend-1    | 2026-04-26 22:35:33,621 - storage_provider - INFO - LocalStorageProvider: successfully saved to /app/data/users/e2e-bypass-3-2-2/config.json
2026-04-26T22:36:09.8695046Z backend-1    | 2026-04-26 22:35:33,626 - root - INFO - SetActiveDataset: Forcing synchronous extraction for e2e-bypass-3-2-2/dq_lifecycle_3_2_2.json...
2026-04-26T22:36:09.8696294Z backend-1    | 2026-04-26 22:35:33,626 - storage_provider - INFO - LocalStorageProvider: exists(remote=users/e2e-bypass-3-2-2/config.json) -> /app/data/users/e2e-bypass-3-2-2/config.json: True
2026-04-26T22:36:09.8697822Z backend-1    | 2026-04-26 22:35:33,626 - storage_provider - INFO - LocalStorageProvider: download_file(remote=users/e2e-bypass-3-2-2/config.json, local=/tmp/tmpat5l3_cc.json) -> src=/app/data/users/e2e-bypass-3-2-2/config.json
2026-04-26T22:36:09.8699419Z backend-1    | 2026-04-26 22:35:33,627 - storage_provider - INFO - LocalStorageProvider: exists(remote=users/e2e-bypass-3-2-2/dq_lifecycle_3_2_2.json) -> /app/data/users/e2e-bypass-3-2-2/dq_lifecycle_3_2_2.json: True
2026-04-26T22:36:09.8700660Z backend-1    | 2026-04-26 22:35:33,627 - root - INFO - E2E: uid=e2e-bypass-3-2-2, file=users/e2e-bypass-3-2-2/dq_lifecycle_3_2_2.json, exists=True
2026-04-26T22:36:09.8702154Z backend-1    | 2026-04-26 22:35:33,627 - storage_provider - INFO - LocalStorageProvider: download_file(remote=users/e2e-bypass-3-2-2/dq_lifecycle_3_2_2.json, local=/tmp/tmp604zg93a.json) -> src=/app/data/users/e2e-bypass-3-2-2/dq_lifecycle_3_2_2.json
2026-04-26T22:36:09.8703489Z backend-1    | 2026-04-26 22:35:33,648 - auth_interceptor - WARNING - Invalid token: A project ID is required to access the auth service.
2026-04-26T22:36:09.8704265Z backend-1    |             1. Use a service account credential, or
2026-04-26T22:36:09.8704773Z backend-1    |             2. set the project ID explicitly via Firebase App options, or
2026-04-26T22:36:09.8705378Z backend-1    |             3. set the project ID via the GOOGLE_CLOUD_PROJECT environment variable.
2026-04-26T22:36:09.8706200Z backend-1    | 2026-04-26 22:35:33,736 - root - INFO - SetActiveDataset: Extraction complete for e2e-bypass-3-2-2/dq_lifecycle_3_2_2.json
2026-04-26T22:36:09.8707409Z backend-1    | 2026-04-26 22:35:33,736 - storage_provider - INFO - LocalStorageProvider: exists(remote=users/e2e-bypass-3-2-2/config.json) -> /app/data/users/e2e-bypass-3-2-2/config.json: True
2026-04-26T22:36:09.8708941Z backend-1    | 2026-04-26 22:35:33,737 - storage_provider - INFO - LocalStorageProvider: download_file(remote=users/e2e-bypass-3-2-2/config.json, local=/tmp/tmpvu49tl7h.json) -> src=/app/data/users/e2e-bypass-3-2-2/config.json
2026-04-26T22:36:09.8710542Z backend-1    | 2026-04-26 22:35:33,737 - storage_provider - INFO - LocalStorageProvider: exists(remote=users/e2e-bypass-3-2-2/dq_lifecycle_3_2_2.json) -> /app/data/users/e2e-bypass-3-2-2/dq_lifecycle_3_2_2.json: True
2026-04-26T22:36:09.8711779Z backend-1    | 2026-04-26 22:35:33,737 - root - INFO - E2E: uid=e2e-bypass-3-2-2, file=users/e2e-bypass-3-2-2/dq_lifecycle_3_2_2.json, exists=True
2026-04-26T22:36:09.8713352Z backend-1    | 2026-04-26 22:35:33,738 - storage_provider - INFO - LocalStorageProvider: download_file(remote=users/e2e-bypass-3-2-2/dq_lifecycle_3_2_2.json, local=/tmp/tmp3_z1uds8.json) -> src=/app/data/users/e2e-bypass-3-2-2/dq_lifecycle_3_2_2.json
2026-04-26T22:36:09.8714797Z backend-1    | 2026-04-26 22:35:34,441 - auth_interceptor - WARNING - Invalid token: A project ID is required to access the auth service.
2026-04-26T22:36:09.8715451Z backend-1    |             1. Use a service account credential, or
2026-04-26T22:36:09.8715951Z backend-1    |             2. set the project ID explicitly via Firebase App options, or
2026-04-26T22:36:09.8716547Z backend-1    |             3. set the project ID via the GOOGLE_CLOUD_PROJECT environment variable.
2026-04-26T22:36:09.8717771Z backend-1    | 2026-04-26 22:35:34,441 - storage_provider - INFO - LocalStorageProvider: exists(remote=users/e2e-bypass-3-2-2/config.json) -> /app/data/users/e2e-bypass-3-2-2/config.json: True
2026-04-26T22:36:09.8719315Z backend-1    | 2026-04-26 22:35:34,441 - storage_provider - INFO - LocalStorageProvider: download_file(remote=users/e2e-bypass-3-2-2/config.json, local=/tmp/tmp3ig0qgmb.json) -> src=/app/data/users/e2e-bypass-3-2-2/config.json
2026-04-26T22:36:09.8720910Z backend-1    | 2026-04-26 22:35:34,442 - storage_provider - INFO - LocalStorageProvider: exists(remote=users/e2e-bypass-3-2-2/dq_lifecycle_3_2_2.json) -> /app/data/users/e2e-bypass-3-2-2/dq_lifecycle_3_2_2.json: True
2026-04-26T22:36:09.8722146Z backend-1    | 2026-04-26 22:35:34,442 - root - INFO - E2E: uid=e2e-bypass-3-2-2, file=users/e2e-bypass-3-2-2/dq_lifecycle_3_2_2.json, exists=True
2026-04-26T22:36:09.8723739Z backend-1    | 2026-04-26 22:35:34,442 - storage_provider - INFO - LocalStorageProvider: download_file(remote=users/e2e-bypass-3-2-2/dq_lifecycle_3_2_2.json, local=/tmp/tmparu7k_75.json) -> src=/app/data/users/e2e-bypass-3-2-2/dq_lifecycle_3_2_2.json
2026-04-26T22:36:09.8725072Z backend-1    | 2026-04-26 22:35:35,249 - auth_interceptor - WARNING - Invalid token: A project ID is required to access the auth service.
2026-04-26T22:36:09.8725730Z backend-1    |             1. Use a service account credential, or
2026-04-26T22:36:09.8726226Z backend-1    |             2. set the project ID explicitly via Firebase App options, or
2026-04-26T22:36:09.8726821Z backend-1    |             3. set the project ID via the GOOGLE_CLOUD_PROJECT environment variable.
2026-04-26T22:36:09.8727882Z backend-1    | 2026-04-26 22:35:35,249 - storage_provider - INFO - LocalStorageProvider: exists(remote=users/e2e-bypass-3-2-2/config.json) -> /app/data/users/e2e-bypass-3-2-2/config.json: True
2026-04-26T22:36:09.8729414Z backend-1    | 2026-04-26 22:35:35,250 - storage_provider - INFO - LocalStorageProvider: download_file(remote=users/e2e-bypass-3-2-2/config.json, local=/tmp/tmp8_por29p.json) -> src=/app/data/users/e2e-bypass-3-2-2/config.json
2026-04-26T22:36:09.8730630Z backend-1    | 2026-04-26 22:35:35,250 - root - INFO - ListDatasets: uid=e2e-bypass-3-2-2, active_file=dq_lifecycle_3_2_2.json
2026-04-26T22:36:09.8731486Z backend-1    | 2026-04-26 22:35:35,250 - root - INFO - ListDatasets: Checking local path: /app/data/users/e2e-bypass-3-2-2
2026-04-26T22:36:09.8732523Z backend-1    | 2026-04-26 22:35:35,250 - storage_provider - INFO - LocalStorageProvider: list_files(prefix=users/e2e-bypass-3-2-2) -> /app/data/users/e2e-bypass-3-2-2
2026-04-26T22:36:09.8733939Z backend-1    | 2026-04-26 22:35:35,250 - storage_provider - INFO - LocalStorageProvider: found 2 files: ['users/e2e-bypass-3-2-2/config.json', 'users/e2e-bypass-3-2-2/dq_lifecycle_3_2_2.json']
2026-04-26T22:36:09.8735325Z backend-1    | 2026-04-26 22:35:35,250 - root - INFO - ListDatasets: Found 2 files in users/e2e-bypass-3-2-2: ['users/e2e-bypass-3-2-2/config.json', 'users/e2e-bypass-3-2-2/dq_lifecycle_3_2_2.json']
2026-04-26T22:36:09.8736468Z backend-1    | 2026-04-26 22:35:35,917 - auth_interceptor - WARNING - Invalid token: A project ID is required to access the auth service.
2026-04-26T22:36:09.8737119Z backend-1    |             1. Use a service account credential, or
2026-04-26T22:36:09.8737742Z backend-1    |             2. set the project ID explicitly via Firebase App options, or
2026-04-26T22:36:09.8738340Z backend-1    |             3. set the project ID via the GOOGLE_CLOUD_PROJECT environment variable.
2026-04-26T22:36:09.8739407Z backend-1    | 2026-04-26 22:35:35,918 - storage_provider - INFO - LocalStorageProvider: exists(remote=users/e2e-bypass-3-2-2/config.json) -> /app/data/users/e2e-bypass-3-2-2/config.json: True
2026-04-26T22:36:09.8740952Z backend-1    | 2026-04-26 22:35:35,918 - storage_provider - INFO - LocalStorageProvider: download_file(remote=users/e2e-bypass-3-2-2/config.json, local=/tmp/tmpk7pe4ou2.json) -> src=/app/data/users/e2e-bypass-3-2-2/config.json
2026-04-26T22:36:09.8742283Z backend-1    | 2026-04-26 22:35:35,918 - root - INFO - ListDatasets: uid=e2e-bypass-3-2-2, active_file=dq_lifecycle_3_2_2.json
2026-04-26T22:36:09.8743136Z backend-1    | 2026-04-26 22:35:35,918 - root - INFO - ListDatasets: Checking local path: /app/data/users/e2e-bypass-3-2-2
2026-04-26T22:36:09.8744305Z backend-1    | 2026-04-26 22:35:35,919 - storage_provider - INFO - LocalStorageProvider: list_files(prefix=users/e2e-bypass-3-2-2) -> /app/data/users/e2e-bypass-3-2-2
2026-04-26T22:36:09.8745605Z backend-1    | 2026-04-26 22:35:35,919 - storage_provider - INFO - LocalStorageProvider: found 2 files: ['users/e2e-bypass-3-2-2/config.json', 'users/e2e-bypass-3-2-2/dq_lifecycle_3_2_2.json']
2026-04-26T22:36:09.8746980Z backend-1    | 2026-04-26 22:35:35,919 - root - INFO - ListDatasets: Found 2 files in users/e2e-bypass-3-2-2: ['users/e2e-bypass-3-2-2/config.json', 'users/e2e-bypass-3-2-2/dq_lifecycle_3_2_2.json']
2026-04-26T22:36:09.8748121Z backend-1    | 2026-04-26 22:35:36,000 - auth_interceptor - WARNING - Invalid token: A project ID is required to access the auth service.
2026-04-26T22:36:09.8748774Z backend-1    |             1. Use a service account credential, or
2026-04-26T22:36:09.8749268Z backend-1    |             2. set the project ID explicitly via Firebase App options, or
2026-04-26T22:36:09.8749866Z backend-1    |             3. set the project ID via the GOOGLE_CLOUD_PROJECT environment variable.
2026-04-26T22:36:09.8750922Z backend-1    | 2026-04-26 22:35:36,000 - storage_provider - INFO - LocalStorageProvider: exists(remote=users/e2e-bypass-3-2-2/config.json) -> /app/data/users/e2e-bypass-3-2-2/config.json: True
2026-04-26T22:36:09.8752464Z backend-1    | 2026-04-26 22:35:36,001 - storage_provider - INFO - LocalStorageProvider: download_file(remote=users/e2e-bypass-3-2-2/config.json, local=/tmp/tmpf5t1wioa.json) -> src=/app/data/users/e2e-bypass-3-2-2/config.json
2026-04-26T22:36:09.8754174Z backend-1    | 2026-04-26 22:35:36,001 - storage_provider - INFO - LocalStorageProvider: exists(remote=users/e2e-bypass-3-2-2/dq_lifecycle_3_2_2.json) -> /app/data/users/e2e-bypass-3-2-2/dq_lifecycle_3_2_2.json: True
2026-04-26T22:36:09.8755418Z backend-1    | 2026-04-26 22:35:36,001 - root - INFO - E2E: uid=e2e-bypass-3-2-2, file=users/e2e-bypass-3-2-2/dq_lifecycle_3_2_2.json, exists=True
2026-04-26T22:36:09.8756881Z backend-1    | 2026-04-26 22:35:36,001 - storage_provider - INFO - LocalStorageProvider: download_file(remote=users/e2e-bypass-3-2-2/dq_lifecycle_3_2_2.json, local=/tmp/tmphbmzquaf.json) -> src=/app/data/users/e2e-bypass-3-2-2/dq_lifecycle_3_2_2.json
2026-04-26T22:36:09.8758861Z backend-1    | 2026-04-26 22:35:36,136 - storage_provider - INFO - LocalStorageProvider: upload_file(local=/tmp/tmp2r8engdk.json, remote=users/e2e-bypass-3-2-2/published/program_dq_lifecycle_3_2_2.json) -> dest=/app/data/users/e2e-bypass-3-2-2/published/program_dq_lifecycle_3_2_2.json
2026-04-26T22:36:09.8760539Z backend-1    | 2026-04-26 22:35:36,136 - storage_provider - INFO - LocalStorageProvider: successfully saved to /app/data/users/e2e-bypass-3-2-2/published/program_dq_lifecycle_3_2_2.json
2026-04-26T22:36:09.8761654Z backend-1    | 2026-04-26 22:35:36,537 - auth_interceptor - WARNING - Invalid token: A project ID is required to access the auth service.
2026-04-26T22:36:09.8762306Z backend-1    |             1. Use a service account credential, or
2026-04-26T22:36:09.8762935Z backend-1    |             2. set the project ID explicitly via Firebase App options, or
2026-04-26T22:36:09.8763651Z backend-1    |             3. set the project ID via the GOOGLE_CLOUD_PROJECT environment variable.
2026-04-26T22:36:09.8764501Z backend-1    | 2026-04-26 22:35:36,572 - auth_interceptor - WARNING - Invalid token: A project ID is required to access the auth service.
2026-04-26T22:36:09.8765160Z backend-1    |             1. Use a service account credential, or
2026-04-26T22:36:09.8765654Z backend-1    |             2. set the project ID explicitly via Firebase App options, or
2026-04-26T22:36:09.8766379Z backend-1    |             3. set the project ID via the GOOGLE_CLOUD_PROJECT environment variable.
2026-04-26T22:36:09.8767187Z backend-1    | 2026-04-26 22:35:36,572 - auth_interceptor - WARNING - Invalid token: A project ID is required to access the auth service.
2026-04-26T22:36:09.8767835Z backend-1    |             1. Use a service account credential, or
2026-04-26T22:36:09.8768329Z backend-1    |             2. set the project ID explicitly via Firebase App options, or
2026-04-26T22:36:09.8768917Z backend-1    |             3. set the project ID via the GOOGLE_CLOUD_PROJECT environment variable.
2026-04-26T22:36:09.8769978Z backend-1    | 2026-04-26 22:35:36,573 - storage_provider - INFO - LocalStorageProvider: exists(remote=users/e2e-bypass-3-2-2/config.json) -> /app/data/users/e2e-bypass-3-2-2/config.json: True
2026-04-26T22:36:09.8771514Z backend-1    | 2026-04-26 22:35:36,573 - storage_provider - INFO - LocalStorageProvider: download_file(remote=users/e2e-bypass-3-2-2/config.json, local=/tmp/tmperubhbx4.json) -> src=/app/data/users/e2e-bypass-3-2-2/config.json
2026-04-26T22:36:09.8773125Z backend-1    | 2026-04-26 22:35:36,574 - storage_provider - INFO - LocalStorageProvider: exists(remote=users/e2e-bypass-3-2-2/dq_lifecycle_3_2_2.json) -> /app/data/users/e2e-bypass-3-2-2/dq_lifecycle_3_2_2.json: True
2026-04-26T22:36:09.8774512Z backend-1    | 2026-04-26 22:35:36,574 - root - INFO - E2E: uid=e2e-bypass-3-2-2, file=users/e2e-bypass-3-2-2/dq_lifecycle_3_2_2.json, exists=True
2026-04-26T22:36:09.8775974Z backend-1    | 2026-04-26 22:35:36,574 - storage_provider - INFO - LocalStorageProvider: download_file(remote=users/e2e-bypass-3-2-2/dq_lifecycle_3_2_2.json, local=/tmp/tmpp804wjjd.json) -> src=/app/data/users/e2e-bypass-3-2-2/dq_lifecycle_3_2_2.json
2026-04-26T22:36:09.8777541Z backend-1    | 2026-04-26 22:35:36,697 - storage_provider - INFO - LocalStorageProvider: exists(remote=users/e2e-bypass-3-2-2/config.json) -> /app/data/users/e2e-bypass-3-2-2/config.json: True
2026-04-26T22:36:09.8779080Z backend-1    | 2026-04-26 22:35:36,698 - storage_provider - INFO - LocalStorageProvider: download_file(remote=users/e2e-bypass-3-2-2/config.json, local=/tmp/tmp4d4ohi8m.json) -> src=/app/data/users/e2e-bypass-3-2-2/config.json
2026-04-26T22:36:09.8780679Z backend-1    | 2026-04-26 22:35:36,698 - storage_provider - INFO - LocalStorageProvider: exists(remote=users/e2e-bypass-3-2-2/dq_lifecycle_3_2_2.json) -> /app/data/users/e2e-bypass-3-2-2/dq_lifecycle_3_2_2.json: True
2026-04-26T22:36:09.8781909Z backend-1    | 2026-04-26 22:35:36,698 - root - INFO - E2E: uid=e2e-bypass-3-2-2, file=users/e2e-bypass-3-2-2/dq_lifecycle_3_2_2.json, exists=True
2026-04-26T22:36:09.8783371Z backend-1    | 2026-04-26 22:35:36,698 - storage_provider - INFO - LocalStorageProvider: download_file(remote=users/e2e-bypass-3-2-2/dq_lifecycle_3_2_2.json, local=/tmp/tmpuhopg1c6.json) -> src=/app/data/users/e2e-bypass-3-2-2/dq_lifecycle_3_2_2.json
2026-04-26T22:36:09.8784811Z backend-1    | 2026-04-26 22:35:57,519 - auth_interceptor - WARNING - Invalid token: A project ID is required to access the auth service.
2026-04-26T22:36:09.8785464Z backend-1    |             1. Use a service account credential, or
2026-04-26T22:36:09.8785959Z backend-1    |             2. set the project ID explicitly via Firebase App options, or
2026-04-26T22:36:09.8786673Z backend-1    |             3. set the project ID via the GOOGLE_CLOUD_PROJECT environment variable.
2026-04-26T22:36:09.8787740Z backend-1    | 2026-04-26 22:35:57,519 - storage_provider - INFO - LocalStorageProvider: exists(remote=users/e2e-bypass-3-3-0/config.json) -> /app/data/users/e2e-bypass-3-3-0/config.json: False
2026-04-26T22:36:09.8788806Z backend-1    | 2026-04-26 22:35:57,519 - root - INFO - ListDatasets: uid=e2e-bypass-3-3-0, active_file=Sample_Data.json
2026-04-26T22:36:09.8789638Z backend-1    | 2026-04-26 22:35:57,519 - root - INFO - ListDatasets: Checking local path: /app/data/users/e2e-bypass-3-3-0
2026-04-26T22:36:09.8790787Z backend-1    | 2026-04-26 22:35:57,519 - storage_provider - INFO - LocalStorageProvider: list_files(prefix=users/e2e-bypass-3-3-0) -> /app/data/users/e2e-bypass-3-3-0
2026-04-26T22:36:09.8791881Z backend-1    | 2026-04-26 22:35:57,519 - storage_provider - INFO - LocalStorageProvider: path does not exist: /app/data/users/e2e-bypass-3-3-0
2026-04-26T22:36:09.8792805Z backend-1    | 2026-04-26 22:35:57,519 - root - INFO - ListDatasets: No files found for e2e-bypass-3-3-0, retrying in 2s...
2026-04-26T22:36:09.8793999Z backend-1    | 2026-04-26 22:35:59,519 - storage_provider - INFO - LocalStorageProvider: list_files(prefix=users/e2e-bypass-3-3-0) -> /app/data/users/e2e-bypass-3-3-0
2026-04-26T22:36:09.8795092Z backend-1    | 2026-04-26 22:35:59,520 - storage_provider - INFO - LocalStorageProvider: path does not exist: /app/data/users/e2e-bypass-3-3-0
2026-04-26T22:36:09.8795997Z backend-1    | 2026-04-26 22:35:59,520 - root - INFO - ListDatasets: No files found for e2e-bypass-3-3-0, retrying in 2s...
2026-04-26T22:36:09.8797031Z backend-1    | 2026-04-26 22:36:01,520 - storage_provider - INFO - LocalStorageProvider: list_files(prefix=users/e2e-bypass-3-3-0) -> /app/data/users/e2e-bypass-3-3-0
2026-04-26T22:36:09.8798128Z backend-1    | 2026-04-26 22:36:01,520 - storage_provider - INFO - LocalStorageProvider: path does not exist: /app/data/users/e2e-bypass-3-3-0
2026-04-26T22:36:09.8799030Z backend-1    | 2026-04-26 22:36:01,520 - root - INFO - ListDatasets: No files found for e2e-bypass-3-3-0, retrying in 2s...
2026-04-26T22:36:09.8800056Z backend-1    | 2026-04-26 22:36:03,520 - storage_provider - INFO - LocalStorageProvider: list_files(prefix=users/e2e-bypass-3-3-0) -> /app/data/users/e2e-bypass-3-3-0
2026-04-26T22:36:09.8801170Z backend-1    | 2026-04-26 22:36:03,520 - storage_provider - INFO - LocalStorageProvider: path does not exist: /app/data/users/e2e-bypass-3-3-0
2026-04-26T22:36:09.8802076Z backend-1    | 2026-04-26 22:36:03,520 - root - INFO - ListDatasets: No files found for e2e-bypass-3-3-0, retrying in 2s...
2026-04-26T22:36:09.8803109Z backend-1    | 2026-04-26 22:36:05,521 - storage_provider - INFO - LocalStorageProvider: list_files(prefix=users/e2e-bypass-3-3-0) -> /app/data/users/e2e-bypass-3-3-0
2026-04-26T22:36:09.8804307Z backend-1    | 2026-04-26 22:36:05,521 - storage_provider - INFO - LocalStorageProvider: path does not exist: /app/data/users/e2e-bypass-3-3-0
2026-04-26T22:36:09.8805178Z backend-1    | 2026-04-26 22:36:05,521 - root - INFO - ListDatasets: Found 0 files in users/e2e-bypass-3-3-0: []
2026-04-26T22:36:09.8806137Z backend-1    | 2026-04-26 22:36:05,521 - storage_provider - INFO - LocalStorageProvider: exists(remote=Sample_Data.json) -> /app/data/Sample_Data.json: True
2026-04-26T22:36:09.8807158Z backend-1    | 2026-04-26 22:36:05,540 - auth_interceptor - WARNING - Invalid token: A project ID is required to access the auth service.
2026-04-26T22:36:09.8807809Z backend-1    |             1. Use a service account credential, or
2026-04-26T22:36:09.8808314Z backend-1    |             2. set the project ID explicitly via Firebase App options, or
2026-04-26T22:36:09.8808912Z backend-1    |             3. set the project ID via the GOOGLE_CLOUD_PROJECT environment variable.
2026-04-26T22:36:09.8809761Z backend-1    | 2026-04-26 22:36:05,540 - root - INFO - UploadDataset: uid=e2e-bypass-3-3-0, received total 692 bytes for test-ingestion_3_3_0.json
2026-04-26T22:36:09.8811212Z backend-1    | 2026-04-26 22:36:05,540 - root - INFO - UploadDataset: saving to users/e2e-bypass-3-3-0/test-ingestion_3_3_0.json (abs: /app/data/users/e2e-bypass-3-3-0/test-ingestion_3_3_0.json) for e2e-bypass-3-3-0
2026-04-26T22:36:09.8812958Z backend-1    | 2026-04-26 22:36:05,541 - storage_provider - INFO - LocalStorageProvider: upload_file(local=/tmp/tmpk5lxgivj.json, remote=users/e2e-bypass-3-3-0/test-ingestion_3_3_0.json) -> dest=/app/data/users/e2e-bypass-3-3-0/test-ingestion_3_3_0.json
2026-04-26T22:36:09.8814572Z backend-1    | 2026-04-26 22:36:05,541 - storage_provider - INFO - LocalStorageProvider: successfully saved to /app/data/users/e2e-bypass-3-3-0/test-ingestion_3_3_0.json
2026-04-26T22:36:09.8815739Z backend-1    | 2026-04-26 22:36:05,565 - root - INFO - Saved uploaded file to users/e2e-bypass-3-3-0/test-ingestion_3_3_0.json
2026-04-26T22:36:09.8816916Z backend-1    | 2026-04-26 22:36:05,565 - storage_provider - INFO - LocalStorageProvider: exists(remote=users/e2e-bypass-3-3-0/config.json) -> /app/data/users/e2e-bypass-3-3-0/config.json: False
2026-04-26T22:36:09.8818458Z backend-1    | 2026-04-26 22:36:05,566 - storage_provider - INFO - LocalStorageProvider: upload_file(local=/tmp/tmpwpiac4bv.json, remote=users/e2e-bypass-3-3-0/config.json) -> dest=/app/data/users/e2e-bypass-3-3-0/config.json
2026-04-26T22:36:09.8819803Z backend-1    | 2026-04-26 22:36:05,566 - storage_provider - INFO - LocalStorageProvider: successfully saved to /app/data/users/e2e-bypass-3-3-0/config.json
2026-04-26T22:36:09.8820817Z backend-1    | 2026-04-26 22:36:07,583 - auth_interceptor - WARNING - Invalid token: A project ID is required to access the auth service.
2026-04-26T22:36:09.8821471Z backend-1    |             1. Use a service account credential, or
2026-04-26T22:36:09.8821973Z backend-1    |             2. set the project ID explicitly via Firebase App options, or
2026-04-26T22:36:09.8822572Z backend-1    |             3. set the project ID via the GOOGLE_CLOUD_PROJECT environment variable.
2026-04-26T22:36:09.8823762Z backend-1    | 2026-04-26 22:36:07,584 - storage_provider - INFO - LocalStorageProvider: exists(remote=users/e2e-bypass-3-3-0/config.json) -> /app/data/users/e2e-bypass-3-3-0/config.json: True
2026-04-26T22:36:09.8825299Z backend-1    | 2026-04-26 22:36:07,584 - storage_provider - INFO - LocalStorageProvider: download_file(remote=users/e2e-bypass-3-3-0/config.json, local=/tmp/tmpdyji61_3.json) -> src=/app/data/users/e2e-bypass-3-3-0/config.json
2026-04-26T22:36:09.8826519Z backend-1    | 2026-04-26 22:36:07,585 - root - INFO - ListDatasets: uid=e2e-bypass-3-3-0, active_file=test-ingestion_3_3_0.json
2026-04-26T22:36:09.8827384Z backend-1    | 2026-04-26 22:36:07,585 - root - INFO - ListDatasets: Checking local path: /app/data/users/e2e-bypass-3-3-0
2026-04-26T22:36:09.8828426Z backend-1    | 2026-04-26 22:36:07,585 - storage_provider - INFO - LocalStorageProvider: list_files(prefix=users/e2e-bypass-3-3-0) -> /app/data/users/e2e-bypass-3-3-0
2026-04-26T22:36:09.8829740Z backend-1    | 2026-04-26 22:36:07,585 - storage_provider - INFO - LocalStorageProvider: found 2 files: ['users/e2e-bypass-3-3-0/config.json', 'users/e2e-bypass-3-3-0/test-ingestion_3_3_0.json']
2026-04-26T22:36:09.8831139Z backend-1    | 2026-04-26 22:36:07,585 - root - INFO - ListDatasets: Found 2 files in users/e2e-bypass-3-3-0: ['users/e2e-bypass-3-3-0/config.json', 'users/e2e-bypass-3-3-0/test-ingestion_3_3_0.json']
2026-04-26T22:36:09.8832548Z backend-1    | 2026-04-26 22:36:08,658 - storage_provider - INFO - LocalStorageProvider: exists(remote=users/e2e-bypass-3-3-0/config.json) -> /app/data/users/e2e-bypass-3-3-0/config.json: True
2026-04-26T22:36:09.8834186Z backend-1    | 2026-04-26 22:36:08,658 - storage_provider - INFO - LocalStorageProvider: download_file(remote=users/e2e-bypass-3-3-0/config.json, local=/tmp/tmp04k4s1ct.json) -> src=/app/data/users/e2e-bypass-3-3-0/config.json
2026-04-26T22:36:09.8835957Z backend-1    | 2026-04-26 22:36:08,659 - storage_provider - INFO - LocalStorageProvider: exists(remote=users/e2e-bypass-3-3-0/test-ingestion_3_3_0.json) -> /app/data/users/e2e-bypass-3-3-0/test-ingestion_3_3_0.json: True
2026-04-26T22:36:09.8837246Z backend-1    | 2026-04-26 22:36:08,659 - root - INFO - E2E: uid=e2e-bypass-3-3-0, file=users/e2e-bypass-3-3-0/test-ingestion_3_3_0.json, exists=True
2026-04-26T22:36:09.8838744Z backend-1    | 2026-04-26 22:36:08,659 - storage_provider - INFO - LocalStorageProvider: download_file(remote=users/e2e-bypass-3-3-0/test-ingestion_3_3_0.json, local=/tmp/tmpvf9121o4.json) -> src=/app/data/users/e2e-bypass-3-3-0/test-ingestion_3_3_0.json
2026-04-26T22:36:09.8840150Z backend-1    | 2026-04-26 22:36:08,667 - mm_to_json.mm_to_json - WARNING - DEBUG: Table relay NOT FOUND in data keys
2026-04-26T22:36:09.8841277Z backend-1    | 2026-04-26 22:36:09,006 - storage_provider - INFO - LocalStorageProvider: exists(remote=users/e2e-bypass-3-3-0/config.json) -> /app/data/users/e2e-bypass-3-3-0/config.json: True
2026-04-26T22:36:09.8842829Z backend-1    | 2026-04-26 22:36:09,007 - storage_provider - INFO - LocalStorageProvider: download_file(remote=users/e2e-bypass-3-3-0/config.json, local=/tmp/tmp10gfydh0.json) -> src=/app/data/users/e2e-bypass-3-3-0/config.json
2026-04-26T22:36:09.8844592Z backend-1    | 2026-04-26 22:36:09,007 - storage_provider - INFO - LocalStorageProvider: exists(remote=users/e2e-bypass-3-3-0/test-ingestion_3_3_0.json) -> /app/data/users/e2e-bypass-3-3-0/test-ingestion_3_3_0.json: True
2026-04-26T22:36:09.8845858Z backend-1    | 2026-04-26 22:36:09,007 - root - INFO - E2E: uid=e2e-bypass-3-3-0, file=users/e2e-bypass-3-3-0/test-ingestion_3_3_0.json, exists=True
2026-04-26T22:36:09.8847360Z backend-1    | 2026-04-26 22:36:09,007 - storage_provider - INFO - LocalStorageProvider: download_file(remote=users/e2e-bypass-3-3-0/test-ingestion_3_3_0.json, local=/tmp/tmphhe2u162.json) -> src=/app/data/users/e2e-bypass-3-3-0/test-ingestion_3_3_0.json
2026-04-26T22:36:09.8848613Z backend-1    | 2026-04-26 22:36:09,013 - mm_to_json.mm_to_json - WARNING - DEBUG: Table relay NOT FOUND in data keys
2026-04-26T22:36:09.8849487Z backend-1    | 2026-04-26 22:36:09,587 - auth_interceptor - WARNING - Invalid token: A project ID is required to access the auth service.
2026-04-26T22:36:09.8850144Z backend-1    |             1. Use a service account credential, or
2026-04-26T22:36:09.8850648Z backend-1    |             2. set the project ID explicitly via Firebase App options, or
2026-04-26T22:36:09.8851245Z backend-1    |             3. set the project ID via the GOOGLE_CLOUD_PROJECT environment variable.
2026-04-26T22:36:09.8852318Z backend-1    | 2026-04-26 22:36:09,587 - storage_provider - INFO - LocalStorageProvider: exists(remote=users/e2e-bypass-3-3-0/config.json) -> /app/data/users/e2e-bypass-3-3-0/config.json: True
2026-04-26T22:36:09.8853969Z backend-1    | 2026-04-26 22:36:09,588 - storage_provider - INFO - LocalStorageProvider: download_file(remote=users/e2e-bypass-3-3-0/config.json, local=/tmp/tmpfnj2ucjx.json) -> src=/app/data/users/e2e-bypass-3-3-0/config.json
2026-04-26T22:36:09.8855195Z backend-1    | 2026-04-26 22:36:09,588 - root - INFO - ListDatasets: uid=e2e-bypass-3-3-0, active_file=test-ingestion_3_3_0.json
2026-04-26T22:36:09.8856058Z backend-1    | 2026-04-26 22:36:09,588 - root - INFO - ListDatasets: Checking local path: /app/data/users/e2e-bypass-3-3-0
2026-04-26T22:36:09.8857113Z backend-1    | 2026-04-26 22:36:09,588 - storage_provider - INFO - LocalStorageProvider: list_files(prefix=users/e2e-bypass-3-3-0) -> /app/data/users/e2e-bypass-3-3-0
2026-04-26T22:36:09.8858437Z backend-1    | 2026-04-26 22:36:09,589 - storage_provider - INFO - LocalStorageProvider: found 2 files: ['users/e2e-bypass-3-3-0/config.json', 'users/e2e-bypass-3-3-0/test-ingestion_3_3_0.json']
2026-04-26T22:36:09.8859841Z backend-1    | 2026-04-26 22:36:09,589 - root - INFO - ListDatasets: Found 2 files in users/e2e-bypass-3-3-0: ['users/e2e-bypass-3-3-0/config.json', 'users/e2e-bypass-3-3-0/test-ingestion_3_3_0.json']
2026-04-26T22:36:09.8902435Z ##[group]Run actions/upload-artifact@v7
2026-04-26T22:36:09.8902712Z with:
2026-04-26T22:36:09.8902895Z   name: playwright-report-3
2026-04-26T22:36:09.8903137Z   path: web-client/playwright-report/
2026-04-26T22:36:09.8903386Z   retention-days: 7
2026-04-26T22:36:09.8903769Z   if-no-files-found: warn
2026-04-26T22:36:09.8903983Z   compression-level: 6
2026-04-26T22:36:09.8904177Z   overwrite: false
2026-04-26T22:36:09.8904362Z   include-hidden-files: false
2026-04-26T22:36:09.8904567Z   archive: true
2026-04-26T22:36:09.8904734Z env:
2026-04-26T22:36:09.8904909Z   FORCE_JAVASCRIPT_ACTIONS_TO_NODE24: true
2026-04-26T22:36:09.8905153Z   REGISTRY: ghcr.io
2026-04-26T22:36:09.8905520Z   IMAGE_NAME: pfisherogden/mmtools
2026-04-26T22:36:09.8905760Z ##[endgroup]
2026-04-26T22:36:10.0352019Z With the provided path, there will be 21 files uploaded
2026-04-26T22:36:10.0357217Z Artifact name is valid!
2026-04-26T22:36:10.0358034Z Root directory input is valid!
2026-04-26T22:36:10.3165111Z Uploading artifact: playwright-report-3.zip
2026-04-26T22:36:10.3203874Z Beginning upload of artifact content to blob storage
2026-04-26T22:36:11.4915120Z Uploaded bytes 6327806
2026-04-26T22:36:11.5694364Z Finished uploading artifact content to blob storage!
2026-04-26T22:36:11.5695597Z SHA256 digest of uploaded artifact is 46450d3597c23bb327493306fad51491f0addc0e983cc32a17de0f47437f5a24
2026-04-26T22:36:11.5696733Z Finalizing artifact upload
2026-04-26T22:36:11.8666140Z Artifact playwright-report-3 successfully finalized. Artifact ID 6650896417
2026-04-26T22:36:11.8667693Z Artifact playwright-report-3 has been successfully uploaded! Final size is 6327806 bytes. Artifact ID is 6650896417
2026-04-26T22:36:11.8670195Z Artifact download URL: https://github.com/pfisherogden/MeetManager-Tools/actions/runs/24968338370/artifacts/6650896417
2026-04-26T22:36:11.8800604Z ##[group]Run docker compose -f docker-compose.ci.yml down
2026-04-26T22:36:11.8801024Z [36;1mdocker compose -f docker-compose.ci.yml down[0m
2026-04-26T22:36:11.8821812Z shell: /usr/bin/bash -e {0}
2026-04-26T22:36:11.8822044Z env:
2026-04-26T22:36:11.8822239Z   FORCE_JAVASCRIPT_ACTIONS_TO_NODE24: true
2026-04-26T22:36:11.8822498Z   REGISTRY: ghcr.io
2026-04-26T22:36:11.8822718Z   IMAGE_NAME: pfisherogden/mmtools
2026-04-26T22:36:11.8822955Z ##[endgroup]
2026-04-26T22:36:11.9410723Z time="2026-04-26T22:36:11Z" level=warning msg="The \"IMAGE_PREFIX\" variable is not set. Defaulting to a blank string."
2026-04-26T22:36:11.9412543Z time="2026-04-26T22:36:11Z" level=warning msg="The \"TAG\" variable is not set. Defaulting to a blank string."
2026-04-26T22:36:11.9414307Z time="2026-04-26T22:36:11Z" level=warning msg="The \"IMAGE_PREFIX\" variable is not set. Defaulting to a blank string."
2026-04-26T22:36:11.9416030Z time="2026-04-26T22:36:11Z" level=warning msg="The \"TAG\" variable is not set. Defaulting to a blank string."
2026-04-26T22:36:11.9417585Z time="2026-04-26T22:36:11Z" level=warning msg="The \"IMAGE_PREFIX\" variable is not set. Defaulting to a blank string."
2026-04-26T22:36:11.9419116Z time="2026-04-26T22:36:11Z" level=warning msg="The \"TAG\" variable is not set. Defaulting to a blank string."
2026-04-26T22:36:11.9520781Z  Container meetmanager-tools-backend-1  Stopping
2026-04-26T22:36:11.9521521Z  Container meetmanager-tools-frontend-1  Stopping
2026-04-26T22:36:11.9521937Z  Container meetmanager-tools-judge-app-1  Stopping
2026-04-26T22:36:12.1154092Z  Container meetmanager-tools-judge-app-1  Stopped
2026-04-26T22:36:12.1155153Z  Container meetmanager-tools-judge-app-1  Removing
2026-04-26T22:36:12.1202976Z  Container meetmanager-tools-frontend-1  Stopped
2026-04-26T22:36:12.1205331Z  Container meetmanager-tools-frontend-1  Removing
2026-04-26T22:36:12.1239849Z  Container meetmanager-tools-judge-app-1  Removed
2026-04-26T22:36:12.1287392Z  Container meetmanager-tools-frontend-1  Removed
2026-04-26T22:36:22.0713187Z  Container meetmanager-tools-backend-1  Stopped
2026-04-26T22:36:22.0714627Z  Container meetmanager-tools-backend-1  Removing
2026-04-26T22:36:22.0798934Z  Container meetmanager-tools-backend-1  Removed
2026-04-26T22:36:22.0807361Z  Network meetmanager-tools_default  Removing
2026-04-26T22:36:22.1847786Z  Network meetmanager-tools_default  Removed
2026-04-26T22:36:22.1935055Z Post job cleanup.
2026-04-26T22:36:22.5088184Z ##[group]Logout from ghcr.io
2026-04-26T22:36:22.5110486Z (node:7003) [DEP0040] DeprecationWarning: The `punycode` module is deprecated. Please use a userland alternative instead.
2026-04-26T22:36:22.5111849Z (Use `node --trace-deprecation ...` to show where the warning was created)
2026-04-26T22:36:22.5131691Z [command]/usr/bin/docker logout ghcr.io
2026-04-26T22:36:22.5266785Z Removing login credentials for ghcr.io
2026-04-26T22:36:22.5294462Z ##[endgroup]
2026-04-26T22:36:22.5295245Z ##[group]Post cache
2026-04-26T22:36:22.5296757Z State not set
2026-04-26T22:36:22.5297676Z ##[endgroup]
2026-04-26T22:36:22.5476571Z Post job cleanup.
2026-04-26T22:36:22.6326779Z [command]/usr/bin/git version
2026-04-26T22:36:22.6363462Z git version 2.53.0
2026-04-26T22:36:22.6406426Z Temporarily overriding HOME='/home/runner/work/_temp/16b167f7-cf04-46b7-bf27-05528d8caa8e' before making global git config changes
2026-04-26T22:36:22.6407993Z Adding repository directory to the temporary git global config as a safe directory
2026-04-26T22:36:22.6413483Z [command]/usr/bin/git config --global --add safe.directory /home/runner/work/MeetManager-Tools/MeetManager-Tools
2026-04-26T22:36:22.6446015Z Removing SSH command configuration
2026-04-26T22:36:22.6452833Z [command]/usr/bin/git config --local --name-only --get-regexp core\.sshCommand
2026-04-26T22:36:22.6488370Z [command]/usr/bin/git submodule foreach --recursive sh -c "git config --local --name-only --get-regexp 'core\.sshCommand' && git config --local --unset-all 'core.sshCommand' || :"
2026-04-26T22:36:22.6714284Z Removing HTTP extra header
2026-04-26T22:36:22.6720124Z [command]/usr/bin/git config --local --name-only --get-regexp http\.https\:\/\/github\.com\/\.extraheader
2026-04-26T22:36:22.6756384Z [command]/usr/bin/git submodule foreach --recursive sh -c "git config --local --name-only --get-regexp 'http\.https\:\/\/github\.com\/\.extraheader' && git config --local --unset-all 'http.https://github.com/.extraheader' || :"
2026-04-26T22:36:22.6975884Z Removing includeIf entries pointing to credentials config files
2026-04-26T22:36:22.6982265Z [command]/usr/bin/git config --local --name-only --get-regexp ^includeIf\.gitdir:
2026-04-26T22:36:22.7042592Z includeif.gitdir:/home/runner/work/MeetManager-Tools/MeetManager-Tools/.git.path
2026-04-26T22:36:22.7044152Z includeif.gitdir:/home/runner/work/MeetManager-Tools/MeetManager-Tools/.git/worktrees/*.path
2026-04-26T22:36:22.7045171Z includeif.gitdir:/github/workspace/.git.path
2026-04-26T22:36:22.7045914Z includeif.gitdir:/github/workspace/.git/worktrees/*.path
2026-04-26T22:36:22.7056372Z [command]/usr/bin/git config --local --get-all includeif.gitdir:/home/runner/work/MeetManager-Tools/MeetManager-Tools/.git.path
2026-04-26T22:36:22.7078335Z /home/runner/work/_temp/git-credentials-bda1f402-9b92-49df-a2ef-6c4c14960022.config
2026-04-26T22:36:22.7088635Z [command]/usr/bin/git config --local --unset includeif.gitdir:/home/runner/work/MeetManager-Tools/MeetManager-Tools/.git.path /home/runner/work/_temp/git-credentials-bda1f402-9b92-49df-a2ef-6c4c14960022.config
2026-04-26T22:36:22.7124930Z [command]/usr/bin/git config --local --get-all includeif.gitdir:/home/runner/work/MeetManager-Tools/MeetManager-Tools/.git/worktrees/*.path
2026-04-26T22:36:22.7146578Z /home/runner/work/_temp/git-credentials-bda1f402-9b92-49df-a2ef-6c4c14960022.config
2026-04-26T22:36:22.7158853Z [command]/usr/bin/git config --local --unset includeif.gitdir:/home/runner/work/MeetManager-Tools/MeetManager-Tools/.git/worktrees/*.path /home/runner/work/_temp/git-credentials-bda1f402-9b92-49df-a2ef-6c4c14960022.config
2026-04-26T22:36:22.7189359Z [command]/usr/bin/git config --local --get-all includeif.gitdir:/github/workspace/.git.path
2026-04-26T22:36:22.7211125Z /github/runner_temp/git-credentials-bda1f402-9b92-49df-a2ef-6c4c14960022.config
2026-04-26T22:36:22.7219048Z [command]/usr/bin/git config --local --unset includeif.gitdir:/github/workspace/.git.path /github/runner_temp/git-credentials-bda1f402-9b92-49df-a2ef-6c4c14960022.config
2026-04-26T22:36:22.7249696Z [command]/usr/bin/git config --local --get-all includeif.gitdir:/github/workspace/.git/worktrees/*.path
2026-04-26T22:36:22.7270086Z /github/runner_temp/git-credentials-bda1f402-9b92-49df-a2ef-6c4c14960022.config
2026-04-26T22:36:22.7278231Z [command]/usr/bin/git config --local --unset includeif.gitdir:/github/workspace/.git/worktrees/*.path /github/runner_temp/git-credentials-bda1f402-9b92-49df-a2ef-6c4c14960022.config
2026-04-26T22:36:22.7309426Z [command]/usr/bin/git submodule foreach --recursive git config --local --show-origin --name-only --get-regexp remote.origin.url
2026-04-26T22:36:22.7525280Z Removing credentials config '/home/runner/work/_temp/git-credentials-bda1f402-9b92-49df-a2ef-6c4c14960022.config'
2026-04-26T22:36:22.7662189Z Cleaning up orphan processes
2026-04-26T22:36:22.8033125Z ##[warning]Node.js 20 is deprecated. The following actions target Node.js 20 but are being forced to run on Node.js 24: docker/login-action@v3. For more information see: https://github.blog/changelog/2025-09-19-deprecation-of-node-20-on-github-actions-runners/
