0 verbose cli /opt/homebrew/Cellar/node/25.6.0/bin/node /opt/homebrew/bin/npm
1 info using npm@11.8.0
2 info using node@v25.6.0
3 silly config load:file:/opt/homebrew/lib/node_modules/npm/npmrc
4 silly config load:file:/Users/pfo/Documents/code/dev/MeetManager-ToolsV3/mobile-judge-app/.npmrc
5 silly config load:file:/Users/pfo/.npmrc
6 silly config load:file:/opt/homebrew/etc/npmrc
7 verbose title npm install
8 verbose argv "install" "--legacy-peer-deps" "--no-audit" "--no-fund" "--cache" ".npm-cache-local"
9 verbose logfile logs-max:10 dir:/Users/pfo/Documents/code/dev/MeetManager-ToolsV3/mobile-judge-app/.npm-cache-local/_logs/2026-02-16T06_05_58_097Z-
10 verbose logfile /Users/pfo/Documents/code/dev/MeetManager-ToolsV3/mobile-judge-app/.npm-cache-local/_logs/2026-02-16T06_05_58_097Z-debug-0.log
11 silly logfile done cleaning log files
12 silly packumentCache heap:2348810240 maxSize:587202560 maxEntrySize:293601280
13 silly idealTree buildDeps
14 silly reify moves {}
15 http fetch GET 200 https://registry.npmjs.org/npm 347ms
16 silly packumentCache corgi:https://registry.npmjs.org/yargs-parser cache-miss
17 silly packumentCache corgi:https://registry.npmjs.org/yocto-queue cache-miss
18 silly packumentCache corgi:https://registry.npmjs.org/xmlchars cache-miss
19 silly packumentCache corgi:https://registry.npmjs.org/xml2js cache-miss
20 silly packumentCache corgi:https://registry.npmjs.org/xmlbuilder cache-miss
21 silly packumentCache corgi:https://registry.npmjs.org/yallist cache-miss
22 silly packumentCache corgi:https://registry.npmjs.org/y18n cache-miss
23 silly packumentCache corgi:https://registry.npmjs.org/xcode cache-miss
24 silly packumentCache corgi:https://registry.npmjs.org/xml-name-validator cache-miss
25 silly packumentCache corgi:https://registry.npmjs.org/wrappy cache-miss
26 silly packumentCache corgi:https://registry.npmjs.org/write-file-atomic cache-miss
27 silly packumentCache corgi:https://registry.npmjs.org/wrap-ansi cache-miss
28 silly packumentCache corgi:https://registry.npmjs.org/wrap-ansi cache-miss
29 silly packumentCache corgi:https://registry.npmjs.org/ws cache-miss
30 silly packumentCache corgi:https://registry.npmjs.org/wordwrap cache-miss
31 silly packumentCache corgi:https://registry.npmjs.org/wonka cache-miss
32 silly packumentCache corgi:https://registry.npmjs.org/whatwg-url cache-miss
33 silly packumentCache corgi:https://registry.npmjs.org/whatwg-url-without-unicode cache-miss
34 silly packumentCache corgi:https://registry.npmjs.org/which cache-miss
35 silly packumentCache corgi:https://registry.npmjs.org/whatwg-fetch cache-miss
36 silly packumentCache corgi:https://registry.npmjs.org/whatwg-encoding cache-miss
37 silly packumentCache corgi:https://registry.npmjs.org/wcwidth cache-miss
38 silly packumentCache corgi:https://registry.npmjs.org/webidl-conversions cache-miss
39 silly packumentCache corgi:https://registry.npmjs.org/whatwg-mimetype cache-miss
40 silly packumentCache corgi:https://registry.npmjs.org/vlq cache-miss
41 silly packumentCache corgi:https://registry.npmjs.org/w3c-xmlserializer cache-miss
42 silly packumentCache corgi:https://registry.npmjs.org/walker cache-miss
43 silly packumentCache corgi:https://registry.npmjs.org/validate-npm-package-name cache-miss
44 silly packumentCache corgi:https://registry.npmjs.org/vary cache-miss
45 silly packumentCache corgi:https://registry.npmjs.org/v8-to-istanbul cache-miss
46 silly packumentCache corgi:https://registry.npmjs.org/unrs-resolver cache-miss
47 silly packumentCache corgi:https://registry.npmjs.org/url-parse cache-miss
48 silly packumentCache corgi:https://registry.npmjs.org/yargs cache-miss
49 silly packumentCache corgi:https://registry.npmjs.org/update-browserslist-db cache-miss
50 silly packumentCache corgi:https://registry.npmjs.org/utils-merge cache-miss
51 silly packumentCache corgi:https://registry.npmjs.org/unicode-property-aliases-ecmascript cache-miss
52 silly packumentCache corgi:https://registry.npmjs.org/unique-string cache-miss
53 silly packumentCache corgi:https://registry.npmjs.org/unpipe cache-miss
54 silly packumentCache corgi:https://registry.npmjs.org/undici-types cache-miss
55 silly packumentCache corgi:https://registry.npmjs.org/unicode-canonical-property-names-ecmascript cache-miss
56 silly packumentCache corgi:https://registry.npmjs.org/unicode-match-property-ecmascript cache-miss
57 silly packumentCache corgi:https://registry.npmjs.org/undici cache-miss
58 silly packumentCache corgi:https://registry.npmjs.org/uglify-js cache-miss
59 silly packumentCache corgi:https://registry.npmjs.org/ua-parser-js cache-miss
60 silly packumentCache corgi:https://registry.npmjs.org/type-fest cache-miss
61 silly packumentCache corgi:https://registry.npmjs.org/typescript cache-miss
62 silly packumentCache corgi:https://registry.npmjs.org/type-detect cache-miss
63 silly packumentCache corgi:https://registry.npmjs.org/ts-jest cache-miss
64 silly packumentCache corgi:https://registry.npmjs.org/ts-interface-checker cache-miss
65 silly packumentCache corgi:https://registry.npmjs.org/tr46 cache-miss
66 silly packumentCache corgi:https://registry.npmjs.org/to-regex-range cache-miss
67 silly packumentCache corgi:https://registry.npmjs.org/tough-cookie cache-miss
68 silly packumentCache corgi:https://registry.npmjs.org/toidentifier cache-miss
69 silly packumentCache corgi:https://registry.npmjs.org/tinyglobby cache-miss
70 silly packumentCache corgi:https://registry.npmjs.org/throat cache-miss
71 silly packumentCache corgi:https://registry.npmjs.org/tmpl cache-miss
72 silly packumentCache corgi:https://registry.npmjs.org/thenify-all cache-miss
73 silly packumentCache corgi:https://registry.npmjs.org/thenify cache-miss
74 silly packumentCache corgi:https://registry.npmjs.org/test-exclude cache-miss
75 silly packumentCache corgi:https://registry.npmjs.org/terser cache-miss
76 silly packumentCache corgi:https://registry.npmjs.org/terminal-link cache-miss
77 silly packumentCache corgi:https://registry.npmjs.org/temp-dir cache-miss
78 silly packumentCache corgi:https://registry.npmjs.org/synckit cache-miss
79 silly packumentCache corgi:https://registry.npmjs.org/symbol-tree cache-miss
80 silly packumentCache corgi:https://registry.npmjs.org/supports-preserve-symlinks-flag cache-miss
81 silly packumentCache corgi:https://registry.npmjs.org/supports-color cache-miss
82 silly packumentCache corgi:https://registry.npmjs.org/supports-hyperlinks cache-miss
83 silly packumentCache corgi:https://registry.npmjs.org/sucrase cache-miss
84 silly packumentCache corgi:https://registry.npmjs.org/styleq cache-miss
85 silly packumentCache corgi:https://registry.npmjs.org/structured-headers cache-miss
86 silly packumentCache corgi:https://registry.npmjs.org/strip-json-comments cache-miss
87 silly packumentCache corgi:https://registry.npmjs.org/strip-indent cache-miss
88 silly packumentCache corgi:https://registry.npmjs.org/strip-final-newline cache-miss
89 silly packumentCache corgi:https://registry.npmjs.org/unicode-match-property-value-ecmascript cache-miss
90 silly packumentCache corgi:https://registry.npmjs.org/tar cache-miss
91 silly packumentCache corgi:https://registry.npmjs.org/strip-bom cache-miss
92 silly packumentCache corgi:https://registry.npmjs.org/string-width cache-miss
93 silly packumentCache corgi:https://registry.npmjs.org/strip-ansi cache-miss
94 silly packumentCache corgi:https://registry.npmjs.org/string-length cache-miss
95 silly packumentCache corgi:https://registry.npmjs.org/strip-ansi cache-miss
96 silly packumentCache corgi:https://registry.npmjs.org/stream-buffers cache-miss
97 silly packumentCache corgi:https://registry.npmjs.org/stacktrace-parser cache-miss
98 silly packumentCache corgi:https://registry.npmjs.org/statuses cache-miss
99 silly packumentCache corgi:https://registry.npmjs.org/stacktrace-js cache-miss
100 silly packumentCache corgi:https://registry.npmjs.org/stackframe cache-miss
101 silly packumentCache corgi:https://registry.npmjs.org/stack-utils cache-miss
102 silly packumentCache corgi:https://registry.npmjs.org/stack-generator cache-miss
103 silly packumentCache corgi:https://registry.npmjs.org/sprintf-js cache-miss
104 silly packumentCache corgi:https://registry.npmjs.org/source-map-js cache-miss
105 silly packumentCache corgi:https://registry.npmjs.org/string-width cache-miss
106 silly packumentCache corgi:https://registry.npmjs.org/source-map cache-miss
107 silly packumentCache corgi:https://registry.npmjs.org/slash cache-miss
108 silly packumentCache corgi:https://registry.npmjs.org/stacktrace-gps cache-miss
109 silly packumentCache corgi:https://registry.npmjs.org/slugify cache-miss
110 silly packumentCache corgi:https://registry.npmjs.org/simple-plist cache-miss
111 silly packumentCache corgi:https://registry.npmjs.org/sisteransi cache-miss
112 silly packumentCache corgi:https://registry.npmjs.org/signal-exit cache-miss
113 silly packumentCache corgi:https://registry.npmjs.org/source-map-support cache-miss
114 silly packumentCache corgi:https://registry.npmjs.org/shell-quote cache-miss
115 silly packumentCache corgi:https://registry.npmjs.org/shebang-regex cache-miss
116 silly packumentCache corgi:https://registry.npmjs.org/shebang-command cache-miss
117 silly packumentCache corgi:https://registry.npmjs.org/server-only cache-miss
118 silly packumentCache corgi:https://registry.npmjs.org/serve-static cache-miss
119 silly packumentCache corgi:https://registry.npmjs.org/serialize-error cache-miss
120 silly packumentCache corgi:https://registry.npmjs.org/send cache-miss
121 silly packumentCache corgi:https://registry.npmjs.org/setprototypeof cache-miss
122 silly packumentCache corgi:https://registry.npmjs.org/semver cache-miss
123 silly packumentCache corgi:https://registry.npmjs.org/setimmediate cache-miss
124 silly packumentCache corgi:https://registry.npmjs.org/saxes cache-miss
125 silly packumentCache corgi:https://registry.npmjs.org/scheduler cache-miss
126 silly packumentCache corgi:https://registry.npmjs.org/sax cache-miss
127 silly packumentCache corgi:https://registry.npmjs.org/safer-buffer cache-miss
128 silly packumentCache corgi:https://registry.npmjs.org/safe-buffer cache-miss
129 silly packumentCache corgi:https://registry.npmjs.org/restore-cursor cache-miss
130 silly packumentCache corgi:https://registry.npmjs.org/resolve.exports cache-miss
131 silly packumentCache corgi:https://registry.npmjs.org/resolve-workspace-root cache-miss
132 silly packumentCache corgi:https://registry.npmjs.org/resolve-global cache-miss
133 silly packumentCache corgi:https://registry.npmjs.org/resolve-from cache-miss
134 silly packumentCache corgi:https://registry.npmjs.org/resolve-cwd cache-miss
135 silly packumentCache corgi:https://registry.npmjs.org/resolve cache-miss
136 silly packumentCache corgi:https://registry.npmjs.org/requires-port cache-miss
137 silly packumentCache corgi:https://registry.npmjs.org/requireg cache-miss
138 silly packumentCache corgi:https://registry.npmjs.org/require-from-string cache-miss
139 silly packumentCache corgi:https://registry.npmjs.org/require-directory cache-miss
140 silly packumentCache corgi:https://registry.npmjs.org/regjsgen cache-miss
141 silly packumentCache corgi:https://registry.npmjs.org/regjsparser cache-miss
142 silly packumentCache corgi:https://registry.npmjs.org/regenerator-runtime cache-miss
143 silly packumentCache corgi:https://registry.npmjs.org/regenerate cache-miss
144 silly packumentCache corgi:https://registry.npmjs.org/regenerate-unicode-properties cache-miss
145 silly packumentCache corgi:https://registry.npmjs.org/redent cache-miss
146 silly packumentCache corgi:https://registry.npmjs.org/react-test-renderer cache-miss
147 silly packumentCache corgi:https://registry.npmjs.org/react-refresh cache-miss
148 silly packumentCache corgi:https://registry.npmjs.org/react-native-is-edge-to-edge cache-miss
149 silly packumentCache corgi:https://registry.npmjs.org/regexpu-core cache-miss
150 silly packumentCache corgi:https://registry.npmjs.org/react-native-web cache-miss
151 silly packumentCache corgi:https://registry.npmjs.org/react-is cache-miss
152 silly packumentCache corgi:https://registry.npmjs.org/react-native cache-miss
153 http cache react@https://registry.npmjs.org/react/-/react-19.2.4.tgz 1ms (cache hit)
154 silly packumentCache corgi:https://registry.npmjs.org/react-devtools-core cache-miss
155 silly packumentCache corgi:https://registry.npmjs.org/rc cache-miss
156 silly packumentCache corgi:https://registry.npmjs.org/queue cache-miss
157 silly packumentCache corgi:https://registry.npmjs.org/qrcode-terminal cache-miss
158 silly packumentCache corgi:https://registry.npmjs.org/range-parser cache-miss
159 silly packumentCache corgi:https://registry.npmjs.org/pure-rand cache-miss
160 silly packumentCache corgi:https://registry.npmjs.org/psl cache-miss
161 silly packumentCache corgi:https://registry.npmjs.org/punycode cache-miss
162 silly packumentCache corgi:https://registry.npmjs.org/react-dom cache-miss
163 silly packumentCache corgi:https://registry.npmjs.org/querystringify cache-miss
164 silly packumentCache corgi:https://registry.npmjs.org/promise cache-miss
165 silly packumentCache corgi:https://registry.npmjs.org/progress cache-miss
166 silly packumentCache corgi:https://registry.npmjs.org/proc-log cache-miss
167 silly packumentCache corgi:https://registry.npmjs.org/postcss-value-parser cache-miss
168 silly packumentCache corgi:https://registry.npmjs.org/pretty-bytes cache-miss
169 silly packumentCache corgi:https://registry.npmjs.org/prompts cache-miss
170 silly packumentCache corgi:https://registry.npmjs.org/pretty-format cache-miss
171 silly packumentCache corgi:https://registry.npmjs.org/plist cache-miss
172 silly packumentCache corgi:https://registry.npmjs.org/pkg-dir cache-miss
173 silly packumentCache corgi:https://registry.npmjs.org/path-scurry cache-miss
174 silly packumentCache corgi:https://registry.npmjs.org/pngjs cache-miss
175 silly packumentCache corgi:https://registry.npmjs.org/picocolors cache-miss
176 silly packumentCache corgi:https://registry.npmjs.org/path-key cache-miss
177 silly packumentCache corgi:https://registry.npmjs.org/picomatch cache-miss
178 silly packumentCache corgi:https://registry.npmjs.org/path-exists cache-miss
179 silly packumentCache corgi:https://registry.npmjs.org/pirates cache-miss
180 silly packumentCache corgi:https://registry.npmjs.org/path-is-absolute cache-miss
181 silly packumentCache corgi:https://registry.npmjs.org/parseurl cache-miss
182 silly packumentCache corgi:https://registry.npmjs.org/package-json-from-dist cache-miss
183 silly packumentCache corgi:https://registry.npmjs.org/path-parse cache-miss
184 silly packumentCache corgi:https://registry.npmjs.org/p-try cache-miss
185 silly packumentCache corgi:https://registry.npmjs.org/p-limit cache-miss
186 silly packumentCache corgi:https://registry.npmjs.org/ora cache-miss
187 silly packumentCache corgi:https://registry.npmjs.org/open cache-miss
188 silly packumentCache corgi:https://registry.npmjs.org/parse-json cache-miss
189 silly packumentCache corgi:https://registry.npmjs.org/parse-png cache-miss
190 silly packumentCache corgi:https://registry.npmjs.org/on-headers cache-miss
191 silly packumentCache corgi:https://registry.npmjs.org/onetime cache-miss
192 silly packumentCache corgi:https://registry.npmjs.org/on-finished cache-miss
193 silly packumentCache corgi:https://registry.npmjs.org/object-assign cache-miss
194 silly packumentCache corgi:https://registry.npmjs.org/once cache-miss
195 silly packumentCache corgi:https://registry.npmjs.org/npm-run-path cache-miss
196 silly packumentCache corgi:https://registry.npmjs.org/nwsapi cache-miss
197 silly packumentCache corgi:https://registry.npmjs.org/ob1 cache-miss
198 silly packumentCache corgi:https://registry.npmjs.org/npm-package-arg cache-miss
199 silly packumentCache corgi:https://registry.npmjs.org/nullthrows cache-miss
200 silly packumentCache corgi:https://registry.npmjs.org/node-int64 cache-miss
201 silly packumentCache corgi:https://registry.npmjs.org/parse5 cache-miss
202 silly packumentCache corgi:https://registry.npmjs.org/node-forge cache-miss
203 silly packumentCache corgi:https://registry.npmjs.org/node-fetch cache-miss
204 silly packumentCache corgi:https://registry.npmjs.org/nested-error-stacks cache-miss
205 silly packumentCache corgi:https://registry.npmjs.org/normalize-path cache-miss
206 silly packumentCache corgi:https://registry.npmjs.org/negotiator cache-miss
207 silly packumentCache corgi:https://registry.npmjs.org/natural-compare cache-miss
208 silly packumentCache corgi:https://registry.npmjs.org/nanoid cache-miss
209 silly packumentCache corgi:https://registry.npmjs.org/mz cache-miss
210 silly packumentCache corgi:https://registry.npmjs.org/ms cache-miss
211 silly packumentCache corgi:https://registry.npmjs.org/neo-async cache-miss
212 silly packumentCache corgi:https://registry.npmjs.org/mkdirp cache-miss
213 silly packumentCache corgi:https://registry.npmjs.org/napi-postinstall cache-miss
214 silly packumentCache corgi:https://registry.npmjs.org/minizlib cache-miss
215 silly packumentCache corgi:https://registry.npmjs.org/minipass cache-miss
216 silly packumentCache corgi:https://registry.npmjs.org/minimatch cache-miss
217 silly packumentCache corgi:https://registry.npmjs.org/minimist cache-miss
218 silly packumentCache corgi:https://registry.npmjs.org/mime-types cache-miss
219 silly packumentCache corgi:https://registry.npmjs.org/node-releases cache-miss
220 silly packumentCache corgi:https://registry.npmjs.org/min-indent cache-miss
221 silly packumentCache corgi:https://registry.npmjs.org/mime cache-miss
222 silly packumentCache corgi:https://registry.npmjs.org/micromatch cache-miss
223 silly packumentCache corgi:https://registry.npmjs.org/metro-transform-plugins cache-miss
224 silly packumentCache corgi:https://registry.npmjs.org/metro-transform-worker cache-miss
225 silly packumentCache corgi:https://registry.npmjs.org/metro-symbolicate cache-miss
226 silly packumentCache corgi:https://registry.npmjs.org/metro-source-map cache-miss
227 silly packumentCache corgi:https://registry.npmjs.org/mime-db cache-miss
228 silly packumentCache corgi:https://registry.npmjs.org/metro-resolver cache-miss
229 silly packumentCache corgi:https://registry.npmjs.org/metro-minify-terser cache-miss
230 silly packumentCache corgi:https://registry.npmjs.org/metro-runtime cache-miss
231 silly packumentCache corgi:https://registry.npmjs.org/metro-core cache-miss
232 silly packumentCache corgi:https://registry.npmjs.org/metro-config cache-miss
233 silly packumentCache corgi:https://registry.npmjs.org/metro-cache-key cache-miss
234 silly packumentCache corgi:https://registry.npmjs.org/metro-babel-transformer cache-miss
235 silly packumentCache corgi:https://registry.npmjs.org/metro-cache cache-miss
236 silly packumentCache corgi:https://registry.npmjs.org/metro cache-miss
237 silly packumentCache corgi:https://registry.npmjs.org/merge-stream cache-miss
238 silly packumentCache corgi:https://registry.npmjs.org/memoize-one cache-miss
239 silly packumentCache corgi:https://registry.npmjs.org/metro-file-map cache-miss
240 silly packumentCache corgi:https://registry.npmjs.org/math-intrinsics cache-miss
241 silly packumentCache corgi:https://registry.npmjs.org/marky cache-miss
242 silly packumentCache corgi:https://registry.npmjs.org/makeerror cache-miss
243 silly packumentCache corgi:https://registry.npmjs.org/make-error cache-miss
244 silly packumentCache corgi:https://registry.npmjs.org/loose-envify cache-miss
245 silly packumentCache corgi:https://registry.npmjs.org/log-symbols cache-miss
246 silly packumentCache corgi:https://registry.npmjs.org/lodash.memoize cache-miss
247 silly packumentCache corgi:https://registry.npmjs.org/lodash.throttle cache-miss
248 silly packumentCache corgi:https://registry.npmjs.org/lodash.debounce cache-miss
249 silly packumentCache corgi:https://registry.npmjs.org/lru-cache cache-miss
250 silly packumentCache corgi:https://registry.npmjs.org/lodash cache-miss
251 silly packumentCache corgi:https://registry.npmjs.org/lines-and-columns cache-miss
252 silly packumentCache corgi:https://registry.npmjs.org/lightningcss cache-miss
253 silly packumentCache corgi:https://registry.npmjs.org/lighthouse-logger cache-miss
254 silly packumentCache corgi:https://registry.npmjs.org/leven cache-miss
255 silly packumentCache corgi:https://registry.npmjs.org/lan-network cache-miss
256 silly packumentCache corgi:https://registry.npmjs.org/lightningcss-darwin-arm64 cache-miss
257 silly packumentCache corgi:https://registry.npmjs.org/kleur cache-miss
258 silly packumentCache corgi:https://registry.npmjs.org/mimic-fn cache-miss
259 silly packumentCache corgi:https://registry.npmjs.org/jsesc cache-miss
260 silly packumentCache corgi:https://registry.npmjs.org/jsdom cache-miss
261 silly packumentCache corgi:https://registry.npmjs.org/jsc-safe-url cache-miss
262 silly packumentCache corgi:https://registry.npmjs.org/js-yaml cache-miss
263 silly packumentCache corgi:https://registry.npmjs.org/js-tokens cache-miss
264 silly packumentCache corgi:https://registry.npmjs.org/jimp-compact cache-miss
265 silly packumentCache corgi:https://registry.npmjs.org/jest-watcher cache-miss
266 silly packumentCache corgi:https://registry.npmjs.org/jest-watch-typeahead cache-miss
267 silly packumentCache corgi:https://registry.npmjs.org/jest-watch-select-projects cache-miss
268 silly packumentCache corgi:https://registry.npmjs.org/jest-validate cache-miss
269 silly packumentCache corgi:https://registry.npmjs.org/jest-util cache-miss
270 silly packumentCache corgi:https://registry.npmjs.org/jest-snapshot cache-miss
271 silly packumentCache corgi:https://registry.npmjs.org/jest-runner cache-miss
272 silly packumentCache corgi:https://registry.npmjs.org/jest-resolve-dependencies cache-miss
273 silly packumentCache corgi:https://registry.npmjs.org/jest-resolve cache-miss
274 silly packumentCache corgi:https://registry.npmjs.org/jest-pnp-resolver cache-miss
275 silly packumentCache corgi:https://registry.npmjs.org/jest-runtime cache-miss
276 silly packumentCache corgi:https://registry.npmjs.org/jest-mock cache-miss
277 silly packumentCache corgi:https://registry.npmjs.org/jest-message-util cache-miss
278 silly packumentCache corgi:https://registry.npmjs.org/jest-leak-detector cache-miss
279 silly packumentCache corgi:https://registry.npmjs.org/jest-matcher-utils cache-miss
280 silly packumentCache corgi:https://registry.npmjs.org/jest-regex-util cache-miss
281 silly packumentCache corgi:https://registry.npmjs.org/jest-haste-map cache-miss
282 silly packumentCache corgi:https://registry.npmjs.org/jest-get-type cache-miss
283 silly packumentCache corgi:https://registry.npmjs.org/json-parse-even-better-errors cache-miss
284 silly packumentCache corgi:https://registry.npmjs.org/jest-environment-jsdom cache-miss
285 silly packumentCache corgi:https://registry.npmjs.org/jest-expo cache-miss
286 silly packumentCache corgi:https://registry.npmjs.org/jest-docblock cache-miss
287 silly packumentCache corgi:https://registry.npmjs.org/json5 cache-miss
288 silly packumentCache corgi:https://registry.npmjs.org/jest-each cache-miss
289 silly packumentCache corgi:https://registry.npmjs.org/jest-environment-node cache-miss
290 silly packumentCache corgi:https://registry.npmjs.org/jest-diff cache-miss
291 silly packumentCache corgi:https://registry.npmjs.org/jest-config cache-miss
292 silly packumentCache corgi:https://registry.npmjs.org/jest-changed-files cache-miss
293 silly packumentCache corgi:https://registry.npmjs.org/jest-cli cache-miss
294 silly packumentCache corgi:https://registry.npmjs.org/jackspeak cache-miss
295 silly packumentCache corgi:https://registry.npmjs.org/jest cache-miss
296 silly packumentCache corgi:https://registry.npmjs.org/istanbul-reports cache-miss
297 silly packumentCache corgi:https://registry.npmjs.org/istanbul-lib-instrument cache-miss
298 silly packumentCache corgi:https://registry.npmjs.org/istanbul-lib-report cache-miss
299 silly packumentCache corgi:https://registry.npmjs.org/istanbul-lib-source-maps cache-miss
300 silly packumentCache corgi:https://registry.npmjs.org/isexe cache-miss
301 silly packumentCache corgi:https://registry.npmjs.org/jest-circus cache-miss
302 silly packumentCache corgi:https://registry.npmjs.org/is-potential-custom-element-name cache-miss
303 silly packumentCache corgi:https://registry.npmjs.org/is-stream cache-miss
304 silly packumentCache corgi:https://registry.npmjs.org/is-number cache-miss
305 silly packumentCache corgi:https://registry.npmjs.org/is-generator-fn cache-miss
306 silly packumentCache corgi:https://registry.npmjs.org/is-docker cache-miss
307 silly packumentCache corgi:https://registry.npmjs.org/istanbul-lib-coverage cache-miss
308 silly packumentCache corgi:https://registry.npmjs.org/is-wsl cache-miss
309 silly packumentCache corgi:https://registry.npmjs.org/is-core-module cache-miss
310 silly packumentCache corgi:https://registry.npmjs.org/is-fullwidth-code-point cache-miss
311 silly packumentCache corgi:https://registry.npmjs.org/is-arrayish cache-miss
312 silly packumentCache corgi:https://registry.npmjs.org/inline-style-prefixer cache-miss
313 silly packumentCache corgi:https://registry.npmjs.org/inherits cache-miss
314 silly packumentCache corgi:https://registry.npmjs.org/inflight cache-miss
315 silly packumentCache corgi:https://registry.npmjs.org/indent-string cache-miss
316 silly packumentCache corgi:https://registry.npmjs.org/ini cache-miss
317 silly packumentCache corgi:https://registry.npmjs.org/invariant cache-miss
318 silly packumentCache corgi:https://registry.npmjs.org/imurmurhash cache-miss
319 silly packumentCache corgi:https://registry.npmjs.org/import-local cache-miss
320 silly packumentCache corgi:https://registry.npmjs.org/ignore cache-miss
321 silly packumentCache corgi:https://registry.npmjs.org/ieee754 cache-miss
322 silly packumentCache corgi:https://registry.npmjs.org/iconv-lite cache-miss
323 silly packumentCache corgi:https://registry.npmjs.org/https-proxy-agent cache-miss
324 silly packumentCache corgi:https://registry.npmjs.org/hyphenate-style-name cache-miss
325 silly packumentCache corgi:https://registry.npmjs.org/http-proxy-agent cache-miss
326 silly packumentCache corgi:https://registry.npmjs.org/human-signals cache-miss
327 silly packumentCache corgi:https://registry.npmjs.org/html-escaper cache-miss
328 silly packumentCache corgi:https://registry.npmjs.org/image-size cache-miss
329 silly packumentCache corgi:https://registry.npmjs.org/html-encoding-sniffer cache-miss
330 silly packumentCache corgi:https://registry.npmjs.org/hermes-parser cache-miss
331 silly packumentCache corgi:https://registry.npmjs.org/http-errors cache-miss
332 silly packumentCache corgi:https://registry.npmjs.org/hermes-estree cache-miss
333 silly packumentCache corgi:https://registry.npmjs.org/hasown cache-miss
334 silly packumentCache corgi:https://registry.npmjs.org/has-tostringtag cache-miss
335 silly packumentCache corgi:https://registry.npmjs.org/has-symbols cache-miss
336 silly packumentCache corgi:https://registry.npmjs.org/has-flag cache-miss
337 silly packumentCache corgi:https://registry.npmjs.org/graceful-fs cache-miss
338 silly packumentCache corgi:https://registry.npmjs.org/hosted-git-info cache-miss
339 silly packumentCache corgi:https://registry.npmjs.org/global-dirs cache-miss
340 silly packumentCache corgi:https://registry.npmjs.org/gopd cache-miss
341 silly packumentCache corgi:https://registry.npmjs.org/glob cache-miss
342 silly packumentCache corgi:https://registry.npmjs.org/get-stream cache-miss
343 silly packumentCache corgi:https://registry.npmjs.org/get-proto cache-miss
344 silly packumentCache corgi:https://registry.npmjs.org/get-package-type cache-miss
345 silly packumentCache corgi:https://registry.npmjs.org/get-caller-file cache-miss
346 silly packumentCache corgi:https://registry.npmjs.org/get-intrinsic cache-miss
347 silly packumentCache corgi:https://registry.npmjs.org/gensync cache-miss
348 silly packumentCache corgi:https://registry.npmjs.org/function-bind cache-miss
349 silly packumentCache corgi:https://registry.npmjs.org/fresh cache-miss
350 silly packumentCache corgi:https://registry.npmjs.org/handlebars cache-miss
351 silly packumentCache corgi:https://registry.npmjs.org/fs.realpath cache-miss
352 http cache fsevents@https://registry.npmjs.org/fsevents/-/fsevents-2.3.3.tgz 0ms (cache hit)
353 silly packumentCache corgi:https://registry.npmjs.org/freeport-async cache-miss
354 silly packumentCache corgi:https://registry.npmjs.org/flow-enums-runtime cache-miss
355 silly packumentCache corgi:https://registry.npmjs.org/fontfaceobserver cache-miss
356 silly packumentCache corgi:https://registry.npmjs.org/foreground-child cache-miss
357 silly packumentCache corgi:https://registry.npmjs.org/form-data cache-miss
358 silly packumentCache corgi:https://registry.npmjs.org/fill-range cache-miss
359 silly packumentCache corgi:https://registry.npmjs.org/fdir cache-miss
360 silly packumentCache corgi:https://registry.npmjs.org/fbjs cache-miss
361 silly packumentCache corgi:https://registry.npmjs.org/fb-watchman cache-miss
362 silly packumentCache corgi:https://registry.npmjs.org/finalhandler cache-miss
363 silly packumentCache corgi:https://registry.npmjs.org/fast-json-stable-stringify cache-miss
364 silly packumentCache corgi:https://registry.npmjs.org/fbjs-css-vars cache-miss
365 silly packumentCache corgi:https://registry.npmjs.org/exponential-backoff cache-miss
366 silly packumentCache corgi:https://registry.npmjs.org/expo-sqlite cache-miss
367 silly packumentCache corgi:https://registry.npmjs.org/expo-server cache-miss
368 silly packumentCache corgi:https://registry.npmjs.org/expo-modules-core cache-miss
369 silly packumentCache corgi:https://registry.npmjs.org/expo-keep-awake cache-miss
370 silly packumentCache corgi:https://registry.npmjs.org/expo-modules-autolinking cache-miss
371 silly packumentCache corgi:https://registry.npmjs.org/expo-font cache-miss
372 silly packumentCache corgi:https://registry.npmjs.org/expo-status-bar cache-miss
373 silly packumentCache corgi:https://registry.npmjs.org/expo-file-system cache-miss
374 silly packumentCache corgi:https://registry.npmjs.org/expo-constants cache-miss
375 silly packumentCache corgi:https://registry.npmjs.org/expo cache-miss
376 silly packumentCache corgi:https://registry.npmjs.org/expo-asset cache-miss
377 silly packumentCache corgi:https://registry.npmjs.org/execa cache-miss
378 silly packumentCache corgi:https://registry.npmjs.org/expect cache-miss
379 silly packumentCache corgi:https://registry.npmjs.org/exec-async cache-miss
380 silly packumentCache corgi:https://registry.npmjs.org/etag cache-miss
381 silly packumentCache corgi:https://registry.npmjs.org/estraverse cache-miss
382 silly packumentCache corgi:https://registry.npmjs.org/exit-x cache-miss
383 silly packumentCache corgi:https://registry.npmjs.org/esprima cache-miss
384 silly packumentCache corgi:https://registry.npmjs.org/esutils cache-miss
385 silly packumentCache corgi:https://registry.npmjs.org/event-target-shim cache-miss
386 silly packumentCache corgi:https://registry.npmjs.org/escape-string-regexp cache-miss
387 silly packumentCache corgi:https://registry.npmjs.org/escape-html cache-miss
388 silly packumentCache corgi:https://registry.npmjs.org/escalade cache-miss
389 silly packumentCache corgi:https://registry.npmjs.org/es-set-tostringtag cache-miss
390 silly packumentCache corgi:https://registry.npmjs.org/es-object-atoms cache-miss
391 silly packumentCache corgi:https://registry.npmjs.org/es-errors cache-miss
392 silly packumentCache corgi:https://registry.npmjs.org/escodegen cache-miss
393 silly packumentCache corgi:https://registry.npmjs.org/es-define-property cache-miss
394 silly packumentCache corgi:https://registry.npmjs.org/env-editor cache-miss
395 silly packumentCache corgi:https://registry.npmjs.org/encodeurl cache-miss
396 silly packumentCache corgi:https://registry.npmjs.org/emoji-regex cache-miss
397 silly packumentCache corgi:https://registry.npmjs.org/emittery cache-miss
398 silly packumentCache corgi:https://registry.npmjs.org/electron-to-chromium cache-miss
399 silly packumentCache corgi:https://registry.npmjs.org/error-ex cache-miss
400 silly packumentCache corgi:https://registry.npmjs.org/error-stack-parser cache-miss
401 silly packumentCache corgi:https://registry.npmjs.org/ee-first cache-miss
402 silly packumentCache corgi:https://registry.npmjs.org/eastasianwidth cache-miss
403 silly packumentCache corgi:https://registry.npmjs.org/dotenv cache-miss
404 silly packumentCache corgi:https://registry.npmjs.org/domexception cache-miss
405 silly packumentCache corgi:https://registry.npmjs.org/diff-sequences cache-miss
406 silly packumentCache corgi:https://registry.npmjs.org/detect-newline cache-miss
407 silly packumentCache corgi:https://registry.npmjs.org/detect-libc cache-miss
408 silly packumentCache corgi:https://registry.npmjs.org/depd cache-miss
409 silly packumentCache corgi:https://registry.npmjs.org/dotenv-expand cache-miss
410 silly packumentCache corgi:https://registry.npmjs.org/delayed-stream cache-miss
411 silly packumentCache corgi:https://registry.npmjs.org/define-lazy-prop cache-miss
412 silly packumentCache corgi:https://registry.npmjs.org/defaults cache-miss
413 silly packumentCache corgi:https://registry.npmjs.org/destroy cache-miss
414 silly packumentCache corgi:https://registry.npmjs.org/deepmerge cache-miss
415 silly packumentCache corgi:https://registry.npmjs.org/dedent cache-miss
416 silly packumentCache corgi:https://registry.npmjs.org/decimal.js cache-miss
417 silly packumentCache corgi:https://registry.npmjs.org/debug cache-miss
418 silly packumentCache corgi:https://registry.npmjs.org/deep-extend cache-miss
419 silly packumentCache corgi:https://registry.npmjs.org/data-urls cache-miss
420 silly packumentCache corgi:https://registry.npmjs.org/csstype cache-miss
421 silly packumentCache corgi:https://registry.npmjs.org/cssstyle cache-miss
422 silly packumentCache corgi:https://registry.npmjs.org/cssom cache-miss
423 silly packumentCache corgi:https://registry.npmjs.org/css-in-js-utils cache-miss
424 silly packumentCache corgi:https://registry.npmjs.org/crypto-random-string cache-miss
425 silly packumentCache corgi:https://registry.npmjs.org/dunder-proto cache-miss
426 silly packumentCache corgi:https://registry.npmjs.org/core-js-compat cache-miss
427 silly packumentCache corgi:https://registry.npmjs.org/cross-spawn cache-miss
428 silly packumentCache corgi:https://registry.npmjs.org/cross-fetch cache-miss
429 silly packumentCache corgi:https://registry.npmjs.org/concat-map cache-miss
430 silly packumentCache corgi:https://registry.npmjs.org/compression cache-miss
431 silly packumentCache corgi:https://registry.npmjs.org/compressible cache-miss
432 silly packumentCache corgi:https://registry.npmjs.org/commander cache-miss
433 silly packumentCache corgi:https://registry.npmjs.org/combined-stream cache-miss
434 silly packumentCache corgi:https://registry.npmjs.org/convert-source-map cache-miss
435 silly packumentCache corgi:https://registry.npmjs.org/color-convert cache-miss
436 silly packumentCache corgi:https://registry.npmjs.org/collect-v8-coverage cache-miss
437 silly packumentCache corgi:https://registry.npmjs.org/clone cache-miss
438 silly packumentCache corgi:https://registry.npmjs.org/connect cache-miss
439 silly packumentCache corgi:https://registry.npmjs.org/co cache-miss
440 silly packumentCache corgi:https://registry.npmjs.org/cliui cache-miss
441 silly packumentCache corgi:https://registry.npmjs.org/cli-cursor cache-miss
442 silly packumentCache corgi:https://registry.npmjs.org/ci-info cache-miss
443 silly packumentCache corgi:https://registry.npmjs.org/chromium-edge-launcher cache-miss
444 silly packumentCache corgi:https://registry.npmjs.org/chrome-launcher cache-miss
445 silly packumentCache corgi:https://registry.npmjs.org/chownr cache-miss
446 silly packumentCache corgi:https://registry.npmjs.org/cli-spinners cache-miss
447 silly packumentCache corgi:https://registry.npmjs.org/char-regex cache-miss
448 silly packumentCache corgi:https://registry.npmjs.org/caniuse-lite cache-miss
449 silly packumentCache corgi:https://registry.npmjs.org/camelcase cache-miss
450 silly packumentCache corgi:https://registry.npmjs.org/chalk cache-miss
451 silly packumentCache corgi:https://registry.npmjs.org/cjs-module-lexer cache-miss
452 silly packumentCache corgi:https://registry.npmjs.org/callsites cache-miss
453 silly packumentCache corgi:https://registry.npmjs.org/bytes cache-miss
454 silly packumentCache corgi:https://registry.npmjs.org/color-name cache-miss
455 silly packumentCache corgi:https://registry.npmjs.org/buffer-from cache-miss
456 silly packumentCache corgi:https://registry.npmjs.org/buffer cache-miss
457 silly packumentCache corgi:https://registry.npmjs.org/bser cache-miss
458 silly packumentCache corgi:https://registry.npmjs.org/call-bind-apply-helpers cache-miss
459 silly packumentCache corgi:https://registry.npmjs.org/bs-logger cache-miss
460 silly packumentCache corgi:https://registry.npmjs.org/browserslist cache-miss
461 silly packumentCache corgi:https://registry.npmjs.org/braces cache-miss
462 silly packumentCache corgi:https://registry.npmjs.org/bplist-parser cache-miss
463 silly packumentCache corgi:https://registry.npmjs.org/brace-expansion cache-miss
464 silly packumentCache corgi:https://registry.npmjs.org/bplist-creator cache-miss
465 silly packumentCache corgi:https://registry.npmjs.org/big-integer cache-miss
466 silly packumentCache corgi:https://registry.npmjs.org/better-opn cache-miss
467 silly packumentCache corgi:https://registry.npmjs.org/baseline-browser-mapping cache-miss
468 silly packumentCache corgi:https://registry.npmjs.org/balanced-match cache-miss
469 silly packumentCache corgi:https://registry.npmjs.org/babel-preset-jest cache-miss
470 silly packumentCache corgi:https://registry.npmjs.org/babel-preset-current-node-syntax cache-miss
471 silly packumentCache corgi:https://registry.npmjs.org/base64-js cache-miss
472 silly packumentCache corgi:https://registry.npmjs.org/babel-plugin-transform-flow-enums cache-miss
473 silly packumentCache corgi:https://registry.npmjs.org/babel-plugin-react-native-web cache-miss
474 silly packumentCache corgi:https://registry.npmjs.org/babel-plugin-react-compiler cache-miss
475 silly packumentCache corgi:https://registry.npmjs.org/babel-preset-expo cache-miss
476 silly packumentCache corgi:https://registry.npmjs.org/babel-plugin-polyfill-regenerator cache-miss
477 silly packumentCache corgi:https://registry.npmjs.org/babel-plugin-polyfill-corejs2 cache-miss
478 silly packumentCache corgi:https://registry.npmjs.org/babel-plugin-jest-hoist cache-miss
479 silly packumentCache corgi:https://registry.npmjs.org/babel-plugin-polyfill-corejs3 cache-miss
480 silly packumentCache corgi:https://registry.npmjs.org/babel-plugin-istanbul cache-miss
481 silly packumentCache corgi:https://registry.npmjs.org/await-lock cache-miss
482 silly packumentCache corgi:https://registry.npmjs.org/babel-plugin-syntax-hermes-parser cache-miss
483 silly packumentCache corgi:https://registry.npmjs.org/babel-jest cache-miss
484 silly packumentCache corgi:https://registry.npmjs.org/asap cache-miss
485 silly packumentCache corgi:https://registry.npmjs.org/argparse cache-miss
486 silly packumentCache corgi:https://registry.npmjs.org/arg cache-miss
487 silly packumentCache corgi:https://registry.npmjs.org/async-limiter cache-miss
488 silly packumentCache corgi:https://registry.npmjs.org/any-promise cache-miss
489 silly packumentCache corgi:https://registry.npmjs.org/anymatch cache-miss
490 silly packumentCache corgi:https://registry.npmjs.org/ansi-styles cache-miss
491 silly packumentCache corgi:https://registry.npmjs.org/anser cache-miss
492 silly packumentCache corgi:https://registry.npmjs.org/ansi-escapes cache-miss
493 silly packumentCache corgi:https://registry.npmjs.org/agent-base cache-miss
494 silly packumentCache corgi:https://registry.npmjs.org/asynckit cache-miss
495 silly packumentCache corgi:https://registry.npmjs.org/acorn-walk cache-miss
496 silly packumentCache corgi:https://registry.npmjs.org/acorn-globals cache-miss
497 silly packumentCache corgi:https://registry.npmjs.org/abort-controller cache-miss
498 silly packumentCache corgi:https://registry.npmjs.org/accepts cache-miss
499 silly packumentCache corgi:https://registry.npmjs.org/abab cache-miss
500 silly packumentCache corgi:https://registry.npmjs.org/@urql%2fexchange-retry cache-miss
501 silly packumentCache corgi:https://registry.npmjs.org/@urql%2fcore cache-miss
502 silly packumentCache corgi:https://registry.npmjs.org/ansi-regex cache-miss
503 silly packumentCache corgi:https://registry.npmjs.org/@unrs%2fresolver-binding-darwin-arm64 cache-miss
504 silly packumentCache corgi:https://registry.npmjs.org/acorn cache-miss
505 silly packumentCache corgi:https://registry.npmjs.org/@types%2freact cache-miss
506 silly packumentCache corgi:https://registry.npmjs.org/@xmldom%2fxmldom cache-miss
507 silly packumentCache corgi:https://registry.npmjs.org/@types%2fstack-utils cache-miss
508 silly packumentCache corgi:https://registry.npmjs.org/@types%2fyargs cache-miss
509 silly packumentCache corgi:https://registry.npmjs.org/@types%2fyargs-parser cache-miss
510 silly packumentCache corgi:https://registry.npmjs.org/@types%2ftough-cookie cache-miss
511 silly packumentCache corgi:https://registry.npmjs.org/@types%2fnode cache-miss
512 silly packumentCache corgi:https://registry.npmjs.org/@ungap%2fstructured-clone cache-miss
513 silly packumentCache corgi:https://registry.npmjs.org/@types%2fistanbul-reports cache-miss
514 silly packumentCache corgi:https://registry.npmjs.org/@types%2fjest cache-miss
515 silly packumentCache corgi:https://registry.npmjs.org/@types%2fgraceful-fs cache-miss
516 silly packumentCache corgi:https://registry.npmjs.org/@types%2fistanbul-lib-report cache-miss
517 silly packumentCache corgi:https://registry.npmjs.org/@types%2fbabel__traverse cache-miss
518 silly packumentCache corgi:https://registry.npmjs.org/@types%2fbabel__template cache-miss
519 silly packumentCache corgi:https://registry.npmjs.org/@types%2fbabel__generator cache-miss
520 silly packumentCache corgi:https://registry.npmjs.org/@types%2fbabel__core cache-miss
521 silly packumentCache corgi:https://registry.npmjs.org/@tootallnate%2fonce cache-miss
522 silly packumentCache corgi:https://registry.npmjs.org/@types%2fistanbul-lib-coverage cache-miss
523 silly packumentCache corgi:https://registry.npmjs.org/@types%2fjsdom cache-miss
524 silly packumentCache corgi:https://registry.npmjs.org/@sinonjs%2ffake-timers cache-miss
525 silly packumentCache corgi:https://registry.npmjs.org/@sinclair%2ftypebox cache-miss
526 silly packumentCache corgi:https://registry.npmjs.org/@sinonjs%2fcommons cache-miss
527 silly packumentCache corgi:https://registry.npmjs.org/@react-native%2fnormalize-colors cache-miss
528 silly packumentCache corgi:https://registry.npmjs.org/@react-native%2fjs-polyfills cache-miss
529 silly packumentCache corgi:https://registry.npmjs.org/@testing-library%2freact-native cache-miss
530 silly packumentCache corgi:https://registry.npmjs.org/@react-native%2fgradle-plugin cache-miss
531 silly packumentCache corgi:https://registry.npmjs.org/@react-native%2fdev-middleware cache-miss
532 silly packumentCache corgi:https://registry.npmjs.org/@react-native%2fdebugger-frontend cache-miss
533 silly packumentCache corgi:https://registry.npmjs.org/@react-native%2fvirtualized-lists cache-miss
534 silly packumentCache corgi:https://registry.npmjs.org/@react-native%2fcodegen cache-miss
535 silly packumentCache corgi:https://registry.npmjs.org/@react-native%2fcommunity-cli-plugin cache-miss
536 silly packumentCache corgi:https://registry.npmjs.org/@react-native-community%2fnetinfo cache-miss
537 silly packumentCache corgi:https://registry.npmjs.org/@react-native%2fassets-registry cache-miss
538 silly packumentCache corgi:https://registry.npmjs.org/@pkgjs%2fparseargs cache-miss
539 silly packumentCache corgi:https://registry.npmjs.org/@react-native%2fbabel-plugin-codegen cache-miss
540 silly packumentCache corgi:https://registry.npmjs.org/@jridgewell%2ftrace-mapping cache-miss
541 silly packumentCache corgi:https://registry.npmjs.org/@jridgewell%2fsourcemap-codec cache-miss
542 silly packumentCache corgi:https://registry.npmjs.org/@jridgewell%2fsource-map cache-miss
543 silly packumentCache corgi:https://registry.npmjs.org/@jridgewell%2fresolve-uri cache-miss
544 silly packumentCache corgi:https://registry.npmjs.org/@jridgewell%2fgen-mapping cache-miss
545 silly packumentCache corgi:https://registry.npmjs.org/@jridgewell%2fremapping cache-miss
546 silly packumentCache corgi:https://registry.npmjs.org/@jest%2ftransform cache-miss
547 silly packumentCache corgi:https://registry.npmjs.org/@jest%2ftypes cache-miss
548 silly packumentCache corgi:https://registry.npmjs.org/@jest%2fsource-map cache-miss
549 silly packumentCache corgi:https://registry.npmjs.org/@jest%2ftest-result cache-miss
550 silly packumentCache corgi:https://registry.npmjs.org/@jest%2ftest-sequencer cache-miss
551 silly packumentCache corgi:https://registry.npmjs.org/@jest%2fsnapshot-utils cache-miss
552 silly packumentCache corgi:https://registry.npmjs.org/@jest%2fschemas cache-miss
553 silly packumentCache corgi:https://registry.npmjs.org/@jest%2fget-type cache-miss
554 silly packumentCache corgi:https://registry.npmjs.org/@jest%2ffake-timers cache-miss
555 silly packumentCache corgi:https://registry.npmjs.org/@jest%2fpattern cache-miss
556 silly packumentCache corgi:https://registry.npmjs.org/@jest%2fglobals cache-miss
557 silly packumentCache corgi:https://registry.npmjs.org/@jest%2fexpect-utils cache-miss
558 silly packumentCache corgi:https://registry.npmjs.org/@jest%2fdiff-sequences cache-miss
559 silly packumentCache corgi:https://registry.npmjs.org/@jest%2fcreate-cache-key-function cache-miss
560 silly packumentCache corgi:https://registry.npmjs.org/@jest%2fexpect cache-miss
561 silly packumentCache corgi:https://registry.npmjs.org/@jest%2fenvironment cache-miss
562 silly packumentCache corgi:https://registry.npmjs.org/@pkgr%2fcore cache-miss
563 silly packumentCache corgi:https://registry.npmjs.org/@jest%2fcore cache-miss
564 silly packumentCache corgi:https://registry.npmjs.org/@istanbuljs%2fload-nyc-config cache-miss
565 silly packumentCache corgi:https://registry.npmjs.org/@isaacs%2fttlcache cache-miss
566 silly packumentCache corgi:https://registry.npmjs.org/@jest%2fconsole cache-miss
567 silly packumentCache corgi:https://registry.npmjs.org/@isaacs%2fcliui cache-miss
568 silly packumentCache corgi:https://registry.npmjs.org/@isaacs%2ffs-minipass cache-miss
569 silly packumentCache corgi:https://registry.npmjs.org/@istanbuljs%2fschema cache-miss
570 silly packumentCache corgi:https://registry.npmjs.org/@expo%2fws-tunnel cache-miss
571 silly packumentCache corgi:https://registry.npmjs.org/@expo%2fsudo-prompt cache-miss
572 silly packumentCache corgi:https://registry.npmjs.org/@expo%2fvector-icons cache-miss
573 silly packumentCache corgi:https://registry.npmjs.org/@expo%2fxcpretty cache-miss
574 silly packumentCache corgi:https://registry.npmjs.org/@expo%2fsdk-runtime-versions cache-miss
575 silly packumentCache corgi:https://registry.npmjs.org/@expo%2fprebuild-config cache-miss
576 silly packumentCache corgi:https://registry.npmjs.org/@expo%2fschema-utils cache-miss
577 silly packumentCache corgi:https://registry.npmjs.org/@expo%2fspawn-async cache-miss
578 silly packumentCache corgi:https://registry.npmjs.org/@expo%2fpackage-manager cache-miss
579 silly packumentCache corgi:https://registry.npmjs.org/@expo%2fmetro-config cache-miss
580 silly packumentCache corgi:https://registry.npmjs.org/@expo%2fplist cache-miss
581 silly packumentCache corgi:https://registry.npmjs.org/@expo%2fosascript cache-miss
582 silly packumentCache corgi:https://registry.npmjs.org/@expo%2fmetro cache-miss
583 silly packumentCache corgi:https://registry.npmjs.org/@expo%2fimage-utils cache-miss
584 silly packumentCache corgi:https://registry.npmjs.org/@expo%2fjson-file cache-miss
585 silly packumentCache corgi:https://registry.npmjs.org/@expo%2fdevtools cache-miss
586 silly packumentCache corgi:https://registry.npmjs.org/@expo%2ffingerprint cache-miss
587 silly packumentCache corgi:https://registry.npmjs.org/@expo%2fdevcert cache-miss
588 silly packumentCache corgi:https://registry.npmjs.org/@expo%2fconfig-plugins cache-miss
589 silly packumentCache corgi:https://registry.npmjs.org/@expo%2fconfig-types cache-miss
590 silly packumentCache corgi:https://registry.npmjs.org/@jest%2freporters cache-miss
591 silly packumentCache corgi:https://registry.npmjs.org/@expo%2fcode-signing-certificates cache-miss
592 silly packumentCache corgi:https://registry.npmjs.org/@expo%2fcli cache-miss
593 silly packumentCache corgi:https://registry.npmjs.org/@expo%2fconfig cache-miss
594 silly packumentCache corgi:https://registry.npmjs.org/@bcoe%2fv8-coverage cache-miss
595 silly packumentCache corgi:https://registry.npmjs.org/@expo%2fenv cache-miss
596 silly packumentCache corgi:https://registry.npmjs.org/@babel%2ftraverse cache-miss
597 silly packumentCache corgi:https://registry.npmjs.org/@babel%2ftemplate cache-miss
598 silly packumentCache corgi:https://registry.npmjs.org/@babel%2ftypes cache-miss
599 silly packumentCache corgi:https://registry.npmjs.org/@react-native%2fbabel-preset cache-miss
600 silly packumentCache corgi:https://registry.npmjs.org/@babel%2fruntime cache-miss
601 silly packumentCache corgi:https://registry.npmjs.org/@babel%2fpreset-typescript cache-miss
602 silly packumentCache corgi:https://registry.npmjs.org/@babel%2fplugin-transform-unicode-regex cache-miss
603 silly packumentCache corgi:https://registry.npmjs.org/@babel%2ftraverse cache-miss
604 silly packumentCache corgi:https://registry.npmjs.org/@babel%2fplugin-transform-typescript cache-miss
605 silly packumentCache corgi:https://registry.npmjs.org/@babel%2fplugin-transform-shorthand-properties cache-miss
606 silly packumentCache corgi:https://registry.npmjs.org/@babel%2fplugin-transform-regenerator cache-miss
607 silly packumentCache corgi:https://registry.npmjs.org/@babel%2fplugin-transform-react-pure-annotations cache-miss
608 silly packumentCache corgi:https://registry.npmjs.org/@babel%2fplugin-transform-spread cache-miss
609 silly packumentCache corgi:https://registry.npmjs.org/@babel%2fplugin-transform-sticky-regex cache-miss
610 silly packumentCache corgi:https://registry.npmjs.org/@babel%2fplugin-transform-react-jsx-self cache-miss
611 silly packumentCache corgi:https://registry.npmjs.org/@babel%2fplugin-transform-react-jsx cache-miss
612 silly packumentCache corgi:https://registry.npmjs.org/@babel%2fplugin-transform-react-jsx-source cache-miss
613 silly packumentCache corgi:https://registry.npmjs.org/@babel%2fplugin-transform-private-property-in-object cache-miss
614 silly packumentCache corgi:https://registry.npmjs.org/@babel%2fplugin-transform-react-jsx-development cache-miss
615 silly packumentCache corgi:https://registry.npmjs.org/@babel%2fplugin-transform-react-display-name cache-miss
616 silly packumentCache corgi:https://registry.npmjs.org/@babel%2fplugin-transform-optional-chaining cache-miss
617 silly packumentCache corgi:https://registry.npmjs.org/@babel%2fplugin-transform-runtime cache-miss
618 silly packumentCache corgi:https://registry.npmjs.org/@babel%2fplugin-transform-optional-catch-binding cache-miss
619 silly packumentCache corgi:https://registry.npmjs.org/@babel%2fplugin-transform-numeric-separator cache-miss
620 silly packumentCache corgi:https://registry.npmjs.org/@babel%2fplugin-transform-private-methods cache-miss
621 silly packumentCache corgi:https://registry.npmjs.org/@babel%2fpreset-react cache-miss
622 silly packumentCache corgi:https://registry.npmjs.org/@babel%2fplugin-transform-object-rest-spread cache-miss
623 silly packumentCache corgi:https://registry.npmjs.org/@babel%2fplugin-transform-parameters cache-miss
624 silly packumentCache corgi:https://registry.npmjs.org/@babel%2fplugin-transform-nullish-coalescing-operator cache-miss
625 silly packumentCache corgi:https://registry.npmjs.org/@babel%2fplugin-transform-logical-assignment-operators cache-miss
626 silly packumentCache corgi:https://registry.npmjs.org/@babel%2fplugin-transform-named-capturing-groups-regex cache-miss
627 silly packumentCache corgi:https://registry.npmjs.org/@babel%2fplugin-transform-modules-commonjs cache-miss
628 silly packumentCache corgi:https://registry.npmjs.org/@babel%2fplugin-transform-function-name cache-miss
629 silly packumentCache corgi:https://registry.npmjs.org/@babel%2fplugin-transform-export-namespace-from cache-miss
630 silly packumentCache corgi:https://registry.npmjs.org/@babel%2fplugin-transform-computed-properties cache-miss
631 silly packumentCache corgi:https://registry.npmjs.org/@babel%2fplugin-transform-class-static-block cache-miss
632 silly packumentCache corgi:https://registry.npmjs.org/@babel%2fplugin-transform-classes cache-miss
633 silly packumentCache corgi:https://registry.npmjs.org/@babel%2fplugin-transform-block-scoping cache-miss
634 silly packumentCache corgi:https://registry.npmjs.org/@babel%2fplugin-transform-class-properties cache-miss
635 silly packumentCache corgi:https://registry.npmjs.org/@babel%2fplugin-transform-for-of cache-miss
636 silly packumentCache corgi:https://registry.npmjs.org/@babel%2fplugin-transform-async-to-generator cache-miss
637 silly packumentCache corgi:https://registry.npmjs.org/@babel%2fplugin-transform-destructuring cache-miss
638 silly packumentCache corgi:https://registry.npmjs.org/@babel%2fplugin-transform-arrow-functions cache-miss
639 silly packumentCache corgi:https://registry.npmjs.org/@babel%2fplugin-syntax-top-level-await cache-miss
640 silly packumentCache corgi:https://registry.npmjs.org/@babel%2fplugin-transform-async-generator-functions cache-miss
641 silly packumentCache corgi:https://registry.npmjs.org/@babel%2fplugin-syntax-typescript cache-miss
642 silly packumentCache corgi:https://registry.npmjs.org/@babel%2fplugin-syntax-private-property-in-object cache-miss
643 silly packumentCache corgi:https://registry.npmjs.org/@babel%2fplugin-syntax-object-rest-spread cache-miss
644 silly packumentCache corgi:https://registry.npmjs.org/@babel%2fplugin-syntax-optional-chaining cache-miss
645 silly packumentCache corgi:https://registry.npmjs.org/@babel%2fplugin-syntax-optional-catch-binding cache-miss
646 silly packumentCache corgi:https://registry.npmjs.org/@babel%2fplugin-syntax-numeric-separator cache-miss
647 silly packumentCache corgi:https://registry.npmjs.org/@babel%2fplugin-syntax-nullish-coalescing-operator cache-miss
648 silly packumentCache corgi:https://registry.npmjs.org/@babel%2fplugin-syntax-logical-assignment-operators cache-miss
649 silly packumentCache corgi:https://registry.npmjs.org/@babel%2fplugin-syntax-json-strings cache-miss
650 silly packumentCache corgi:https://registry.npmjs.org/@babel%2fplugin-transform-flow-strip-types cache-miss
651 silly packumentCache corgi:https://registry.npmjs.org/@babel%2fplugin-syntax-flow cache-miss
652 silly packumentCache corgi:https://registry.npmjs.org/@babel%2fplugin-syntax-import-meta cache-miss
653 silly packumentCache corgi:https://registry.npmjs.org/@babel%2fplugin-syntax-import-attributes cache-miss
654 silly packumentCache corgi:https://registry.npmjs.org/@babel%2fplugin-syntax-dynamic-import cache-miss
655 silly packumentCache corgi:https://registry.npmjs.org/@babel%2fplugin-syntax-jsx cache-miss
656 silly packumentCache corgi:https://registry.npmjs.org/@babel%2fplugin-syntax-decorators cache-miss
657 silly packumentCache corgi:https://registry.npmjs.org/@babel%2fplugin-syntax-class-properties cache-miss
658 silly packumentCache corgi:https://registry.npmjs.org/@babel%2fplugin-syntax-class-static-block cache-miss
659 silly packumentCache corgi:https://registry.npmjs.org/@babel%2fplugin-syntax-export-default-from cache-miss
660 silly packumentCache corgi:https://registry.npmjs.org/@babel%2fplugin-transform-literals cache-miss
661 silly packumentCache corgi:https://registry.npmjs.org/@babel%2fplugin-syntax-bigint cache-miss
662 silly packumentCache corgi:https://registry.npmjs.org/@babel%2fparser cache-miss
663 silly packumentCache corgi:https://registry.npmjs.org/@babel%2fplugin-proposal-decorators cache-miss
664 silly packumentCache corgi:https://registry.npmjs.org/@babel%2fplugin-proposal-export-default-from cache-miss
665 silly packumentCache corgi:https://registry.npmjs.org/@babel%2fplugin-syntax-async-generators cache-miss
666 silly packumentCache corgi:https://registry.npmjs.org/@babel%2fhelpers cache-miss
667 silly packumentCache corgi:https://registry.npmjs.org/@babel%2fhelper-validator-identifier cache-miss
668 silly packumentCache corgi:https://registry.npmjs.org/@babel%2fhelper-string-parser cache-miss
669 silly packumentCache corgi:https://registry.npmjs.org/@babel%2fhelper-skip-transparent-expression-wrappers cache-miss
670 silly packumentCache corgi:https://registry.npmjs.org/@babel%2fhelper-replace-supers cache-miss
671 silly packumentCache corgi:https://registry.npmjs.org/@babel%2fhelper-remap-async-to-generator cache-miss
672 silly packumentCache corgi:https://registry.npmjs.org/@babel%2fhelper-plugin-utils cache-miss
673 silly packumentCache corgi:https://registry.npmjs.org/@babel%2fhelper-validator-option cache-miss
674 silly packumentCache corgi:https://registry.npmjs.org/@babel%2fhighlight cache-miss
675 silly packumentCache corgi:https://registry.npmjs.org/@babel%2fhelper-optimise-call-expression cache-miss
676 silly packumentCache corgi:https://registry.npmjs.org/@babel%2fhelper-wrap-function cache-miss
677 silly packumentCache corgi:https://registry.npmjs.org/@babel%2fhelper-module-transforms cache-miss
678 silly packumentCache corgi:https://registry.npmjs.org/@babel%2fhelper-define-polyfill-provider cache-miss
679 silly packumentCache corgi:https://registry.npmjs.org/@babel%2fhelper-member-expression-to-functions cache-miss
680 silly packumentCache corgi:https://registry.npmjs.org/@babel%2fhelper-globals cache-miss
681 silly packumentCache corgi:https://registry.npmjs.org/@babel%2fhelper-module-imports cache-miss
682 silly packumentCache corgi:https://registry.npmjs.org/@babel%2fhelper-create-class-features-plugin cache-miss
683 silly packumentCache corgi:https://registry.npmjs.org/@babel%2fhelper-create-regexp-features-plugin cache-miss
684 silly packumentCache corgi:https://registry.npmjs.org/@babel%2fcore cache-miss
685 silly packumentCache corgi:https://registry.npmjs.org/@babel%2fhelper-annotate-as-pure cache-miss
686 silly packumentCache corgi:https://registry.npmjs.org/@babel%2fhelper-compilation-targets cache-miss
687 silly packumentCache corgi:https://registry.npmjs.org/@0no-co%2fgraphql.web cache-miss
688 silly packumentCache corgi:https://registry.npmjs.org/@babel%2fgenerator cache-miss
689 silly packumentCache corgi:https://registry.npmjs.org/signal-exit cache-miss
690 silly packumentCache corgi:https://registry.npmjs.org/strip-ansi cache-miss
691 silly packumentCache corgi:https://registry.npmjs.org/@babel%2fcode-frame cache-miss
692 silly packumentCache corgi:https://registry.npmjs.org/universalify cache-miss
693 silly packumentCache corgi:https://registry.npmjs.org/type-fest cache-miss
694 silly packumentCache corgi:https://registry.npmjs.org/xmlbuilder cache-miss
695 silly packumentCache corgi:https://registry.npmjs.org/picomatch cache-miss
696 silly packumentCache corgi:https://registry.npmjs.org/strip-ansi cache-miss
697 silly packumentCache corgi:https://registry.npmjs.org/minimatch cache-miss
698 silly packumentCache corgi:https://registry.npmjs.org/@babel%2fcompat-data cache-miss
699 silly packumentCache corgi:https://registry.npmjs.org/brace-expansion cache-miss
700 silly packumentCache corgi:https://registry.npmjs.org/commander cache-miss
701 silly packumentCache corgi:https://registry.npmjs.org/glob cache-miss
702 silly packumentCache corgi:https://registry.npmjs.org/yallist cache-miss
703 silly packumentCache corgi:https://registry.npmjs.org/semver cache-miss
704 silly packumentCache corgi:https://registry.npmjs.org/ansi-regex cache-miss
705 silly packumentCache corgi:https://registry.npmjs.org/strip-ansi cache-miss
706 silly packumentCache corgi:https://registry.npmjs.org/webidl-conversions cache-miss
707 silly packumentCache corgi:https://registry.npmjs.org/uuid cache-miss
708 silly packumentCache corgi:https://registry.npmjs.org/strip-ansi cache-miss
709 silly packumentCache corgi:https://registry.npmjs.org/type-fest cache-miss
710 silly packumentCache corgi:https://registry.npmjs.org/commander cache-miss
711 silly packumentCache corgi:https://registry.npmjs.org/bplist-parser cache-miss
712 silly packumentCache corgi:https://registry.npmjs.org/escape-string-regexp cache-miss
713 silly packumentCache corgi:https://registry.npmjs.org/statuses cache-miss
714 silly packumentCache corgi:https://registry.npmjs.org/source-map cache-miss
715 silly packumentCache corgi:https://registry.npmjs.org/debug cache-miss
716 silly packumentCache corgi:https://registry.npmjs.org/encodeurl cache-miss
717 silly packumentCache corgi:https://registry.npmjs.org/ms cache-miss
718 silly packumentCache corgi:https://registry.npmjs.org/yallist cache-miss
719 silly packumentCache corgi:https://registry.npmjs.org/on-finished cache-miss
720 silly packumentCache corgi:https://registry.npmjs.org/encodeurl cache-miss
721 silly packumentCache corgi:https://registry.npmjs.org/lru-cache cache-miss
722 silly packumentCache corgi:https://registry.npmjs.org/mimic-fn cache-miss
723 silly packumentCache corgi:https://registry.npmjs.org/scheduler cache-miss
724 silly packumentCache corgi:https://registry.npmjs.org/react-is cache-miss
725 silly packumentCache corgi:https://registry.npmjs.org/memoize-one cache-miss
726 silly packumentCache corgi:https://registry.npmjs.org/onetime cache-miss
727 silly packumentCache corgi:https://registry.npmjs.org/ws cache-miss
728 silly packumentCache corgi:https://registry.npmjs.org/@react-native%2fnormalize-colors cache-miss
729 silly packumentCache corgi:https://registry.npmjs.org/strip-ansi cache-miss
730 silly packumentCache corgi:https://registry.npmjs.org/supports-color cache-miss
731 silly packumentCache corgi:https://registry.npmjs.org/pretty-format cache-miss
732 silly packumentCache corgi:https://registry.npmjs.org/picomatch cache-miss
733 silly packumentCache corgi:https://registry.npmjs.org/write-file-atomic cache-miss
734 silly packumentCache corgi:https://registry.npmjs.org/minimatch cache-miss
735 silly packumentCache corgi:https://registry.npmjs.org/jest-worker cache-miss
736 silly packumentCache corgi:https://registry.npmjs.org/jest-util cache-miss
737 silly packumentCache corgi:https://registry.npmjs.org/jest-regex-util cache-miss
738 silly packumentCache corgi:https://registry.npmjs.org/jest-mock cache-miss
739 silly packumentCache corgi:https://registry.npmjs.org/jest-message-util cache-miss
740 silly packumentCache corgi:https://registry.npmjs.org/jest-environment-node cache-miss
741 silly packumentCache corgi:https://registry.npmjs.org/istanbul-lib-instrument cache-miss
742 silly packumentCache corgi:https://registry.npmjs.org/glob cache-miss
743 silly packumentCache corgi:https://registry.npmjs.org/jest-haste-map cache-miss
744 silly packumentCache corgi:https://registry.npmjs.org/semver cache-miss
745 silly packumentCache corgi:https://registry.npmjs.org/commander cache-miss
746 silly packumentCache corgi:https://registry.npmjs.org/brace-expansion cache-miss
747 silly packumentCache corgi:https://registry.npmjs.org/babel-preset-jest cache-miss
748 silly packumentCache corgi:https://registry.npmjs.org/babel-plugin-jest-hoist cache-miss
749 silly packumentCache corgi:https://registry.npmjs.org/babel-plugin-istanbul cache-miss
750 silly packumentCache corgi:https://registry.npmjs.org/babel-jest cache-miss
751 silly packumentCache corgi:https://registry.npmjs.org/ansi-styles cache-miss
752 silly packumentCache corgi:https://registry.npmjs.org/@sinonjs%2ffake-timers cache-miss
753 silly packumentCache corgi:https://registry.npmjs.org/@sinclair%2ftypebox cache-miss
754 silly packumentCache corgi:https://registry.npmjs.org/@jest%2ftypes cache-miss
755 silly packumentCache corgi:https://registry.npmjs.org/@jest%2ftransform cache-miss
756 silly packumentCache corgi:https://registry.npmjs.org/@jest%2fschemas cache-miss
757 silly packumentCache corgi:https://registry.npmjs.org/@jest%2ffake-timers cache-miss
758 silly packumentCache corgi:https://registry.npmjs.org/@jest%2fenvironment cache-miss
759 silly packumentCache corgi:https://registry.npmjs.org/ws cache-miss
760 silly packumentCache corgi:https://registry.npmjs.org/strip-json-comments cache-miss
761 silly packumentCache corgi:https://registry.npmjs.org/resolve cache-miss
762 silly packumentCache corgi:https://registry.npmjs.org/ansi-styles cache-miss
763 silly packumentCache corgi:https://registry.npmjs.org/p-locate cache-miss
764 silly packumentCache corgi:https://registry.npmjs.org/p-limit cache-miss
765 silly packumentCache corgi:https://registry.npmjs.org/locate-path cache-miss
766 silly packumentCache corgi:https://registry.npmjs.org/find-up cache-miss
767 silly packumentCache corgi:https://registry.npmjs.org/lru-cache cache-miss
768 silly packumentCache corgi:https://registry.npmjs.org/entities cache-miss
769 silly packumentCache corgi:https://registry.npmjs.org/strip-ansi cache-miss
770 silly packumentCache corgi:https://registry.npmjs.org/supports-color cache-miss
771 silly packumentCache corgi:https://registry.npmjs.org/escape-string-regexp cache-miss
772 silly packumentCache corgi:https://registry.npmjs.org/has-flag cache-miss
773 silly packumentCache corgi:https://registry.npmjs.org/color-name cache-miss
774 silly packumentCache corgi:https://registry.npmjs.org/color-convert cache-miss
775 silly packumentCache corgi:https://registry.npmjs.org/chalk cache-miss
776 silly packumentCache corgi:https://registry.npmjs.org/ansi-styles cache-miss
777 silly packumentCache corgi:https://registry.npmjs.org/ansi-regex cache-miss
778 silly packumentCache corgi:https://registry.npmjs.org/whatwg-url cache-miss
779 silly packumentCache corgi:https://registry.npmjs.org/webidl-conversions cache-miss
780 silly packumentCache corgi:https://registry.npmjs.org/tr46 cache-miss
781 silly packumentCache corgi:https://registry.npmjs.org/mime-db cache-miss
782 silly packumentCache corgi:https://registry.npmjs.org/source-map cache-miss
783 silly packumentCache corgi:https://registry.npmjs.org/picomatch cache-miss
784 silly packumentCache corgi:https://registry.npmjs.org/source-map cache-miss
785 silly packumentCache corgi:https://registry.npmjs.org/picomatch cache-miss
786 silly packumentCache corgi:https://registry.npmjs.org/supports-color cache-miss
787 silly packumentCache corgi:https://registry.npmjs.org/jest-util cache-miss
788 silly packumentCache corgi:https://registry.npmjs.org/jest-worker cache-miss
789 silly packumentCache corgi:https://registry.npmjs.org/@sinclair%2ftypebox cache-miss
790 silly packumentCache corgi:https://registry.npmjs.org/@jest%2ftypes cache-miss
791 silly packumentCache corgi:https://registry.npmjs.org/@jest%2fschemas cache-miss
792 silly packumentCache corgi:https://registry.npmjs.org/yaml cache-miss
793 silly packumentCache corgi:https://registry.npmjs.org/pretty-format cache-miss
794 silly packumentCache corgi:https://registry.npmjs.org/jest-validate cache-miss
795 silly packumentCache corgi:https://registry.npmjs.org/camelcase cache-miss
796 silly packumentCache corgi:https://registry.npmjs.org/ansi-styles cache-miss
797 silly packumentCache corgi:https://registry.npmjs.org/@sinclair%2ftypebox cache-miss
798 silly packumentCache corgi:https://registry.npmjs.org/@jest%2ftypes cache-miss
799 silly packumentCache corgi:https://registry.npmjs.org/@jest%2fschemas cache-miss
800 silly packumentCache corgi:https://registry.npmjs.org/https-proxy-agent cache-miss
801 silly packumentCache corgi:https://registry.npmjs.org/agent-base cache-miss
802 silly packumentCache corgi:https://registry.npmjs.org/hermes-estree cache-miss
803 silly packumentCache corgi:https://registry.npmjs.org/scheduler cache-miss
804 silly packumentCache corgi:https://registry.npmjs.org/hermes-parser cache-miss
805 silly packumentCache corgi:https://registry.npmjs.org/ws cache-miss
806 silly packumentCache corgi:https://registry.npmjs.org/supports-color cache-miss
807 silly packumentCache corgi:https://registry.npmjs.org/picomatch cache-miss
808 silly packumentCache corgi:https://registry.npmjs.org/jest-worker cache-miss
809 silly packumentCache corgi:https://registry.npmjs.org/jest-util cache-miss
810 silly packumentCache corgi:https://registry.npmjs.org/ci-info cache-miss
811 silly packumentCache corgi:https://registry.npmjs.org/hermes-parser cache-miss
812 silly packumentCache corgi:https://registry.npmjs.org/hermes-estree cache-miss
813 silly packumentCache corgi:https://registry.npmjs.org/ci-info cache-miss
814 silly packumentCache corgi:https://registry.npmjs.org/@sinclair%2ftypebox cache-miss
815 silly packumentCache corgi:https://registry.npmjs.org/@jest%2ftypes cache-miss
816 silly packumentCache corgi:https://registry.npmjs.org/@jest%2fschemas cache-miss
817 silly packumentCache corgi:https://registry.npmjs.org/has-flag cache-miss
818 silly packumentCache corgi:https://registry.npmjs.org/supports-color cache-miss
819 silly packumentCache corgi:https://registry.npmjs.org/escape-string-regexp cache-miss
820 silly packumentCache corgi:https://registry.npmjs.org/ansi-styles cache-miss
821 silly packumentCache corgi:https://registry.npmjs.org/color-name cache-miss
822 silly packumentCache corgi:https://registry.npmjs.org/source-map cache-miss
823 silly packumentCache corgi:https://registry.npmjs.org/chalk cache-miss
824 silly packumentCache corgi:https://registry.npmjs.org/debug cache-miss
825 silly packumentCache corgi:https://registry.npmjs.org/slash cache-miss
826 silly packumentCache corgi:https://registry.npmjs.org/string-length cache-miss
827 silly packumentCache corgi:https://registry.npmjs.org/ms cache-miss
828 silly packumentCache corgi:https://registry.npmjs.org/char-regex cache-miss
829 silly packumentCache corgi:https://registry.npmjs.org/pretty-format cache-miss
830 silly packumentCache corgi:https://registry.npmjs.org/jest-watcher cache-miss
831 silly packumentCache corgi:https://registry.npmjs.org/strip-ansi cache-miss
832 silly packumentCache corgi:https://registry.npmjs.org/jest-util cache-miss
833 silly packumentCache corgi:https://registry.npmjs.org/string-length cache-miss
834 silly packumentCache corgi:https://registry.npmjs.org/picomatch cache-miss
835 silly packumentCache corgi:https://registry.npmjs.org/jest-regex-util cache-miss
836 silly packumentCache corgi:https://registry.npmjs.org/ansi-escapes cache-miss
837 silly packumentCache corgi:https://registry.npmjs.org/ansi-escapes cache-miss
838 silly packumentCache corgi:https://registry.npmjs.org/ansi-styles cache-miss
839 silly packumentCache corgi:https://registry.npmjs.org/@jest%2ftypes cache-miss
840 silly packumentCache corgi:https://registry.npmjs.org/@jest%2ftest-result cache-miss
841 silly packumentCache corgi:https://registry.npmjs.org/slash cache-miss
842 silly packumentCache corgi:https://registry.npmjs.org/@jest%2fschemas cache-miss
843 silly packumentCache corgi:https://registry.npmjs.org/@sinclair%2ftypebox cache-miss
844 silly packumentCache corgi:https://registry.npmjs.org/jest-message-util cache-miss
845 silly packumentCache corgi:https://registry.npmjs.org/color-convert cache-miss
846 silly packumentCache corgi:https://registry.npmjs.org/chalk cache-miss
847 silly packumentCache corgi:https://registry.npmjs.org/@jest%2fconsole cache-miss
848 silly packumentCache corgi:https://registry.npmjs.org/picomatch cache-miss
849 silly packumentCache corgi:https://registry.npmjs.org/ci-info cache-miss
850 silly packumentCache corgi:https://registry.npmjs.org/slash cache-miss
851 silly packumentCache corgi:https://registry.npmjs.org/semver cache-miss
852 silly packumentCache corgi:https://registry.npmjs.org/lru-cache cache-miss
853 silly packumentCache corgi:https://registry.npmjs.org/glob cache-miss
854 silly packumentCache corgi:https://registry.npmjs.org/source-map-support cache-miss
855 silly packumentCache corgi:https://registry.npmjs.org/@jest%2fglobals cache-miss
856 silly packumentCache corgi:https://registry.npmjs.org/supports-color cache-miss
857 silly packumentCache corgi:https://registry.npmjs.org/jest-worker cache-miss
858 silly packumentCache corgi:https://registry.npmjs.org/path-scurry cache-miss
859 silly packumentCache corgi:https://registry.npmjs.org/camelcase cache-miss
860 silly packumentCache corgi:https://registry.npmjs.org/jest-worker cache-miss
861 silly packumentCache corgi:https://registry.npmjs.org/write-file-atomic cache-miss
862 silly packumentCache corgi:https://registry.npmjs.org/picomatch cache-miss
863 silly packumentCache corgi:https://registry.npmjs.org/supports-color cache-miss
864 silly packumentCache corgi:https://registry.npmjs.org/jest-worker cache-miss
865 silly packumentCache corgi:https://registry.npmjs.org/pretty-format cache-miss
866 silly packumentCache corgi:https://registry.npmjs.org/jest-util cache-miss
867 silly packumentCache corgi:https://registry.npmjs.org/jest-snapshot cache-miss
868 silly packumentCache corgi:https://registry.npmjs.org/supports-color cache-miss
869 silly packumentCache corgi:https://registry.npmjs.org/jest-matcher-utils cache-miss
870 silly packumentCache corgi:https://registry.npmjs.org/jest-regex-util cache-miss
871 silly packumentCache corgi:https://registry.npmjs.org/jest-haste-map cache-miss
872 silly packumentCache corgi:https://registry.npmjs.org/semver cache-miss
873 silly packumentCache corgi:https://registry.npmjs.org/istanbul-lib-instrument cache-miss
874 silly packumentCache corgi:https://registry.npmjs.org/expect cache-miss
875 silly packumentCache corgi:https://registry.npmjs.org/babel-plugin-jest-hoist cache-miss
876 silly packumentCache corgi:https://registry.npmjs.org/babel-plugin-istanbul cache-miss
877 silly packumentCache corgi:https://registry.npmjs.org/ansi-styles cache-miss
878 silly packumentCache corgi:https://registry.npmjs.org/@sinclair%2ftypebox cache-miss
879 silly packumentCache corgi:https://registry.npmjs.org/babel-preset-jest cache-miss
880 silly packumentCache corgi:https://registry.npmjs.org/@jest%2ftransform cache-miss
881 silly packumentCache corgi:https://registry.npmjs.org/@jest%2fexpect-utils cache-miss
882 silly packumentCache corgi:https://registry.npmjs.org/@jest%2fschemas cache-miss
883 silly packumentCache corgi:https://registry.npmjs.org/babel-jest cache-miss
884 silly packumentCache corgi:https://registry.npmjs.org/@jest%2ftypes cache-miss
885 silly packumentCache corgi:https://registry.npmjs.org/jest-message-util cache-miss
886 silly packumentCache corgi:https://registry.npmjs.org/picomatch cache-miss
887 silly packumentCache corgi:https://registry.npmjs.org/pretty-format cache-miss
888 silly packumentCache corgi:https://registry.npmjs.org/@sinonjs%2ffake-timers cache-miss
889 silly packumentCache corgi:https://registry.npmjs.org/jest-message-util cache-miss
890 silly packumentCache corgi:https://registry.npmjs.org/jest-mock cache-miss
891 silly packumentCache corgi:https://registry.npmjs.org/ansi-styles cache-miss
892 silly packumentCache corgi:https://registry.npmjs.org/jest-util cache-miss
893 silly packumentCache corgi:https://registry.npmjs.org/@jest%2ffake-timers cache-miss
894 silly packumentCache corgi:https://registry.npmjs.org/path-scurry cache-miss
895 silly packumentCache corgi:https://registry.npmjs.org/@sinclair%2ftypebox cache-miss
896 silly packumentCache corgi:https://registry.npmjs.org/@jest%2ftypes cache-miss
897 silly packumentCache corgi:https://registry.npmjs.org/@jest%2fschemas cache-miss
898 silly packumentCache corgi:https://registry.npmjs.org/jest-diff cache-miss
899 silly packumentCache corgi:https://registry.npmjs.org/lru-cache cache-miss
900 silly packumentCache corgi:https://registry.npmjs.org/glob cache-miss
901 silly packumentCache corgi:https://registry.npmjs.org/@jest%2fenvironment cache-miss
902 silly packumentCache corgi:https://registry.npmjs.org/ci-info cache-miss
903 silly packumentCache corgi:https://registry.npmjs.org/make-dir cache-miss
904 silly packumentCache corgi:https://registry.npmjs.org/minimatch cache-miss
905 silly packumentCache corgi:https://registry.npmjs.org/brace-expansion cache-miss
906 silly packumentCache corgi:https://registry.npmjs.org/jackspeak cache-miss
907 silly packumentCache corgi:https://registry.npmjs.org/@isaacs%2fcliui cache-miss
908 silly packumentCache corgi:https://registry.npmjs.org/statuses cache-miss
909 silly packumentCache corgi:https://registry.npmjs.org/ms cache-miss
910 silly packumentCache corgi:https://registry.npmjs.org/lru-cache cache-miss
911 silly packumentCache corgi:https://registry.npmjs.org/signal-exit cache-miss
912 silly packumentCache corgi:https://registry.npmjs.org/pretty-format cache-miss
913 silly packumentCache corgi:https://registry.npmjs.org/@sinclair%2ftypebox cache-miss
914 silly packumentCache corgi:https://registry.npmjs.org/@jest%2fschemas cache-miss
915 silly packumentCache corgi:https://registry.npmjs.org/cssom cache-miss
916 silly packumentCache corgi:https://registry.npmjs.org/ms cache-miss
917 silly packumentCache corgi:https://registry.npmjs.org/debug cache-miss
918 silly packumentCache corgi:https://registry.npmjs.org/ansi-styles cache-miss
919 silly packumentCache corgi:https://registry.npmjs.org/balanced-match cache-miss
920 silly packumentCache corgi:https://registry.npmjs.org/negotiator cache-miss
921 silly packumentCache corgi:https://registry.npmjs.org/ms cache-miss
922 silly packumentCache corgi:https://registry.npmjs.org/debug cache-miss
923 silly packumentCache corgi:https://registry.npmjs.org/promise cache-miss
924 silly packumentCache corgi:https://registry.npmjs.org/strip-ansi cache-miss
925 silly packumentCache corgi:https://registry.npmjs.org/debug cache-miss
926 silly packumentCache corgi:https://registry.npmjs.org/brace-expansion cache-miss
927 silly packumentCache corgi:https://registry.npmjs.org/glob cache-miss
928 silly packumentCache corgi:https://registry.npmjs.org/minimatch cache-miss
929 silly packumentCache corgi:https://registry.npmjs.org/rimraf cache-miss
930 silly packumentCache corgi:https://registry.npmjs.org/picomatch cache-miss
931 silly packumentCache corgi:https://registry.npmjs.org/semver cache-miss
932 silly packumentCache corgi:https://registry.npmjs.org/ws cache-miss
933 silly packumentCache corgi:https://registry.npmjs.org/glob cache-miss
934 silly packumentCache corgi:https://registry.npmjs.org/minimatch cache-miss
935 silly packumentCache corgi:https://registry.npmjs.org/open cache-miss
936 silly packumentCache corgi:https://registry.npmjs.org/brace-expansion cache-miss
937 silly packumentCache corgi:https://registry.npmjs.org/supports-color cache-miss
938 silly packumentCache corgi:https://registry.npmjs.org/lru-cache cache-miss
939 silly packumentCache corgi:https://registry.npmjs.org/glob cache-miss
940 silly packumentCache corgi:https://registry.npmjs.org/write-file-atomic cache-miss
941 silly packumentCache corgi:https://registry.npmjs.org/path-scurry cache-miss
942 silly packumentCache corgi:https://registry.npmjs.org/pretty-format cache-miss
943 silly packumentCache corgi:https://registry.npmjs.org/picomatch cache-miss
944 silly packumentCache corgi:https://registry.npmjs.org/supports-color cache-miss
945 silly packumentCache corgi:https://registry.npmjs.org/jest-worker cache-miss
946 silly packumentCache corgi:https://registry.npmjs.org/jest-util cache-miss
947 silly packumentCache corgi:https://registry.npmjs.org/jest-mock cache-miss
948 silly packumentCache corgi:https://registry.npmjs.org/jest-worker cache-miss
949 silly packumentCache corgi:https://registry.npmjs.org/jest-haste-map cache-miss
950 silly packumentCache corgi:https://registry.npmjs.org/jest-message-util cache-miss
951 silly packumentCache corgi:https://registry.npmjs.org/jest-diff cache-miss
952 silly packumentCache corgi:https://registry.npmjs.org/istanbul-lib-instrument cache-miss
953 silly packumentCache corgi:https://registry.npmjs.org/semver cache-miss
954 silly packumentCache corgi:https://registry.npmjs.org/expect cache-miss
955 silly packumentCache corgi:https://registry.npmjs.org/babel-plugin-istanbul cache-miss
956 silly packumentCache corgi:https://registry.npmjs.org/ansi-styles cache-miss
957 silly packumentCache corgi:https://registry.npmjs.org/@sinonjs%2ffake-timers cache-miss
958 silly packumentCache corgi:https://registry.npmjs.org/jest-snapshot cache-miss
959 silly packumentCache corgi:https://registry.npmjs.org/jest-matcher-utils cache-miss
960 silly packumentCache corgi:https://registry.npmjs.org/@jest%2ftransform cache-miss
961 silly packumentCache corgi:https://registry.npmjs.org/jest-regex-util cache-miss
962 silly packumentCache corgi:https://registry.npmjs.org/@jest%2fschemas cache-miss
963 silly packumentCache corgi:https://registry.npmjs.org/@jest%2ffake-timers cache-miss
964 silly packumentCache corgi:https://registry.npmjs.org/@jest%2fexpect-utils cache-miss
965 silly packumentCache corgi:https://registry.npmjs.org/@jest%2ftypes cache-miss
966 silly packumentCache corgi:https://registry.npmjs.org/@jest%2fenvironment cache-miss
967 silly packumentCache corgi:https://registry.npmjs.org/@jest%2fexpect cache-miss
968 silly packumentCache corgi:https://registry.npmjs.org/@jest%2ftypes cache-miss
969 silly packumentCache corgi:https://registry.npmjs.org/@jest%2fschemas cache-miss
970 silly packumentCache corgi:https://registry.npmjs.org/p-locate cache-miss
971 silly packumentCache corgi:https://registry.npmjs.org/locate-path cache-miss
972 silly packumentCache corgi:https://registry.npmjs.org/@sinclair%2ftypebox cache-miss
973 silly packumentCache corgi:https://registry.npmjs.org/p-limit cache-miss
974 silly packumentCache corgi:https://registry.npmjs.org/js-yaml cache-miss
975 silly packumentCache corgi:https://registry.npmjs.org/argparse cache-miss
976 silly packumentCache corgi:https://registry.npmjs.org/ci-info cache-miss
977 silly packumentCache corgi:https://registry.npmjs.org/find-up cache-miss
978 silly packumentCache corgi:https://registry.npmjs.org/wrap-ansi cache-miss
979 silly packumentCache corgi:https://registry.npmjs.org/string-width cache-miss
980 silly packumentCache corgi:https://registry.npmjs.org/ansi-styles cache-miss
981 silly packumentCache corgi:https://registry.npmjs.org/getenv cache-miss
982 silly packumentCache corgi:https://registry.npmjs.org/@babel%2fcode-frame cache-miss
983 silly packumentCache corgi:https://registry.npmjs.org/semver cache-miss
984 silly packumentCache corgi:https://registry.npmjs.org/postcss cache-miss
985 silly packumentCache corgi:https://registry.npmjs.org/getenv cache-miss
986 silly packumentCache corgi:https://registry.npmjs.org/semver cache-miss
987 silly packumentCache corgi:https://registry.npmjs.org/getenv cache-miss
988 silly packumentCache corgi:https://registry.npmjs.org/getenv cache-miss
989 silly packumentCache corgi:https://registry.npmjs.org/getenv cache-miss
990 silly packumentCache corgi:https://registry.npmjs.org/semver cache-miss
991 silly packumentCache corgi:https://registry.npmjs.org/debug cache-miss
992 silly packumentCache corgi:https://registry.npmjs.org/semver cache-miss
993 silly packumentCache corgi:https://registry.npmjs.org/emoji-regex cache-miss
994 silly packumentCache corgi:https://registry.npmjs.org/@babel%2fcode-frame cache-miss
995 silly packumentCache corgi:https://registry.npmjs.org/semver cache-miss
996 silly packumentCache corgi:https://registry.npmjs.org/ansi-styles cache-miss
997 silly packumentCache corgi:https://registry.npmjs.org/getenv cache-miss
998 silly packumentCache corgi:https://registry.npmjs.org/pretty-format cache-miss
999 silly packumentCache corgi:https://registry.npmjs.org/@sinclair%2ftypebox cache-miss
1000 silly packumentCache corgi:https://registry.npmjs.org/@sinclair%2ftypebox cache-miss
1001 silly packumentCache corgi:https://registry.npmjs.org/@jest%2fschemas cache-miss
1002 silly packumentCache corgi:https://registry.npmjs.org/semver cache-miss
1003 silly packumentCache corgi:https://registry.npmjs.org/getenv cache-miss
1004 silly packumentCache corgi:https://registry.npmjs.org/escape-string-regexp cache-miss
1005 silly packumentCache corgi:https://registry.npmjs.org/has-flag cache-miss
1006 silly packumentCache corgi:https://registry.npmjs.org/color-convert cache-miss
1007 silly packumentCache corgi:https://registry.npmjs.org/color-name cache-miss
1008 silly packumentCache corgi:https://registry.npmjs.org/chalk cache-miss
1009 silly packumentCache corgi:https://registry.npmjs.org/ansi-styles cache-miss
1010 silly packumentCache corgi:https://registry.npmjs.org/supports-color cache-miss
1011 silly packumentCache corgi:https://registry.npmjs.org/semver cache-miss
1012 silly packumentCache corgi:https://registry.npmjs.org/semver cache-miss
1013 silly packumentCache corgi:https://registry.npmjs.org/semver cache-miss
1014 silly packumentCache corgi:https://registry.npmjs.org/semver cache-miss
1015 silly tarball no local data for react@https://registry.npmjs.org/react/-/react-19.2.4.tgz. Extracting by manifest.
1016 silly tarball no local data for fsevents@https://registry.npmjs.org/fsevents/-/fsevents-2.3.3.tgz. Extracting by manifest.
1017 http fetch GET 200 https://registry.npmjs.org/yargs-parser 222ms (cache miss)
1018 silly packumentCache corgi:https://registry.npmjs.org/yargs-parser set size:undefined disposed:false
1019 http fetch GET 200 https://registry.npmjs.org/wonka 264ms (cache miss)
1020 silly packumentCache corgi:https://registry.npmjs.org/wonka set size:undefined disposed:false
1021 http fetch GET 200 https://registry.npmjs.org/yallist 279ms (cache miss)
1022 silly packumentCache corgi:https://registry.npmjs.org/yallist set size:undefined disposed:false
1023 http fetch GET 200 https://registry.npmjs.org/y18n 281ms (cache miss)
1024 silly packumentCache corgi:https://registry.npmjs.org/y18n set size:undefined disposed:false
1025 http fetch GET 200 https://registry.npmjs.org/xmlchars 286ms (cache miss)
1026 silly packumentCache corgi:https://registry.npmjs.org/xmlchars set size:undefined disposed:false
1027 http fetch GET 200 https://registry.npmjs.org/wrap-ansi 286ms (cache miss)
1028 silly packumentCache corgi:https://registry.npmjs.org/wrap-ansi set size:undefined disposed:false
1029 http fetch GET 200 https://registry.npmjs.org/write-file-atomic 294ms (cache miss)
1030 silly packumentCache corgi:https://registry.npmjs.org/write-file-atomic set size:undefined disposed:false
1031 http fetch GET 200 https://registry.npmjs.org/yocto-queue 297ms (cache miss)
1032 silly packumentCache corgi:https://registry.npmjs.org/yocto-queue set size:undefined disposed:false
1033 http fetch GET 200 https://registry.npmjs.org/xml2js 298ms (cache miss)
1034 silly packumentCache corgi:https://registry.npmjs.org/xml2js set size:undefined disposed:false
1035 http fetch GET 200 https://registry.npmjs.org/wrappy 298ms (cache miss)
1036 silly packumentCache corgi:https://registry.npmjs.org/wrappy set size:undefined disposed:false
1037 http fetch GET 200 https://registry.npmjs.org/wordwrap 300ms (cache miss)
1038 silly packumentCache corgi:https://registry.npmjs.org/wordwrap set size:undefined disposed:false
1039 http fetch GET 200 https://registry.npmjs.org/xmlbuilder 305ms (cache miss)
1040 silly packumentCache corgi:https://registry.npmjs.org/xmlbuilder set size:undefined disposed:false
1041 http fetch GET 200 https://registry.npmjs.org/xml-name-validator 306ms (cache miss)
1042 silly packumentCache corgi:https://registry.npmjs.org/xml-name-validator set size:undefined disposed:false
1043 http fetch GET 200 https://registry.npmjs.org/whatwg-url-without-unicode 309ms (cache miss)
1044 silly packumentCache corgi:https://registry.npmjs.org/whatwg-url-without-unicode set size:undefined disposed:false
1045 http fetch GET 200 https://registry.npmjs.org/whatwg-url 311ms (cache miss)
1046 silly packumentCache corgi:https://registry.npmjs.org/whatwg-url set size:undefined disposed:false
1047 http fetch GET 200 https://registry.npmjs.org/which 313ms (cache miss)
1048 silly packumentCache corgi:https://registry.npmjs.org/which set size:undefined disposed:false
1049 http fetch GET 200 https://registry.npmjs.org/wrap-ansi 318ms (cache miss)
1050 silly packumentCache corgi:https://registry.npmjs.org/wrap-ansi set size:undefined disposed:false
1051 http fetch GET 200 https://registry.npmjs.org/ws 321ms (cache miss)
1052 silly packumentCache corgi:https://registry.npmjs.org/ws set size:undefined disposed:false
1053 http fetch GET 200 https://registry.npmjs.org/whatwg-fetch 324ms (cache miss)
1054 silly packumentCache corgi:https://registry.npmjs.org/whatwg-fetch set size:undefined disposed:false
1055 http fetch GET 200 https://registry.npmjs.org/webidl-conversions 325ms (cache miss)
1056 silly packumentCache corgi:https://registry.npmjs.org/webidl-conversions set size:undefined disposed:false
1057 http fetch GET 200 https://registry.npmjs.org/vlq 326ms (cache miss)
1058 silly packumentCache corgi:https://registry.npmjs.org/vlq set size:undefined disposed:false
1059 http fetch GET 200 https://registry.npmjs.org/whatwg-encoding 328ms (cache miss)
1060 silly packumentCache corgi:https://registry.npmjs.org/whatwg-encoding set size:undefined disposed:false
1061 http fetch GET 200 https://registry.npmjs.org/whatwg-mimetype 329ms (cache miss)
1062 silly packumentCache corgi:https://registry.npmjs.org/whatwg-mimetype set size:undefined disposed:false
1063 http fetch GET 200 https://registry.npmjs.org/wcwidth 330ms (cache miss)
1064 silly packumentCache corgi:https://registry.npmjs.org/wcwidth set size:undefined disposed:false
1065 http fetch GET 200 https://registry.npmjs.org/w3c-xmlserializer 329ms (cache miss)
1066 silly packumentCache corgi:https://registry.npmjs.org/w3c-xmlserializer set size:undefined disposed:false
1067 http fetch GET 200 https://registry.npmjs.org/walker 332ms (cache miss)
1068 silly packumentCache corgi:https://registry.npmjs.org/walker set size:undefined disposed:false
1069 http fetch GET 200 https://registry.npmjs.org/vary 332ms (cache miss)
1070 silly packumentCache corgi:https://registry.npmjs.org/vary set size:undefined disposed:false
1071 http fetch GET 200 https://registry.npmjs.org/validate-npm-package-name 333ms (cache miss)
1072 silly packumentCache corgi:https://registry.npmjs.org/validate-npm-package-name set size:undefined disposed:false
1073 http fetch GET 200 https://registry.npmjs.org/url-parse 336ms (cache miss)
1074 silly packumentCache corgi:https://registry.npmjs.org/url-parse set size:undefined disposed:false
1075 http fetch GET 200 https://registry.npmjs.org/v8-to-istanbul 339ms (cache miss)
1076 silly packumentCache corgi:https://registry.npmjs.org/v8-to-istanbul set size:undefined disposed:false
1077 http fetch GET 200 https://registry.npmjs.org/update-browserslist-db 341ms (cache miss)
1078 silly packumentCache corgi:https://registry.npmjs.org/update-browserslist-db set size:undefined disposed:false
1079 http fetch GET 200 https://registry.npmjs.org/unpipe 344ms (cache miss)
1080 silly packumentCache corgi:https://registry.npmjs.org/unpipe set size:undefined disposed:false
1081 http fetch GET 200 https://registry.npmjs.org/unrs-resolver 346ms (cache miss)
1082 silly packumentCache corgi:https://registry.npmjs.org/unrs-resolver set size:undefined disposed:false
1083 http fetch GET 200 https://registry.npmjs.org/unique-string 346ms (cache miss)
1084 silly packumentCache corgi:https://registry.npmjs.org/unique-string set size:undefined disposed:false
1085 http fetch GET 200 https://registry.npmjs.org/utils-merge 349ms (cache miss)
1086 silly packumentCache corgi:https://registry.npmjs.org/utils-merge set size:undefined disposed:false
1087 http fetch GET 200 https://registry.npmjs.org/unicode-match-property-ecmascript 351ms (cache miss)
1088 silly packumentCache corgi:https://registry.npmjs.org/unicode-match-property-ecmascript set size:undefined disposed:false
1089 http fetch GET 200 https://registry.npmjs.org/unicode-canonical-property-names-ecmascript 353ms (cache miss)
1090 silly packumentCache corgi:https://registry.npmjs.org/unicode-canonical-property-names-ecmascript set size:undefined disposed:false
1091 http fetch GET 200 https://registry.npmjs.org/xcode 358ms (cache miss)
1092 silly packumentCache corgi:https://registry.npmjs.org/xcode set size:undefined disposed:false
1093 http fetch GET 200 https://registry.npmjs.org/unicode-property-aliases-ecmascript 365ms (cache miss)
1094 silly packumentCache corgi:https://registry.npmjs.org/unicode-property-aliases-ecmascript set size:undefined disposed:false
1095 http fetch GET 200 https://registry.npmjs.org/undici-types 367ms (cache miss)
1096 silly packumentCache corgi:https://registry.npmjs.org/undici-types set size:undefined disposed:false
1097 http fetch GET 200 https://registry.npmjs.org/yargs 371ms (cache miss)
1098 silly packumentCache corgi:https://registry.npmjs.org/yargs set size:undefined disposed:false
1099 http fetch GET 200 https://registry.npmjs.org/uglify-js 371ms (cache miss)
1100 silly packumentCache corgi:https://registry.npmjs.org/uglify-js set size:undefined disposed:false
1101 http fetch GET 200 https://registry.npmjs.org/ua-parser-js 374ms (cache miss)
1102 silly packumentCache corgi:https://registry.npmjs.org/ua-parser-js set size:undefined disposed:false
1103 http fetch GET 200 https://registry.npmjs.org/type-fest 378ms (cache miss)
1104 silly packumentCache corgi:https://registry.npmjs.org/type-fest set size:undefined disposed:false
1105 http fetch GET 200 https://registry.npmjs.org/toidentifier 383ms (cache miss)
1106 silly packumentCache corgi:https://registry.npmjs.org/toidentifier set size:undefined disposed:false
1107 http fetch GET 200 https://registry.npmjs.org/to-regex-range 384ms (cache miss)
1108 silly packumentCache corgi:https://registry.npmjs.org/to-regex-range set size:undefined disposed:false
1109 http fetch GET 200 https://registry.npmjs.org/ts-interface-checker 386ms (cache miss)
1110 silly packumentCache corgi:https://registry.npmjs.org/ts-interface-checker set size:undefined disposed:false
1111 http fetch GET 200 https://registry.npmjs.org/tr46 389ms (cache miss)
1112 silly packumentCache corgi:https://registry.npmjs.org/tr46 set size:undefined disposed:false
1113 http fetch GET 200 https://registry.npmjs.org/tough-cookie 390ms (cache miss)
1114 silly packumentCache corgi:https://registry.npmjs.org/tough-cookie set size:undefined disposed:false
1115 http fetch GET 200 https://registry.npmjs.org/tmpl 390ms (cache miss)
1116 silly packumentCache corgi:https://registry.npmjs.org/tmpl set size:undefined disposed:false
1117 http fetch GET 200 https://registry.npmjs.org/thenify-all 391ms (cache miss)
1118 silly packumentCache corgi:https://registry.npmjs.org/thenify-all set size:undefined disposed:false
1119 http fetch GET 200 https://registry.npmjs.org/type-detect 396ms (cache miss)
1120 silly packumentCache corgi:https://registry.npmjs.org/type-detect set size:undefined disposed:false
1121 http fetch GET 200 https://registry.npmjs.org/throat 396ms (cache miss)
1122 silly packumentCache corgi:https://registry.npmjs.org/throat set size:undefined disposed:false
1123 http fetch GET 200 https://registry.npmjs.org/undici 400ms (cache miss)
1124 silly packumentCache corgi:https://registry.npmjs.org/undici set size:undefined disposed:false
1125 http fetch GET 200 https://registry.npmjs.org/tinyglobby 404ms (cache miss)
1126 silly packumentCache corgi:https://registry.npmjs.org/tinyglobby set size:undefined disposed:false
1127 http fetch GET 200 https://registry.npmjs.org/symbol-tree 407ms (cache miss)
1128 silly packumentCache corgi:https://registry.npmjs.org/symbol-tree set size:undefined disposed:false
1129 http fetch GET 200 https://registry.npmjs.org/test-exclude 410ms (cache miss)
1130 silly packumentCache corgi:https://registry.npmjs.org/test-exclude set size:undefined disposed:false
1131 http fetch GET 200 https://registry.npmjs.org/supports-preserve-symlinks-flag 412ms (cache miss)
1132 silly packumentCache corgi:https://registry.npmjs.org/supports-preserve-symlinks-flag set size:undefined disposed:false
1133 http fetch GET 200 https://registry.npmjs.org/synckit 413ms (cache miss)
1134 silly packumentCache corgi:https://registry.npmjs.org/synckit set size:undefined disposed:false
1135 http fetch GET 200 https://registry.npmjs.org/thenify 415ms (cache miss)
1136 silly packumentCache corgi:https://registry.npmjs.org/thenify set size:undefined disposed:false
1137 http fetch GET 200 https://registry.npmjs.org/ts-jest 418ms (cache miss)
1138 silly packumentCache corgi:https://registry.npmjs.org/ts-jest set size:undefined disposed:false
1139 http fetch GET 200 https://registry.npmjs.org/terser 424ms (cache miss)
1140 silly packumentCache corgi:https://registry.npmjs.org/terser set size:undefined disposed:false
1141 http fetch GET 200 https://registry.npmjs.org/terminal-link 427ms (cache miss)
1142 silly packumentCache corgi:https://registry.npmjs.org/terminal-link set size:undefined disposed:false
1143 http fetch GET 200 https://registry.npmjs.org/supports-color 427ms (cache miss)
1144 silly packumentCache corgi:https://registry.npmjs.org/supports-color set size:undefined disposed:false
1145 http fetch GET 200 https://registry.npmjs.org/supports-hyperlinks 428ms (cache miss)
1146 silly packumentCache corgi:https://registry.npmjs.org/supports-hyperlinks set size:undefined disposed:false
1147 http fetch GET 200 https://registry.npmjs.org/temp-dir 430ms (cache miss)
1148 silly packumentCache corgi:https://registry.npmjs.org/temp-dir set size:undefined disposed:false
1149 http fetch GET 200 https://registry.npmjs.org/structured-headers 431ms (cache miss)
1150 silly packumentCache corgi:https://registry.npmjs.org/structured-headers set size:undefined disposed:false
1151 http fetch GET 200 https://registry.npmjs.org/styleq 433ms (cache miss)
1152 silly packumentCache corgi:https://registry.npmjs.org/styleq set size:undefined disposed:false
1153 http fetch GET 200 https://registry.npmjs.org/sucrase 434ms (cache miss)
1154 silly packumentCache corgi:https://registry.npmjs.org/sucrase set size:undefined disposed:false
1155 http fetch GET 200 https://registry.npmjs.org/strip-json-comments 437ms (cache miss)
1156 silly packumentCache corgi:https://registry.npmjs.org/strip-json-comments set size:undefined disposed:false
1157 http fetch GET 200 https://registry.npmjs.org/strip-indent 439ms (cache miss)
1158 silly packumentCache corgi:https://registry.npmjs.org/strip-indent set size:undefined disposed:false
1159 http fetch GET 200 https://registry.npmjs.org/strip-bom 439ms (cache miss)
1160 silly packumentCache corgi:https://registry.npmjs.org/strip-bom set size:undefined disposed:false
1161 http fetch GET 200 https://registry.npmjs.org/strip-final-newline 441ms (cache miss)
1162 silly packumentCache corgi:https://registry.npmjs.org/strip-final-newline set size:undefined disposed:false
1163 http fetch GET 200 https://registry.npmjs.org/unicode-match-property-value-ecmascript 443ms (cache miss)
1164 silly packumentCache corgi:https://registry.npmjs.org/unicode-match-property-value-ecmascript set size:undefined disposed:false
1165 http fetch GET 200 https://registry.npmjs.org/strip-ansi 444ms (cache miss)
1166 silly packumentCache corgi:https://registry.npmjs.org/strip-ansi set size:undefined disposed:false
1167 http fetch GET 200 https://registry.npmjs.org/string-width 445ms (cache miss)
1168 silly packumentCache corgi:https://registry.npmjs.org/string-width set size:undefined disposed:false
1169 http fetch GET 200 https://registry.npmjs.org/tar 448ms (cache miss)
1170 silly packumentCache corgi:https://registry.npmjs.org/tar set size:undefined disposed:false
1171 http fetch GET 200 https://registry.npmjs.org/stacktrace-parser 450ms (cache miss)
1172 silly packumentCache corgi:https://registry.npmjs.org/stacktrace-parser set size:undefined disposed:false
1173 http fetch GET 200 https://registry.npmjs.org/strip-ansi 459ms (cache miss)
1174 silly packumentCache corgi:https://registry.npmjs.org/strip-ansi set size:undefined disposed:false
1175 http fetch GET 200 https://registry.npmjs.org/statuses 460ms (cache miss)
1176 silly packumentCache corgi:https://registry.npmjs.org/statuses set size:undefined disposed:false
1177 http fetch GET 200 https://registry.npmjs.org/stream-buffers 461ms (cache miss)
1178 silly packumentCache corgi:https://registry.npmjs.org/stream-buffers set size:undefined disposed:false
1179 http fetch GET 200 https://registry.npmjs.org/string-length 462ms (cache miss)
1180 silly packumentCache corgi:https://registry.npmjs.org/string-length set size:undefined disposed:false
1181 http fetch GET 200 https://registry.npmjs.org/stack-generator 465ms (cache miss)
1182 silly packumentCache corgi:https://registry.npmjs.org/stack-generator set size:undefined disposed:false
1183 http fetch GET 200 https://registry.npmjs.org/stacktrace-js 469ms (cache miss)
1184 silly packumentCache corgi:https://registry.npmjs.org/stacktrace-js set size:undefined disposed:false
1185 http fetch GET 200 https://registry.npmjs.org/source-map-js 471ms (cache miss)
1186 silly packumentCache corgi:https://registry.npmjs.org/source-map-js set size:undefined disposed:false
1187 http fetch GET 200 https://registry.npmjs.org/stackframe 476ms (cache miss)
1188 silly packumentCache corgi:https://registry.npmjs.org/stackframe set size:undefined disposed:false
1189 http fetch GET 200 https://registry.npmjs.org/string-width 478ms (cache miss)
1190 silly packumentCache corgi:https://registry.npmjs.org/string-width set size:undefined disposed:false
1191 http fetch GET 200 https://registry.npmjs.org/sprintf-js 479ms (cache miss)
1192 silly packumentCache corgi:https://registry.npmjs.org/sprintf-js set size:undefined disposed:false
1193 http fetch GET 200 https://registry.npmjs.org/slash 480ms (cache miss)
1194 silly packumentCache corgi:https://registry.npmjs.org/slash set size:undefined disposed:false
1195 http fetch GET 200 https://registry.npmjs.org/source-map 481ms (cache miss)
1196 silly packumentCache corgi:https://registry.npmjs.org/source-map set size:undefined disposed:false
1197 http fetch GET 200 https://registry.npmjs.org/stack-utils 482ms (cache miss)
1198 silly packumentCache corgi:https://registry.npmjs.org/stack-utils set size:undefined disposed:false
1199 http fetch GET 200 https://registry.npmjs.org/stacktrace-gps 482ms (cache miss)
1200 silly packumentCache corgi:https://registry.npmjs.org/stacktrace-gps set size:undefined disposed:false
1201 http fetch GET 200 https://registry.npmjs.org/sisteransi 487ms (cache miss)
1202 silly packumentCache corgi:https://registry.npmjs.org/sisteransi set size:undefined disposed:false
1203 http fetch GET 200 https://registry.npmjs.org/signal-exit 492ms (cache miss)
1204 silly packumentCache corgi:https://registry.npmjs.org/signal-exit set size:undefined disposed:false
1205 http fetch GET 200 https://registry.npmjs.org/source-map-support 495ms (cache miss)
1206 silly packumentCache corgi:https://registry.npmjs.org/source-map-support set size:undefined disposed:false
1207 http fetch GET 200 https://registry.npmjs.org/simple-plist 496ms (cache miss)
1208 silly packumentCache corgi:https://registry.npmjs.org/simple-plist set size:undefined disposed:false
1209 http fetch GET 200 https://registry.npmjs.org/slugify 497ms (cache miss)
1210 silly packumentCache corgi:https://registry.npmjs.org/slugify set size:undefined disposed:false
1211 http fetch GET 200 https://registry.npmjs.org/shell-quote 500ms (cache miss)
1212 silly packumentCache corgi:https://registry.npmjs.org/shell-quote set size:undefined disposed:false
1213 http fetch GET 200 https://registry.npmjs.org/shebang-regex 501ms (cache miss)
1214 silly packumentCache corgi:https://registry.npmjs.org/shebang-regex set size:undefined disposed:false
1215 http fetch GET 200 https://registry.npmjs.org/shebang-command 502ms (cache miss)
1216 silly packumentCache corgi:https://registry.npmjs.org/shebang-command set size:undefined disposed:false
1217 http fetch GET 200 https://registry.npmjs.org/server-only 503ms (cache miss)
1218 silly packumentCache corgi:https://registry.npmjs.org/server-only set size:undefined disposed:false
1219 http fetch GET 200 https://registry.npmjs.org/serve-static 504ms (cache miss)
1220 silly packumentCache corgi:https://registry.npmjs.org/serve-static set size:undefined disposed:false
1221 http fetch GET 200 https://registry.npmjs.org/setimmediate 507ms (cache miss)
1222 silly packumentCache corgi:https://registry.npmjs.org/setimmediate set size:undefined disposed:false
1223 http fetch GET 200 https://registry.npmjs.org/serialize-error 507ms (cache miss)
1224 silly packumentCache corgi:https://registry.npmjs.org/serialize-error set size:undefined disposed:false
1225 http fetch GET 200 https://registry.npmjs.org/setprototypeof 509ms (cache miss)
1226 silly packumentCache corgi:https://registry.npmjs.org/setprototypeof set size:undefined disposed:false
1227 http fetch GET 200 https://registry.npmjs.org/semver 511ms (cache miss)
1228 silly packumentCache corgi:https://registry.npmjs.org/semver set size:undefined disposed:false
1229 http fetch GET 200 https://registry.npmjs.org/send 512ms (cache miss)
1230 silly packumentCache corgi:https://registry.npmjs.org/send set size:undefined disposed:false
1231 http fetch GET 200 https://registry.npmjs.org/saxes 518ms (cache miss)
1232 silly packumentCache corgi:https://registry.npmjs.org/saxes set size:undefined disposed:false
1233 http fetch GET 200 https://registry.npmjs.org/safer-buffer 521ms (cache miss)
1234 silly packumentCache corgi:https://registry.npmjs.org/safer-buffer set size:undefined disposed:false
1235 http fetch GET 200 https://registry.npmjs.org/resolve-global 532ms (cache miss)
1236 silly packumentCache corgi:https://registry.npmjs.org/resolve-global set size:undefined disposed:false
1237 http fetch GET 200 https://registry.npmjs.org/resolve-workspace-root 532ms (cache miss)
1238 silly packumentCache corgi:https://registry.npmjs.org/resolve-workspace-root set size:undefined disposed:false
1239 http fetch GET 200 https://registry.npmjs.org/restore-cursor 533ms (cache miss)
1240 silly packumentCache corgi:https://registry.npmjs.org/restore-cursor set size:undefined disposed:false
1241 http fetch GET 200 https://registry.npmjs.org/safe-buffer 535ms (cache miss)
1242 silly packumentCache corgi:https://registry.npmjs.org/safe-buffer set size:undefined disposed:false
1243 http fetch GET 200 https://registry.npmjs.org/sax 537ms (cache miss)
1244 silly packumentCache corgi:https://registry.npmjs.org/sax set size:undefined disposed:false
1245 http fetch GET 200 https://registry.npmjs.org/typescript 543ms (cache miss)
1246 silly packumentCache corgi:https://registry.npmjs.org/typescript set size:undefined disposed:false
1247 http fetch GET 200 https://registry.npmjs.org/resolve.exports 574ms (cache miss)
1248 silly packumentCache corgi:https://registry.npmjs.org/resolve.exports set size:undefined disposed:false
1249 http fetch GET 200 https://registry.npmjs.org/resolve-from 577ms (cache miss)
1250 silly packumentCache corgi:https://registry.npmjs.org/resolve-from set size:undefined disposed:false
1251 http fetch GET 200 https://registry.npmjs.org/regjsgen 579ms (cache miss)
1252 silly packumentCache corgi:https://registry.npmjs.org/regjsgen set size:undefined disposed:false
1253 http fetch GET 200 https://registry.npmjs.org/require-from-string 580ms (cache miss)
1254 silly packumentCache corgi:https://registry.npmjs.org/require-from-string set size:undefined disposed:false
1255 http fetch GET 200 https://registry.npmjs.org/resolve 580ms (cache miss)
1256 silly packumentCache corgi:https://registry.npmjs.org/resolve set size:undefined disposed:false
1257 http fetch GET 200 https://registry.npmjs.org/requires-port 581ms (cache miss)
1258 silly packumentCache corgi:https://registry.npmjs.org/requires-port set size:undefined disposed:false
1259 http fetch GET 200 https://registry.npmjs.org/require-directory 582ms (cache miss)
1260 silly packumentCache corgi:https://registry.npmjs.org/require-directory set size:undefined disposed:false
1261 http fetch GET 200 https://registry.npmjs.org/regjsparser 582ms (cache miss)
1262 silly packumentCache corgi:https://registry.npmjs.org/regjsparser set size:undefined disposed:false
1263 http fetch GET 200 https://registry.npmjs.org/requireg 583ms (cache miss)
1264 silly packumentCache corgi:https://registry.npmjs.org/requireg set size:undefined disposed:false
1265 http fetch GET 200 https://registry.npmjs.org/resolve-cwd 584ms (cache miss)
1266 silly packumentCache corgi:https://registry.npmjs.org/resolve-cwd set size:undefined disposed:false
1267 http fetch GET 200 https://registry.npmjs.org/redent 584ms (cache miss)
1268 silly packumentCache corgi:https://registry.npmjs.org/redent set size:undefined disposed:false
1269 http fetch GET 200 https://registry.npmjs.org/regenerate-unicode-properties 584ms (cache miss)
1270 silly packumentCache corgi:https://registry.npmjs.org/regenerate-unicode-properties set size:undefined disposed:false
1271 http fetch GET 200 https://registry.npmjs.org/regenerate 585ms (cache miss)
1272 silly packumentCache corgi:https://registry.npmjs.org/regenerate set size:undefined disposed:false
1273 http fetch GET 200 https://registry.npmjs.org/regenerator-runtime 587ms (cache miss)
1274 silly packumentCache corgi:https://registry.npmjs.org/regenerator-runtime set size:undefined disposed:false
1275 http fetch GET 200 https://registry.npmjs.org/react-native-is-edge-to-edge 587ms (cache miss)
1276 silly packumentCache corgi:https://registry.npmjs.org/react-native-is-edge-to-edge set size:undefined disposed:false
1277 http fetch GET 200 https://registry.npmjs.org/qrcode-terminal 609ms (cache miss)
1278 silly packumentCache corgi:https://registry.npmjs.org/qrcode-terminal set size:undefined disposed:false
1279 http fetch GET 200 https://registry.npmjs.org/rc 611ms (cache miss)
1280 silly packumentCache corgi:https://registry.npmjs.org/rc set size:undefined disposed:false
1281 http fetch GET 200 https://registry.npmjs.org/range-parser 612ms (cache miss)
1282 silly packumentCache corgi:https://registry.npmjs.org/range-parser set size:undefined disposed:false
1283 http fetch GET 200 https://registry.npmjs.org/psl 615ms (cache miss)
1284 silly packumentCache corgi:https://registry.npmjs.org/psl set size:undefined disposed:false
1285 http fetch GET 200 https://registry.npmjs.org/queue 617ms (cache miss)
1286 silly packumentCache corgi:https://registry.npmjs.org/queue set size:undefined disposed:false
1287 http fetch GET 200 https://registry.npmjs.org/regexpu-core 623ms (cache miss)
1288 silly packumentCache corgi:https://registry.npmjs.org/regexpu-core set size:undefined disposed:false
1289 http fetch GET 200 https://registry.npmjs.org/punycode 623ms (cache miss)
1290 silly packumentCache corgi:https://registry.npmjs.org/punycode set size:undefined disposed:false
1291 http fetch GET 200 https://registry.npmjs.org/pure-rand 624ms (cache miss)
1292 silly packumentCache corgi:https://registry.npmjs.org/pure-rand set size:undefined disposed:false
1293 http fetch GET 200 https://registry.npmjs.org/react-devtools-core 631ms (cache miss)
1294 silly packumentCache corgi:https://registry.npmjs.org/react-devtools-core set size:undefined disposed:false
1295 http fetch GET 200 https://registry.npmjs.org/querystringify 634ms (cache miss)
1296 silly packumentCache corgi:https://registry.npmjs.org/querystringify set size:undefined disposed:false
1297 http fetch GET 200 https://registry.npmjs.org/proc-log 639ms (cache miss)
1298 silly packumentCache corgi:https://registry.npmjs.org/proc-log set size:undefined disposed:false
1299 http fetch GET 200 https://registry.npmjs.org/promise 643ms (cache miss)
1300 silly packumentCache corgi:https://registry.npmjs.org/promise set size:undefined disposed:false
1301 http fetch GET 200 https://registry.npmjs.org/pretty-bytes 642ms (cache miss)
1302 silly packumentCache corgi:https://registry.npmjs.org/pretty-bytes set size:undefined disposed:false
1303 http fetch GET 200 https://registry.npmjs.org/react-native-web 648ms (cache miss)
1304 silly packumentCache corgi:https://registry.npmjs.org/react-native-web set size:undefined disposed:false
1305 http fetch GET 200 https://registry.npmjs.org/postcss-value-parser 652ms (cache miss)
1306 silly packumentCache corgi:https://registry.npmjs.org/postcss-value-parser set size:undefined disposed:false
1307 http fetch GET 200 https://registry.npmjs.org/pkg-dir 654ms (cache miss)
1308 silly packumentCache corgi:https://registry.npmjs.org/pkg-dir set size:undefined disposed:false
1309 http fetch GET 200 https://registry.npmjs.org/prompts 656ms (cache miss)
1310 silly packumentCache corgi:https://registry.npmjs.org/prompts set size:undefined disposed:false
1311 http fetch GET 200 https://registry.npmjs.org/progress 662ms (cache miss)
1312 silly packumentCache corgi:https://registry.npmjs.org/progress set size:undefined disposed:false
1313 http fetch GET 200 https://registry.npmjs.org/path-scurry 663ms (cache miss)
1314 silly packumentCache corgi:https://registry.npmjs.org/path-scurry set size:undefined disposed:false
1315 http fetch GET 200 https://registry.npmjs.org/pngjs 664ms (cache miss)
1316 silly packumentCache corgi:https://registry.npmjs.org/pngjs set size:undefined disposed:false
1317 http fetch GET 200 https://registry.npmjs.org/plist 666ms (cache miss)
1318 silly packumentCache corgi:https://registry.npmjs.org/plist set size:undefined disposed:false
1319 http fetch GET 200 https://registry.npmjs.org/pretty-format 672ms (cache miss)
1320 silly packumentCache corgi:https://registry.npmjs.org/pretty-format set size:undefined disposed:false
1321 http fetch GET 200 https://registry.npmjs.org/path-exists 675ms (cache miss)
1322 silly packumentCache corgi:https://registry.npmjs.org/path-exists set size:undefined disposed:false
1323 http fetch GET 200 https://registry.npmjs.org/picocolors 677ms (cache miss)
1324 silly packumentCache corgi:https://registry.npmjs.org/picocolors set size:undefined disposed:false
1325 http fetch GET 200 https://registry.npmjs.org/path-key 678ms (cache miss)
1326 silly packumentCache corgi:https://registry.npmjs.org/path-key set size:undefined disposed:false
1327 http fetch GET 200 https://registry.npmjs.org/picomatch 678ms (cache miss)
1328 silly packumentCache corgi:https://registry.npmjs.org/picomatch set size:undefined disposed:false
1329 http fetch GET 200 https://registry.npmjs.org/pirates 680ms (cache miss)
1330 silly packumentCache corgi:https://registry.npmjs.org/pirates set size:undefined disposed:false
1331 http fetch GET 200 https://registry.npmjs.org/parseurl 680ms (cache miss)
1332 silly packumentCache corgi:https://registry.npmjs.org/parseurl set size:undefined disposed:false
1333 http fetch GET 200 https://registry.npmjs.org/path-is-absolute 681ms (cache miss)
1334 silly packumentCache corgi:https://registry.npmjs.org/path-is-absolute set size:undefined disposed:false
1335 http fetch GET 200 https://registry.npmjs.org/p-try 712ms (cache miss)
1336 silly packumentCache corgi:https://registry.npmjs.org/p-try set size:undefined disposed:false
1337 http fetch GET 200 https://registry.npmjs.org/path-parse 715ms (cache miss)
1338 silly packumentCache corgi:https://registry.npmjs.org/path-parse set size:undefined disposed:false
1339 http fetch GET 200 https://registry.npmjs.org/package-json-from-dist 716ms (cache miss)
1340 silly packumentCache corgi:https://registry.npmjs.org/package-json-from-dist set size:undefined disposed:false
1341 http fetch GET 200 https://registry.npmjs.org/scheduler 724ms (cache miss)
1342 silly packumentCache corgi:https://registry.npmjs.org/scheduler set size:undefined disposed:false
1343 http fetch GET 200 https://registry.npmjs.org/p-limit 726ms (cache miss)
1344 silly packumentCache corgi:https://registry.npmjs.org/p-limit set size:undefined disposed:false
1345 http fetch GET 200 https://registry.npmjs.org/parse-png 730ms (cache miss)
1346 silly packumentCache corgi:https://registry.npmjs.org/parse-png set size:undefined disposed:false
1347 http fetch GET 200 https://registry.npmjs.org/ora 732ms (cache miss)
1348 silly packumentCache corgi:https://registry.npmjs.org/ora set size:undefined disposed:false
1349 http fetch GET 200 https://registry.npmjs.org/on-headers 732ms (cache miss)
1350 silly packumentCache corgi:https://registry.npmjs.org/on-headers set size:undefined disposed:false
1351 http fetch GET 200 https://registry.npmjs.org/object-assign 735ms (cache miss)
1352 silly packumentCache corgi:https://registry.npmjs.org/object-assign set size:undefined disposed:false
1353 http fetch GET 200 https://registry.npmjs.org/parse-json 736ms (cache miss)
1354 silly packumentCache corgi:https://registry.npmjs.org/parse-json set size:undefined disposed:false
1355 http fetch GET 200 https://registry.npmjs.org/nwsapi 736ms (cache miss)
1356 silly packumentCache corgi:https://registry.npmjs.org/nwsapi set size:undefined disposed:false
1357 http fetch GET 200 https://registry.npmjs.org/onetime 737ms (cache miss)
1358 silly packumentCache corgi:https://registry.npmjs.org/onetime set size:undefined disposed:false
1359 http fetch GET 200 https://registry.npmjs.org/npm-run-path 738ms (cache miss)
1360 silly packumentCache corgi:https://registry.npmjs.org/npm-run-path set size:undefined disposed:false
1361 http fetch GET 200 https://registry.npmjs.org/on-finished 738ms (cache miss)
1362 silly packumentCache corgi:https://registry.npmjs.org/on-finished set size:undefined disposed:false
1363 http fetch GET 200 https://registry.npmjs.org/once 739ms (cache miss)
1364 silly packumentCache corgi:https://registry.npmjs.org/once set size:undefined disposed:false
1365 http fetch GET 200 https://registry.npmjs.org/open 742ms (cache miss)
1366 silly packumentCache corgi:https://registry.npmjs.org/open set size:undefined disposed:false
1367 http fetch GET 200 https://registry.npmjs.org/nullthrows 742ms (cache miss)
1368 silly packumentCache corgi:https://registry.npmjs.org/nullthrows set size:undefined disposed:false
1369 http fetch GET 200 https://registry.npmjs.org/node-int64 745ms (cache miss)
1370 silly packumentCache corgi:https://registry.npmjs.org/node-int64 set size:undefined disposed:false
1371 http fetch GET 200 https://registry.npmjs.org/npm-package-arg 745ms (cache miss)
1372 silly packumentCache corgi:https://registry.npmjs.org/npm-package-arg set size:undefined disposed:false
1373 http fetch GET 200 https://registry.npmjs.org/parse5 746ms (cache miss)
1374 silly packumentCache corgi:https://registry.npmjs.org/parse5 set size:undefined disposed:false
1375 http fetch GET 200 https://registry.npmjs.org/normalize-path 748ms (cache miss)
1376 silly packumentCache corgi:https://registry.npmjs.org/normalize-path set size:undefined disposed:false
1377 http fetch GET 200 https://registry.npmjs.org/nested-error-stacks 748ms (cache miss)
1378 silly packumentCache corgi:https://registry.npmjs.org/nested-error-stacks set size:undefined disposed:false
1379 http fetch GET 200 https://registry.npmjs.org/ob1 753ms (cache miss)
1380 silly packumentCache corgi:https://registry.npmjs.org/ob1 set size:undefined disposed:false
1381 http fetch GET 200 https://registry.npmjs.org/negotiator 749ms (cache miss)
1382 silly packumentCache corgi:https://registry.npmjs.org/negotiator set size:undefined disposed:false
1383 http fetch GET 200 https://registry.npmjs.org/mz 750ms (cache miss)
1384 silly packumentCache corgi:https://registry.npmjs.org/mz set size:undefined disposed:false
1385 http fetch GET 200 https://registry.npmjs.org/natural-compare 752ms (cache miss)
1386 silly packumentCache corgi:https://registry.npmjs.org/natural-compare set size:undefined disposed:false
1387 http fetch GET 200 https://registry.npmjs.org/ms 753ms (cache miss)
1388 silly packumentCache corgi:https://registry.npmjs.org/ms set size:undefined disposed:false
1389 http fetch GET 200 https://registry.npmjs.org/node-fetch 755ms (cache miss)
1390 silly packumentCache corgi:https://registry.npmjs.org/node-fetch set size:undefined disposed:false
1391 http fetch GET 200 https://registry.npmjs.org/nanoid 756ms (cache miss)
1392 silly packumentCache corgi:https://registry.npmjs.org/nanoid set size:undefined disposed:false
1393 http fetch GET 200 https://registry.npmjs.org/react-refresh 768ms (cache miss)
1394 silly packumentCache corgi:https://registry.npmjs.org/react-refresh set size:undefined disposed:false
1395 http fetch GET 200 https://registry.npmjs.org/mkdirp 770ms (cache miss)
1396 silly packumentCache corgi:https://registry.npmjs.org/mkdirp set size:undefined disposed:false
1397 http fetch GET 200 https://registry.npmjs.org/node-forge 774ms (cache miss)
1398 silly packumentCache corgi:https://registry.npmjs.org/node-forge set size:undefined disposed:false
1399 http fetch GET 200 https://registry.npmjs.org/napi-postinstall 776ms (cache miss)
1400 silly packumentCache corgi:https://registry.npmjs.org/napi-postinstall set size:undefined disposed:false
1401 http fetch GET 200 https://registry.npmjs.org/neo-async 781ms (cache miss)
1402 silly packumentCache corgi:https://registry.npmjs.org/neo-async set size:undefined disposed:false
1403 http fetch GET 200 https://registry.npmjs.org/minimist 783ms (cache miss)
1404 silly packumentCache corgi:https://registry.npmjs.org/minimist set size:undefined disposed:false
1405 http fetch GET 200 https://registry.npmjs.org/min-indent 783ms (cache miss)
1406 silly packumentCache corgi:https://registry.npmjs.org/min-indent set size:undefined disposed:false
1407 http fetch GET 200 https://registry.npmjs.org/minizlib 785ms (cache miss)
1408 silly packumentCache corgi:https://registry.npmjs.org/minizlib set size:undefined disposed:false
1409 http fetch GET 200 https://registry.npmjs.org/mime-types 785ms (cache miss)
1410 silly packumentCache corgi:https://registry.npmjs.org/mime-types set size:undefined disposed:false
1411 http fetch GET 200 https://registry.npmjs.org/mime 788ms (cache miss)
1412 silly packumentCache corgi:https://registry.npmjs.org/mime set size:undefined disposed:false
1413 http fetch GET 200 https://registry.npmjs.org/micromatch 788ms (cache miss)
1414 silly packumentCache corgi:https://registry.npmjs.org/micromatch set size:undefined disposed:false
1415 http fetch GET 200 https://registry.npmjs.org/minipass 791ms (cache miss)
1416 silly packumentCache corgi:https://registry.npmjs.org/minipass set size:undefined disposed:false
1417 http fetch GET 200 https://registry.npmjs.org/metro-transform-worker 792ms (cache miss)
1418 silly packumentCache corgi:https://registry.npmjs.org/metro-transform-worker set size:undefined disposed:false
1419 http fetch GET 200 https://registry.npmjs.org/metro-symbolicate 792ms (cache miss)
1420 silly packumentCache corgi:https://registry.npmjs.org/metro-symbolicate set size:undefined disposed:false
1421 http fetch GET 200 https://registry.npmjs.org/node-releases 793ms (cache miss)
1422 silly packumentCache corgi:https://registry.npmjs.org/node-releases set size:undefined disposed:false
1423 http fetch GET 200 https://registry.npmjs.org/minimatch 795ms (cache miss)
1424 silly packumentCache corgi:https://registry.npmjs.org/minimatch set size:undefined disposed:false
1425 http fetch GET 200 https://registry.npmjs.org/metro-transform-plugins 797ms (cache miss)
1426 silly packumentCache corgi:https://registry.npmjs.org/metro-transform-plugins set size:undefined disposed:false
1427 http fetch GET 200 https://registry.npmjs.org/metro-source-map 806ms (cache miss)
1428 silly packumentCache corgi:https://registry.npmjs.org/metro-source-map set size:undefined disposed:false
1429 http fetch GET 200 https://registry.npmjs.org/mime-db 811ms (cache miss)
1430 silly packumentCache corgi:https://registry.npmjs.org/mime-db set size:undefined disposed:false
1431 http fetch GET 200 https://registry.npmjs.org/merge-stream 812ms (cache miss)
1432 silly packumentCache corgi:https://registry.npmjs.org/merge-stream set size:undefined disposed:false
1433 http fetch GET 200 https://registry.npmjs.org/math-intrinsics 815ms (cache miss)
1434 silly packumentCache corgi:https://registry.npmjs.org/math-intrinsics set size:undefined disposed:false
1435 http fetch GET 200 https://registry.npmjs.org/metro-resolver 816ms (cache miss)
1436 silly packumentCache corgi:https://registry.npmjs.org/metro-resolver set size:undefined disposed:false
1437 http fetch GET 200 https://registry.npmjs.org/memoize-one 817ms (cache miss)
1438 silly packumentCache corgi:https://registry.npmjs.org/memoize-one set size:undefined disposed:false
1439 http fetch GET 200 https://registry.npmjs.org/marky 817ms (cache miss)
1440 silly packumentCache corgi:https://registry.npmjs.org/marky set size:undefined disposed:false
1441 http fetch GET 200 https://registry.npmjs.org/metro-runtime 819ms (cache miss)
1442 silly packumentCache corgi:https://registry.npmjs.org/metro-runtime set size:undefined disposed:false
1443 http fetch GET 200 https://registry.npmjs.org/metro-cache-key 820ms (cache miss)
1444 silly packumentCache corgi:https://registry.npmjs.org/metro-cache-key set size:undefined disposed:false
1445 http fetch GET 200 https://registry.npmjs.org/metro-file-map 821ms (cache miss)
1446 silly packumentCache corgi:https://registry.npmjs.org/metro-file-map set size:undefined disposed:false
1447 http fetch GET 200 https://registry.npmjs.org/metro-config 823ms (cache miss)
1448 silly packumentCache corgi:https://registry.npmjs.org/metro-config set size:undefined disposed:false
1449 http fetch GET 200 https://registry.npmjs.org/metro-cache 824ms (cache miss)
1450 silly packumentCache corgi:https://registry.npmjs.org/metro-cache set size:undefined disposed:false
1451 http fetch GET 200 https://registry.npmjs.org/react-is 837ms (cache miss)
1452 silly packumentCache corgi:https://registry.npmjs.org/react-is set size:undefined disposed:false
1453 http fetch GET 200 https://registry.npmjs.org/metro-minify-terser 832ms (cache miss)
1454 silly packumentCache corgi:https://registry.npmjs.org/metro-minify-terser set size:undefined disposed:false
1455 http fetch GET 200 https://registry.npmjs.org/makeerror 831ms (cache miss)
1456 silly packumentCache corgi:https://registry.npmjs.org/makeerror set size:undefined disposed:false
1457 http fetch GET 200 https://registry.npmjs.org/loose-envify 841ms (cache miss)
1458 silly packumentCache corgi:https://registry.npmjs.org/loose-envify set size:undefined disposed:false
1459 http fetch GET 200 https://registry.npmjs.org/metro 849ms (cache miss)
1460 silly packumentCache corgi:https://registry.npmjs.org/metro set size:undefined disposed:false
1461 http fetch GET 200 https://registry.npmjs.org/make-error 852ms (cache miss)
1462 silly packumentCache corgi:https://registry.npmjs.org/make-error set size:undefined disposed:false
1463 http fetch GET 200 https://registry.npmjs.org/lodash.throttle 852ms (cache miss)
1464 silly packumentCache corgi:https://registry.npmjs.org/lodash.throttle set size:undefined disposed:false
1465 http fetch GET 200 https://registry.npmjs.org/lodash 854ms (cache miss)
1466 silly packumentCache corgi:https://registry.npmjs.org/lodash set size:undefined disposed:false
1467 http fetch GET 200 https://registry.npmjs.org/react-test-renderer 868ms (cache miss)
1468 silly packumentCache corgi:https://registry.npmjs.org/react-test-renderer set size:undefined disposed:false
1469 http fetch GET 200 https://registry.npmjs.org/lodash.debounce 863ms (cache miss)
1470 silly packumentCache corgi:https://registry.npmjs.org/lodash.debounce set size:undefined disposed:false
1471 http fetch GET 200 https://registry.npmjs.org/lightningcss 864ms (cache miss)
1472 silly packumentCache corgi:https://registry.npmjs.org/lightningcss set size:undefined disposed:false
1473 http fetch GET 200 https://registry.npmjs.org/log-symbols 866ms (cache miss)
1474 silly packumentCache corgi:https://registry.npmjs.org/log-symbols set size:undefined disposed:false
1475 http fetch GET 200 https://registry.npmjs.org/lines-and-columns 869ms (cache miss)
1476 silly packumentCache corgi:https://registry.npmjs.org/lines-and-columns set size:undefined disposed:false
1477 http fetch GET 200 https://registry.npmjs.org/lodash.memoize 872ms (cache miss)
1478 silly packumentCache corgi:https://registry.npmjs.org/lodash.memoize set size:undefined disposed:false
1479 http fetch GET 200 https://registry.npmjs.org/leven 871ms (cache miss)
1480 silly packumentCache corgi:https://registry.npmjs.org/leven set size:undefined disposed:false
1481 http fetch GET 200 https://registry.npmjs.org/metro-core 873ms (cache miss)
1482 silly packumentCache corgi:https://registry.npmjs.org/metro-core set size:undefined disposed:false
1483 http fetch GET 200 https://registry.npmjs.org/lan-network 873ms (cache miss)
1484 silly packumentCache corgi:https://registry.npmjs.org/lan-network set size:undefined disposed:false
1485 http fetch GET 200 https://registry.npmjs.org/lighthouse-logger 873ms (cache miss)
1486 silly packumentCache corgi:https://registry.npmjs.org/lighthouse-logger set size:undefined disposed:false
1487 http fetch GET 200 https://registry.npmjs.org/lru-cache 874ms (cache miss)
1488 silly packumentCache corgi:https://registry.npmjs.org/lru-cache set size:undefined disposed:false
1489 http fetch GET 200 https://registry.npmjs.org/metro-babel-transformer 879ms (cache miss)
1490 silly packumentCache corgi:https://registry.npmjs.org/metro-babel-transformer set size:undefined disposed:false
1491 http fetch GET 200 https://registry.npmjs.org/react-dom 892ms (cache miss)
1492 silly packumentCache corgi:https://registry.npmjs.org/react-dom set size:undefined disposed:false
1493 http fetch GET 200 https://registry.npmjs.org/mimic-fn 891ms (cache miss)
1494 silly packumentCache corgi:https://registry.npmjs.org/mimic-fn set size:undefined disposed:false
1495 http fetch GET 200 https://registry.npmjs.org/js-yaml 893ms (cache miss)
1496 silly packumentCache corgi:https://registry.npmjs.org/js-yaml set size:undefined disposed:false
1497 http fetch GET 200 https://registry.npmjs.org/lightningcss-darwin-arm64 895ms (cache miss)
1498 silly packumentCache corgi:https://registry.npmjs.org/lightningcss-darwin-arm64 set size:undefined disposed:false
1499 http fetch GET 200 https://registry.npmjs.org/kleur 896ms (cache miss)
1500 silly packumentCache corgi:https://registry.npmjs.org/kleur set size:undefined disposed:false
1501 http fetch GET 200 https://registry.npmjs.org/js-tokens 898ms (cache miss)
1502 silly packumentCache corgi:https://registry.npmjs.org/js-tokens set size:undefined disposed:false
1503 http fetch GET 200 https://registry.npmjs.org/jsc-safe-url 899ms (cache miss)
1504 silly packumentCache corgi:https://registry.npmjs.org/jsc-safe-url set size:undefined disposed:false
1505 http fetch GET 200 https://registry.npmjs.org/jimp-compact 901ms (cache miss)
1506 silly packumentCache corgi:https://registry.npmjs.org/jimp-compact set size:undefined disposed:false
1507 http fetch GET 200 https://registry.npmjs.org/jsesc 904ms (cache miss)
1508 silly packumentCache corgi:https://registry.npmjs.org/jsesc set size:undefined disposed:false
1509 http fetch GET 200 https://registry.npmjs.org/jest-watch-typeahead 906ms (cache miss)
1510 silly packumentCache corgi:https://registry.npmjs.org/jest-watch-typeahead set size:undefined disposed:false
1511 http fetch GET 200 https://registry.npmjs.org/jest-pnp-resolver 910ms (cache miss)
1512 silly packumentCache corgi:https://registry.npmjs.org/jest-pnp-resolver set size:undefined disposed:false
1513 http fetch GET 200 https://registry.npmjs.org/jest-watch-select-projects 914ms (cache miss)
1514 silly packumentCache corgi:https://registry.npmjs.org/jest-watch-select-projects set size:undefined disposed:false
1515 http fetch GET 200 https://registry.npmjs.org/jest-watcher 915ms (cache miss)
1516 silly packumentCache corgi:https://registry.npmjs.org/jest-watcher set size:undefined disposed:false
1517 http fetch GET 200 https://registry.npmjs.org/jsdom 917ms (cache miss)
1518 silly packumentCache corgi:https://registry.npmjs.org/jsdom set size:undefined disposed:false
1519 http fetch GET 200 https://registry.npmjs.org/jest-util 924ms (cache miss)
1520 silly packumentCache corgi:https://registry.npmjs.org/jest-util set size:undefined disposed:false
1521 http fetch GET 200 https://registry.npmjs.org/jest-validate 928ms (cache miss)
1522 silly packumentCache corgi:https://registry.npmjs.org/jest-validate set size:undefined disposed:false
1523 http fetch GET 200 https://registry.npmjs.org/jest-snapshot 935ms (cache miss)
1524 silly packumentCache corgi:https://registry.npmjs.org/jest-snapshot set size:undefined disposed:false
1525 http fetch GET 200 https://registry.npmjs.org/jest-resolve-dependencies 938ms (cache miss)
1526 silly packumentCache corgi:https://registry.npmjs.org/jest-resolve-dependencies set size:undefined disposed:false
1527 http fetch GET 200 https://registry.npmjs.org/jest-runner 939ms (cache miss)
1528 silly packumentCache corgi:https://registry.npmjs.org/jest-runner set size:undefined disposed:false
1529 http fetch GET 200 https://registry.npmjs.org/jest-regex-util 945ms (cache miss)
1530 silly packumentCache corgi:https://registry.npmjs.org/jest-regex-util set size:undefined disposed:false
1531 http fetch GET 200 https://registry.npmjs.org/jest-message-util 947ms (cache miss)
1532 silly packumentCache corgi:https://registry.npmjs.org/jest-message-util set size:undefined disposed:false
1533 http fetch GET 200 https://registry.npmjs.org/jest-mock 949ms (cache miss)
1534 silly packumentCache corgi:https://registry.npmjs.org/jest-mock set size:undefined disposed:false
1535 http fetch GET 200 https://registry.npmjs.org/json-parse-even-better-errors 949ms (cache miss)
1536 silly packumentCache corgi:https://registry.npmjs.org/json-parse-even-better-errors set size:undefined disposed:false
1537 http fetch GET 200 https://registry.npmjs.org/jest-runtime 968ms (cache miss)
1538 silly packumentCache corgi:https://registry.npmjs.org/jest-runtime set size:undefined disposed:false
1539 http fetch GET 200 https://registry.npmjs.org/jest-leak-detector 972ms (cache miss)
1540 silly packumentCache corgi:https://registry.npmjs.org/jest-leak-detector set size:undefined disposed:false
1541 http fetch GET 200 https://registry.npmjs.org/json5 976ms (cache miss)
1542 silly packumentCache corgi:https://registry.npmjs.org/json5 set size:undefined disposed:false
1543 http fetch GET 200 https://registry.npmjs.org/jest-environment-jsdom 978ms (cache miss)
1544 silly packumentCache corgi:https://registry.npmjs.org/jest-environment-jsdom set size:undefined disposed:false
1545 http fetch GET 200 https://registry.npmjs.org/jest-resolve 983ms (cache miss)
1546 silly packumentCache corgi:https://registry.npmjs.org/jest-resolve set size:undefined disposed:false
1547 http fetch GET 200 https://registry.npmjs.org/jest-haste-map 987ms (cache miss)
1548 silly packumentCache corgi:https://registry.npmjs.org/jest-haste-map set size:undefined disposed:false
1549 http fetch GET 200 https://registry.npmjs.org/jest-get-type 988ms (cache miss)
1550 silly packumentCache corgi:https://registry.npmjs.org/jest-get-type set size:undefined disposed:false
1551 http fetch GET 200 https://registry.npmjs.org/jest-docblock 988ms (cache miss)
1552 silly packumentCache corgi:https://registry.npmjs.org/jest-docblock set size:undefined disposed:false
1553 http fetch GET 200 https://registry.npmjs.org/jackspeak 989ms (cache miss)
1554 silly packumentCache corgi:https://registry.npmjs.org/jackspeak set size:undefined disposed:false
1555 http fetch GET 200 https://registry.npmjs.org/isexe 997ms (cache miss)
1556 silly packumentCache corgi:https://registry.npmjs.org/isexe set size:undefined disposed:false
1557 http fetch GET 200 https://registry.npmjs.org/jest-changed-files 999ms (cache miss)
1558 silly packumentCache corgi:https://registry.npmjs.org/jest-changed-files set size:undefined disposed:false
1559 http fetch GET 200 https://registry.npmjs.org/jest-each 1004ms (cache miss)
1560 silly packumentCache corgi:https://registry.npmjs.org/jest-each set size:undefined disposed:false
1561 http fetch GET 200 https://registry.npmjs.org/jest-matcher-utils 1007ms (cache miss)
1562 silly packumentCache corgi:https://registry.npmjs.org/jest-matcher-utils set size:undefined disposed:false
1563 http fetch GET 200 https://registry.npmjs.org/istanbul-lib-source-maps 1012ms (cache miss)
1564 silly packumentCache corgi:https://registry.npmjs.org/istanbul-lib-source-maps set size:undefined disposed:false
1565 http fetch GET 200 https://registry.npmjs.org/istanbul-lib-report 1013ms (cache miss)
1566 silly packumentCache corgi:https://registry.npmjs.org/istanbul-lib-report set size:undefined disposed:false
1567 http fetch GET 200 https://registry.npmjs.org/istanbul-reports 1017ms (cache miss)
1568 silly packumentCache corgi:https://registry.npmjs.org/istanbul-reports set size:undefined disposed:false
1569 http fetch GET 200 https://registry.npmjs.org/is-potential-custom-element-name 1032ms (cache miss)
1570 silly packumentCache corgi:https://registry.npmjs.org/is-potential-custom-element-name set size:undefined disposed:false
1571 http fetch GET 200 https://registry.npmjs.org/jest-diff 1037ms (cache miss)
1572 silly packumentCache corgi:https://registry.npmjs.org/jest-diff set size:undefined disposed:false
1573 http fetch GET 200 https://registry.npmjs.org/is-number 1037ms (cache miss)
1574 silly packumentCache corgi:https://registry.npmjs.org/is-number set size:undefined disposed:false
1575 http fetch GET 200 https://registry.npmjs.org/istanbul-lib-coverage 1040ms (cache miss)
1576 silly packumentCache corgi:https://registry.npmjs.org/istanbul-lib-coverage set size:undefined disposed:false
1577 http fetch GET 200 https://registry.npmjs.org/istanbul-lib-instrument 1042ms (cache miss)
1578 silly packumentCache corgi:https://registry.npmjs.org/istanbul-lib-instrument set size:undefined disposed:false
1579 http fetch GET 200 https://registry.npmjs.org/jest-expo 1044ms (cache miss)
1580 silly packumentCache corgi:https://registry.npmjs.org/jest-expo set size:undefined disposed:false
1581 http fetch GET 200 https://registry.npmjs.org/is-generator-fn 1046ms (cache miss)
1582 silly packumentCache corgi:https://registry.npmjs.org/is-generator-fn set size:undefined disposed:false
1583 http fetch GET 200 https://registry.npmjs.org/is-wsl 1046ms (cache miss)
1584 silly packumentCache corgi:https://registry.npmjs.org/is-wsl set size:undefined disposed:false
1585 http fetch GET 200 https://registry.npmjs.org/is-docker 1050ms (cache miss)
1586 silly packumentCache corgi:https://registry.npmjs.org/is-docker set size:undefined disposed:false
1587 http fetch GET 200 https://registry.npmjs.org/inherits 1050ms (cache miss)
1588 silly packumentCache corgi:https://registry.npmjs.org/inherits set size:undefined disposed:false
1589 http fetch GET 200 https://registry.npmjs.org/is-core-module 1050ms (cache miss)
1590 silly packumentCache corgi:https://registry.npmjs.org/is-core-module set size:undefined disposed:false
1591 http fetch GET 200 https://registry.npmjs.org/is-fullwidth-code-point 1052ms (cache miss)
1592 silly packumentCache corgi:https://registry.npmjs.org/is-fullwidth-code-point set size:undefined disposed:false
1593 http fetch GET 200 https://registry.npmjs.org/inflight 1052ms (cache miss)
1594 silly packumentCache corgi:https://registry.npmjs.org/inflight set size:undefined disposed:false
1595 http fetch GET 200 https://registry.npmjs.org/invariant 1052ms (cache miss)
1596 silly packumentCache corgi:https://registry.npmjs.org/invariant set size:undefined disposed:false
1597 http fetch GET 200 https://registry.npmjs.org/ieee754 1053ms (cache miss)
1598 silly packumentCache corgi:https://registry.npmjs.org/ieee754 set size:undefined disposed:false
1599 http fetch GET 200 https://registry.npmjs.org/jest 1056ms (cache miss)
1600 silly packumentCache corgi:https://registry.npmjs.org/jest set size:undefined disposed:false
1601 http fetch GET 200 https://registry.npmjs.org/indent-string 1056ms (cache miss)
1602 silly packumentCache corgi:https://registry.npmjs.org/indent-string set size:undefined disposed:false
1603 http fetch GET 200 https://registry.npmjs.org/jest-environment-node 1058ms (cache miss)
1604 silly packumentCache corgi:https://registry.npmjs.org/jest-environment-node set size:undefined disposed:false
1605 http fetch GET 200 https://registry.npmjs.org/is-arrayish 1057ms (cache miss)
1606 silly packumentCache corgi:https://registry.npmjs.org/is-arrayish set size:undefined disposed:false
1607 http fetch GET 200 https://registry.npmjs.org/ini 1058ms (cache miss)
1608 silly packumentCache corgi:https://registry.npmjs.org/ini set size:undefined disposed:false
1609 http fetch GET 200 https://registry.npmjs.org/imurmurhash 1058ms (cache miss)
1610 silly packumentCache corgi:https://registry.npmjs.org/imurmurhash set size:undefined disposed:false
1611 http fetch GET 200 https://registry.npmjs.org/import-local 1058ms (cache miss)
1612 silly packumentCache corgi:https://registry.npmjs.org/import-local set size:undefined disposed:false
1613 http fetch GET 200 https://registry.npmjs.org/is-stream 1061ms (cache miss)
1614 silly packumentCache corgi:https://registry.npmjs.org/is-stream set size:undefined disposed:false
1615 http fetch GET 200 https://registry.npmjs.org/https-proxy-agent 1060ms (cache miss)
1616 silly packumentCache corgi:https://registry.npmjs.org/https-proxy-agent set size:undefined disposed:false
1617 http fetch GET 200 https://registry.npmjs.org/jest-config 1064ms (cache miss)
1618 silly packumentCache corgi:https://registry.npmjs.org/jest-config set size:undefined disposed:false
1619 http fetch GET 200 https://registry.npmjs.org/iconv-lite 1064ms (cache miss)
1620 silly packumentCache corgi:https://registry.npmjs.org/iconv-lite set size:undefined disposed:false
1621 http fetch GET 200 https://registry.npmjs.org/inline-style-prefixer 1068ms (cache miss)
1622 silly packumentCache corgi:https://registry.npmjs.org/inline-style-prefixer set size:undefined disposed:false
1623 http fetch GET 200 https://registry.npmjs.org/ignore 1070ms (cache miss)
1624 silly packumentCache corgi:https://registry.npmjs.org/ignore set size:undefined disposed:false
1625 http fetch GET 200 https://registry.npmjs.org/jest-cli 1073ms (cache miss)
1626 silly packumentCache corgi:https://registry.npmjs.org/jest-cli set size:undefined disposed:false
1627 http fetch GET 200 https://registry.npmjs.org/http-proxy-agent 1075ms (cache miss)
1628 silly packumentCache corgi:https://registry.npmjs.org/http-proxy-agent set size:undefined disposed:false
1629 http fetch GET 200 https://registry.npmjs.org/hyphenate-style-name 1076ms (cache miss)
1630 silly packumentCache corgi:https://registry.npmjs.org/hyphenate-style-name set size:undefined disposed:false
1631 http fetch GET 200 https://registry.npmjs.org/jest-circus 1078ms (cache miss)
1632 silly packumentCache corgi:https://registry.npmjs.org/jest-circus set size:undefined disposed:false
1633 http fetch GET 200 https://registry.npmjs.org/hermes-estree 1079ms (cache miss)
1634 silly packumentCache corgi:https://registry.npmjs.org/hermes-estree set size:undefined disposed:false
1635 http fetch GET 200 https://registry.npmjs.org/has-symbols 1080ms (cache miss)
1636 silly packumentCache corgi:https://registry.npmjs.org/has-symbols set size:undefined disposed:false
1637 http fetch GET 200 https://registry.npmjs.org/human-signals 1081ms (cache miss)
1638 silly packumentCache corgi:https://registry.npmjs.org/human-signals set size:undefined disposed:false
1639 http fetch GET 200 https://registry.npmjs.org/html-encoding-sniffer 1082ms (cache miss)
1640 silly packumentCache corgi:https://registry.npmjs.org/html-encoding-sniffer set size:undefined disposed:false
1641 http fetch GET 200 https://registry.npmjs.org/has-tostringtag 1082ms (cache miss)
1642 silly packumentCache corgi:https://registry.npmjs.org/has-tostringtag set size:undefined disposed:false
1643 http fetch GET 200 https://registry.npmjs.org/has-flag 1082ms (cache miss)
1644 silly packumentCache corgi:https://registry.npmjs.org/has-flag set size:undefined disposed:false
1645 http fetch GET 200 https://registry.npmjs.org/html-escaper 1083ms (cache miss)
1646 silly packumentCache corgi:https://registry.npmjs.org/html-escaper set size:undefined disposed:false
1647 http fetch GET 200 https://registry.npmjs.org/http-errors 1084ms (cache miss)
1648 silly packumentCache corgi:https://registry.npmjs.org/http-errors set size:undefined disposed:false
1649 http fetch GET 200 https://registry.npmjs.org/image-size 1084ms (cache miss)
1650 silly packumentCache corgi:https://registry.npmjs.org/image-size set size:undefined disposed:false
1651 http fetch GET 200 https://registry.npmjs.org/hasown 1085ms (cache miss)
1652 silly packumentCache corgi:https://registry.npmjs.org/hasown set size:undefined disposed:false
1653 http fetch GET 200 https://registry.npmjs.org/graceful-fs 1085ms (cache miss)
1654 silly packumentCache corgi:https://registry.npmjs.org/graceful-fs set size:undefined disposed:false
1655 http fetch GET 200 https://registry.npmjs.org/hermes-parser 1087ms (cache miss)
1656 silly packumentCache corgi:https://registry.npmjs.org/hermes-parser set size:undefined disposed:false
1657 http fetch GET 200 https://registry.npmjs.org/hosted-git-info 1086ms (cache miss)
1658 silly packumentCache corgi:https://registry.npmjs.org/hosted-git-info set size:undefined disposed:false
1659 http fetch GET 200 https://registry.npmjs.org/gopd 1087ms (cache miss)
1660 silly packumentCache corgi:https://registry.npmjs.org/gopd set size:undefined disposed:false
1661 http fetch GET 200 https://registry.npmjs.org/global-dirs 1088ms (cache miss)
1662 silly packumentCache corgi:https://registry.npmjs.org/global-dirs set size:undefined disposed:false
1663 http fetch GET 200 https://registry.npmjs.org/get-proto 1090ms (cache miss)
1664 silly packumentCache corgi:https://registry.npmjs.org/get-proto set size:undefined disposed:false
1665 http fetch GET 200 https://registry.npmjs.org/get-intrinsic 1098ms (cache miss)
1666 silly packumentCache corgi:https://registry.npmjs.org/get-intrinsic set size:undefined disposed:false
1667 http fetch GET 200 https://registry.npmjs.org/fresh 1099ms (cache miss)
1668 silly packumentCache corgi:https://registry.npmjs.org/fresh set size:undefined disposed:false
1669 http fetch GET 200 https://registry.npmjs.org/get-caller-file 1099ms (cache miss)
1670 silly packumentCache corgi:https://registry.npmjs.org/get-caller-file set size:undefined disposed:false
1671 http fetch GET 200 https://registry.npmjs.org/handlebars 1101ms (cache miss)
1672 silly packumentCache corgi:https://registry.npmjs.org/handlebars set size:undefined disposed:false
1673 http fetch GET 200 https://registry.npmjs.org/gensync 1105ms (cache miss)
1674 silly packumentCache corgi:https://registry.npmjs.org/gensync set size:undefined disposed:false
1675 http fetch GET 200 https://registry.npmjs.org/function-bind 1105ms (cache miss)
1676 silly packumentCache corgi:https://registry.npmjs.org/function-bind set size:undefined disposed:false
1677 http fetch GET 200 https://registry.npmjs.org/get-stream 1106ms (cache miss)
1678 silly packumentCache corgi:https://registry.npmjs.org/get-stream set size:undefined disposed:false
1679 http fetch GET 200 https://registry.npmjs.org/react-native 1126ms (cache miss)
1680 silly packumentCache corgi:https://registry.npmjs.org/react-native set size:undefined disposed:false
1681 http fetch GET 200 https://registry.npmjs.org/glob 1126ms (cache miss)
1682 silly packumentCache corgi:https://registry.npmjs.org/glob set size:undefined disposed:false
1683 http fetch GET 200 https://registry.npmjs.org/get-package-type 1130ms (cache miss)
1684 silly packumentCache corgi:https://registry.npmjs.org/get-package-type set size:undefined disposed:false
1685 http fetch GET 200 https://registry.npmjs.org/fs.realpath 1130ms (cache miss)
1686 silly packumentCache corgi:https://registry.npmjs.org/fs.realpath set size:undefined disposed:false
1687 http fetch GET 200 https://registry.npmjs.org/freeport-async 1135ms (cache miss)
1688 silly packumentCache corgi:https://registry.npmjs.org/freeport-async set size:undefined disposed:false
1689 http fetch GET 200 https://registry.npmjs.org/flow-enums-runtime 1136ms (cache miss)
1690 silly packumentCache corgi:https://registry.npmjs.org/flow-enums-runtime set size:undefined disposed:false
1691 http fetch GET 200 https://registry.npmjs.org/fb-watchman 1136ms (cache miss)
1692 silly packumentCache corgi:https://registry.npmjs.org/fb-watchman set size:undefined disposed:false
1693 http fetch GET 200 https://registry.npmjs.org/fill-range 1138ms (cache miss)
1694 silly packumentCache corgi:https://registry.npmjs.org/fill-range set size:undefined disposed:false
1695 http fetch GET 200 https://registry.npmjs.org/fbjs-css-vars 1137ms (cache miss)
1696 silly packumentCache corgi:https://registry.npmjs.org/fbjs-css-vars set size:undefined disposed:false
1697 http fetch GET 200 https://registry.npmjs.org/foreground-child 1139ms (cache miss)
1698 silly packumentCache corgi:https://registry.npmjs.org/foreground-child set size:undefined disposed:false
1699 http fetch GET 200 https://registry.npmjs.org/fdir 1140ms (cache miss)
1700 silly packumentCache corgi:https://registry.npmjs.org/fdir set size:undefined disposed:false
1701 http fetch GET 200 https://registry.npmjs.org/fbjs 1141ms (cache miss)
1702 silly packumentCache corgi:https://registry.npmjs.org/fbjs set size:undefined disposed:false
1703 http fetch GET 200 https://registry.npmjs.org/form-data 1141ms (cache miss)
1704 silly packumentCache corgi:https://registry.npmjs.org/form-data set size:undefined disposed:false
1705 http fetch GET 200 https://registry.npmjs.org/fontfaceobserver 1142ms (cache miss)
1706 silly packumentCache corgi:https://registry.npmjs.org/fontfaceobserver set size:undefined disposed:false
1707 http fetch GET 200 https://registry.npmjs.org/exponential-backoff 1142ms (cache miss)
1708 silly packumentCache corgi:https://registry.npmjs.org/exponential-backoff set size:undefined disposed:false
1709 http fetch GET 200 https://registry.npmjs.org/finalhandler 1143ms (cache miss)
1710 silly packumentCache corgi:https://registry.npmjs.org/finalhandler set size:undefined disposed:false
1711 http fetch GET 200 https://registry.npmjs.org/fast-json-stable-stringify 1144ms (cache miss)
1712 silly packumentCache corgi:https://registry.npmjs.org/fast-json-stable-stringify set size:undefined disposed:false
1713 http fetch GET 200 https://registry.npmjs.org/expo-server 1146ms (cache miss)
1714 silly packumentCache corgi:https://registry.npmjs.org/expo-server set size:undefined disposed:false
1715 http fetch GET 200 https://registry.npmjs.org/expo-modules-core 1149ms (cache miss)
1716 silly packumentCache corgi:https://registry.npmjs.org/expo-modules-core set size:undefined disposed:false
1717 http fetch GET 200 https://registry.npmjs.org/expo-status-bar 1162ms (cache miss)
1718 silly packumentCache corgi:https://registry.npmjs.org/expo-status-bar set size:undefined disposed:false
1719 http fetch GET 200 https://registry.npmjs.org/expo-keep-awake 1172ms (cache miss)
1720 silly packumentCache corgi:https://registry.npmjs.org/expo-keep-awake set size:undefined disposed:false
1721 http fetch GET 200 https://registry.npmjs.org/expo-modules-autolinking 1175ms (cache miss)
1722 silly packumentCache corgi:https://registry.npmjs.org/expo-modules-autolinking set size:undefined disposed:false
1723 http fetch GET 200 https://registry.npmjs.org/expo-sqlite 1178ms (cache miss)
1724 silly packumentCache corgi:https://registry.npmjs.org/expo-sqlite set size:undefined disposed:false
1725 http fetch GET 200 https://registry.npmjs.org/exec-async 1179ms (cache miss)
1726 silly packumentCache corgi:https://registry.npmjs.org/exec-async set size:undefined disposed:false
1727 http fetch GET 200 https://registry.npmjs.org/expo-file-system 1180ms (cache miss)
1728 silly packumentCache corgi:https://registry.npmjs.org/expo-file-system set size:undefined disposed:false
1729 http fetch GET 200 https://registry.npmjs.org/expo-constants 1181ms (cache miss)
1730 silly packumentCache corgi:https://registry.npmjs.org/expo-constants set size:undefined disposed:false
1731 http fetch GET 200 https://registry.npmjs.org/etag 1182ms (cache miss)
1732 silly packumentCache corgi:https://registry.npmjs.org/etag set size:undefined disposed:false
1733 http fetch GET 200 https://registry.npmjs.org/execa 1183ms (cache miss)
1734 silly packumentCache corgi:https://registry.npmjs.org/execa set size:undefined disposed:false
1735 http fetch GET 200 https://registry.npmjs.org/expo-font 1186ms (cache miss)
1736 silly packumentCache corgi:https://registry.npmjs.org/expo-font set size:undefined disposed:false
1737 http fetch GET 200 https://registry.npmjs.org/estraverse 1187ms (cache miss)
1738 silly packumentCache corgi:https://registry.npmjs.org/estraverse set size:undefined disposed:false
1739 http fetch GET 200 https://registry.npmjs.org/exit-x 1188ms (cache miss)
1740 silly packumentCache corgi:https://registry.npmjs.org/exit-x set size:undefined disposed:false
1741 http fetch GET 200 https://registry.npmjs.org/expect 1191ms (cache miss)
1742 silly packumentCache corgi:https://registry.npmjs.org/expect set size:undefined disposed:false
1743 http fetch GET 200 https://registry.npmjs.org/expo-asset 1193ms (cache miss)
1744 silly packumentCache corgi:https://registry.npmjs.org/expo-asset set size:undefined disposed:false
1745 http fetch GET 200 https://registry.npmjs.org/esprima 1196ms (cache miss)
1746 silly packumentCache corgi:https://registry.npmjs.org/esprima set size:undefined disposed:false
1747 http fetch GET 200 https://registry.npmjs.org/esutils 1197ms (cache miss)
1748 silly packumentCache corgi:https://registry.npmjs.org/esutils set size:undefined disposed:false
1749 http fetch GET 200 https://registry.npmjs.org/escape-html 1198ms (cache miss)
1750 silly packumentCache corgi:https://registry.npmjs.org/escape-html set size:undefined disposed:false
1751 http fetch GET 200 https://registry.npmjs.org/es-set-tostringtag 1199ms (cache miss)
1752 silly packumentCache corgi:https://registry.npmjs.org/es-set-tostringtag set size:undefined disposed:false
1753 http fetch GET 200 https://registry.npmjs.org/event-target-shim 1200ms (cache miss)
1754 silly packumentCache corgi:https://registry.npmjs.org/event-target-shim set size:undefined disposed:false
1755 http fetch GET 200 https://registry.npmjs.org/escalade 1203ms (cache miss)
1756 silly packumentCache corgi:https://registry.npmjs.org/escalade set size:undefined disposed:false
1757 http fetch GET 200 https://registry.npmjs.org/es-object-atoms 1203ms (cache miss)
1758 silly packumentCache corgi:https://registry.npmjs.org/es-object-atoms set size:undefined disposed:false
1759 http fetch GET 200 https://registry.npmjs.org/escape-string-regexp 1205ms (cache miss)
1760 silly packumentCache corgi:https://registry.npmjs.org/escape-string-regexp set size:undefined disposed:false
1761 http fetch GET 200 https://registry.npmjs.org/es-errors 1205ms (cache miss)
1762 silly packumentCache corgi:https://registry.npmjs.org/es-errors set size:undefined disposed:false
1763 http fetch GET 200 https://registry.npmjs.org/escodegen 1206ms (cache miss)
1764 silly packumentCache corgi:https://registry.npmjs.org/escodegen set size:undefined disposed:false
1765 http fetch GET 200 https://registry.npmjs.org/expo 1209ms (cache miss)
1766 silly packumentCache corgi:https://registry.npmjs.org/expo set size:undefined disposed:false
1767 http fetch GET 200 https://registry.npmjs.org/es-define-property 1218ms (cache miss)
1768 silly packumentCache corgi:https://registry.npmjs.org/es-define-property set size:undefined disposed:false
1769 http fetch GET 200 https://registry.npmjs.org/emittery 1217ms (cache miss)
1770 silly packumentCache corgi:https://registry.npmjs.org/emittery set size:undefined disposed:false
1771 http fetch GET 200 https://registry.npmjs.org/env-editor 1219ms (cache miss)
1772 silly packumentCache corgi:https://registry.npmjs.org/env-editor set size:undefined disposed:false
1773 http fetch GET 200 https://registry.npmjs.org/emoji-regex 1219ms (cache miss)
1774 silly packumentCache corgi:https://registry.npmjs.org/emoji-regex set size:undefined disposed:false
1775 http fetch GET 200 https://registry.npmjs.org/encodeurl 1220ms (cache miss)
1776 silly packumentCache corgi:https://registry.npmjs.org/encodeurl set size:undefined disposed:false
1777 http fetch GET 200 https://registry.npmjs.org/ee-first 1223ms (cache miss)
1778 silly packumentCache corgi:https://registry.npmjs.org/ee-first set size:undefined disposed:false
1779 http fetch GET 200 https://registry.npmjs.org/error-ex 1228ms (cache miss)
1780 silly packumentCache corgi:https://registry.npmjs.org/error-ex set size:undefined disposed:false
1781 http fetch GET 200 https://registry.npmjs.org/domexception 1231ms (cache miss)
1782 silly packumentCache corgi:https://registry.npmjs.org/domexception set size:undefined disposed:false
1783 http fetch GET 200 https://registry.npmjs.org/eastasianwidth 1233ms (cache miss)
1784 silly packumentCache corgi:https://registry.npmjs.org/eastasianwidth set size:undefined disposed:false
1785 http fetch GET 200 https://registry.npmjs.org/error-stack-parser 1234ms (cache miss)
1786 silly packumentCache corgi:https://registry.npmjs.org/error-stack-parser set size:undefined disposed:false
1787 http fetch GET 200 https://registry.npmjs.org/detect-newline 1235ms (cache miss)
1788 silly packumentCache corgi:https://registry.npmjs.org/detect-newline set size:undefined disposed:false
1789 http fetch GET 200 https://registry.npmjs.org/dotenv 1239ms (cache miss)
1790 silly packumentCache corgi:https://registry.npmjs.org/dotenv set size:undefined disposed:false
1791 http fetch GET 200 https://registry.npmjs.org/defaults 1244ms (cache miss)
1792 silly packumentCache corgi:https://registry.npmjs.org/defaults set size:undefined disposed:false
1793 http fetch GET 200 https://registry.npmjs.org/detect-libc 1245ms (cache miss)
1794 silly packumentCache corgi:https://registry.npmjs.org/detect-libc set size:undefined disposed:false
1795 http fetch GET 200 https://registry.npmjs.org/diff-sequences 1246ms (cache miss)
1796 silly packumentCache corgi:https://registry.npmjs.org/diff-sequences set size:undefined disposed:false
1797 http fetch GET 200 https://registry.npmjs.org/define-lazy-prop 1250ms (cache miss)
1798 silly packumentCache corgi:https://registry.npmjs.org/define-lazy-prop set size:undefined disposed:false
1799 http fetch GET 200 https://registry.npmjs.org/destroy 1251ms (cache miss)
1800 silly packumentCache corgi:https://registry.npmjs.org/destroy set size:undefined disposed:false
1801 http fetch GET 200 https://registry.npmjs.org/dotenv-expand 1251ms (cache miss)
1802 silly packumentCache corgi:https://registry.npmjs.org/dotenv-expand set size:undefined disposed:false
1803 http fetch GET 200 https://registry.npmjs.org/delayed-stream 1252ms (cache miss)
1804 silly packumentCache corgi:https://registry.npmjs.org/delayed-stream set size:undefined disposed:false
1805 http fetch GET 200 https://registry.npmjs.org/deepmerge 1253ms (cache miss)
1806 silly packumentCache corgi:https://registry.npmjs.org/deepmerge set size:undefined disposed:false
1807 http fetch GET 200 https://registry.npmjs.org/depd 1258ms (cache miss)
1808 silly packumentCache corgi:https://registry.npmjs.org/depd set size:undefined disposed:false
1809 http fetch GET 200 https://registry.npmjs.org/deep-extend 1262ms (cache miss)
1810 silly packumentCache corgi:https://registry.npmjs.org/deep-extend set size:undefined disposed:false
1811 http fetch GET 200 https://registry.npmjs.org/decimal.js 1266ms (cache miss)
1812 silly packumentCache corgi:https://registry.npmjs.org/decimal.js set size:undefined disposed:false
1813 http fetch GET 200 https://registry.npmjs.org/data-urls 1268ms (cache miss)
1814 silly packumentCache corgi:https://registry.npmjs.org/data-urls set size:undefined disposed:false
1815 http fetch GET 200 https://registry.npmjs.org/debug 1269ms (cache miss)
1816 silly packumentCache corgi:https://registry.npmjs.org/debug set size:undefined disposed:false
1817 http fetch GET 200 https://registry.npmjs.org/cssom 1273ms (cache miss)
1818 silly packumentCache corgi:https://registry.npmjs.org/cssom set size:undefined disposed:false
1819 http fetch GET 200 https://registry.npmjs.org/electron-to-chromium 1276ms (cache miss)
1820 silly packumentCache corgi:https://registry.npmjs.org/electron-to-chromium set size:undefined disposed:false
1821 http fetch GET 200 https://registry.npmjs.org/dedent 1295ms (cache miss)
1822 silly packumentCache corgi:https://registry.npmjs.org/dedent set size:undefined disposed:false
1823 http fetch GET 200 https://registry.npmjs.org/dunder-proto 1300ms (cache miss)
1824 silly packumentCache corgi:https://registry.npmjs.org/dunder-proto set size:undefined disposed:false
1825 http fetch GET 200 https://registry.npmjs.org/crypto-random-string 1301ms (cache miss)
1826 silly packumentCache corgi:https://registry.npmjs.org/crypto-random-string set size:undefined disposed:false
1827 http fetch GET 200 https://registry.npmjs.org/css-in-js-utils 1302ms (cache miss)
1828 silly packumentCache corgi:https://registry.npmjs.org/css-in-js-utils set size:undefined disposed:false
1829 http fetch GET 200 https://registry.npmjs.org/concat-map 1303ms (cache miss)
1830 silly packumentCache corgi:https://registry.npmjs.org/concat-map set size:undefined disposed:false
1831 http fetch GET 200 https://registry.npmjs.org/cssstyle 1304ms (cache miss)
1832 silly packumentCache corgi:https://registry.npmjs.org/cssstyle set size:undefined disposed:false
1833 http fetch GET 200 https://registry.npmjs.org/compressible 1304ms (cache miss)
1834 silly packumentCache corgi:https://registry.npmjs.org/compressible set size:undefined disposed:false
1835 http fetch GET 200 https://registry.npmjs.org/cross-fetch 1306ms (cache miss)
1836 silly packumentCache corgi:https://registry.npmjs.org/cross-fetch set size:undefined disposed:false
1837 http fetch GET 200 https://registry.npmjs.org/cross-spawn 1307ms (cache miss)
1838 silly packumentCache corgi:https://registry.npmjs.org/cross-spawn set size:undefined disposed:false
1839 http fetch GET 200 https://registry.npmjs.org/compression 1307ms (cache miss)
1840 silly packumentCache corgi:https://registry.npmjs.org/compression set size:undefined disposed:false
1841 http fetch GET 200 https://registry.npmjs.org/csstype 1309ms (cache miss)
1842 silly packumentCache corgi:https://registry.npmjs.org/csstype set size:undefined disposed:false
1843 http fetch GET 200 https://registry.npmjs.org/color-convert 1311ms (cache miss)
1844 silly packumentCache corgi:https://registry.npmjs.org/color-convert set size:undefined disposed:false
1845 http fetch GET 200 https://registry.npmjs.org/convert-source-map 1311ms (cache miss)
1846 silly packumentCache corgi:https://registry.npmjs.org/convert-source-map set size:undefined disposed:false
1847 http fetch GET 200 https://registry.npmjs.org/core-js-compat 1313ms (cache miss)
1848 silly packumentCache corgi:https://registry.npmjs.org/core-js-compat set size:undefined disposed:false
1849 http fetch GET 200 https://registry.npmjs.org/commander 1313ms (cache miss)
1850 silly packumentCache corgi:https://registry.npmjs.org/commander set size:undefined disposed:false
1851 http fetch GET 200 https://registry.npmjs.org/combined-stream 1321ms (cache miss)
1852 silly packumentCache corgi:https://registry.npmjs.org/combined-stream set size:undefined disposed:false
1853 http fetch GET 200 https://registry.npmjs.org/co 1321ms (cache miss)
1854 silly packumentCache corgi:https://registry.npmjs.org/co set size:undefined disposed:false
1855 http fetch GET 200 https://registry.npmjs.org/clone 1323ms (cache miss)
1856 silly packumentCache corgi:https://registry.npmjs.org/clone set size:undefined disposed:false
1857 http fetch GET 200 https://registry.npmjs.org/cliui 1324ms (cache miss)
1858 silly packumentCache corgi:https://registry.npmjs.org/cliui set size:undefined disposed:false
1859 http fetch GET 200 https://registry.npmjs.org/cli-cursor 1326ms (cache miss)
1860 silly packumentCache corgi:https://registry.npmjs.org/cli-cursor set size:undefined disposed:false
1861 http fetch GET 200 https://registry.npmjs.org/chownr 1327ms (cache miss)
1862 silly packumentCache corgi:https://registry.npmjs.org/chownr set size:undefined disposed:false
1863 http fetch GET 200 https://registry.npmjs.org/collect-v8-coverage 1328ms (cache miss)
1864 silly packumentCache corgi:https://registry.npmjs.org/collect-v8-coverage set size:undefined disposed:false
1865 http fetch GET 200 https://registry.npmjs.org/connect 1328ms (cache miss)
1866 silly packumentCache corgi:https://registry.npmjs.org/connect set size:undefined disposed:false
1867 http fetch GET 200 https://registry.npmjs.org/chromium-edge-launcher 1331ms (cache miss)
1868 silly packumentCache corgi:https://registry.npmjs.org/chromium-edge-launcher set size:undefined disposed:false
1869 http fetch GET 200 https://registry.npmjs.org/char-regex 1332ms (cache miss)
1870 silly packumentCache corgi:https://registry.npmjs.org/char-regex set size:undefined disposed:false
1871 http fetch GET 200 https://registry.npmjs.org/chrome-launcher 1334ms (cache miss)
1872 silly packumentCache corgi:https://registry.npmjs.org/chrome-launcher set size:undefined disposed:false
1873 http fetch GET 200 https://registry.npmjs.org/cli-spinners 1335ms (cache miss)
1874 silly packumentCache corgi:https://registry.npmjs.org/cli-spinners set size:undefined disposed:false
1875 http fetch GET 200 https://registry.npmjs.org/camelcase 1338ms (cache miss)
1876 silly packumentCache corgi:https://registry.npmjs.org/camelcase set size:undefined disposed:false
1877 http fetch GET 200 https://registry.npmjs.org/ci-info 1343ms (cache miss)
1878 silly packumentCache corgi:https://registry.npmjs.org/ci-info set size:undefined disposed:false
1879 http fetch GET 200 https://registry.npmjs.org/callsites 1349ms (cache miss)
1880 silly packumentCache corgi:https://registry.npmjs.org/callsites set size:undefined disposed:false
1881 http fetch GET 200 https://registry.npmjs.org/chalk 1356ms (cache miss)
1882 silly packumentCache corgi:https://registry.npmjs.org/chalk set size:undefined disposed:false
1883 http fetch GET 200 https://registry.npmjs.org/bytes 1362ms (cache miss)
1884 silly packumentCache corgi:https://registry.npmjs.org/bytes set size:undefined disposed:false
1885 http fetch GET 200 https://registry.npmjs.org/bser 1363ms (cache miss)
1886 silly packumentCache corgi:https://registry.npmjs.org/bser set size:undefined disposed:false
1887 http fetch GET 200 https://registry.npmjs.org/color-name 1364ms (cache miss)
1888 silly packumentCache corgi:https://registry.npmjs.org/color-name set size:undefined disposed:false
1889 http fetch GET 200 https://registry.npmjs.org/buffer-from 1365ms (cache miss)
1890 silly packumentCache corgi:https://registry.npmjs.org/buffer-from set size:undefined disposed:false
1891 http fetch GET 200 https://registry.npmjs.org/cjs-module-lexer 1365ms (cache miss)
1892 silly packumentCache corgi:https://registry.npmjs.org/cjs-module-lexer set size:undefined disposed:false
1893 http fetch GET 200 https://registry.npmjs.org/bs-logger 1366ms (cache miss)
1894 silly packumentCache corgi:https://registry.npmjs.org/bs-logger set size:undefined disposed:false
1895 http fetch GET 200 https://registry.npmjs.org/braces 1367ms (cache miss)
1896 silly packumentCache corgi:https://registry.npmjs.org/braces set size:undefined disposed:false
1897 http fetch GET 200 https://registry.npmjs.org/buffer 1369ms (cache miss)
1898 silly packumentCache corgi:https://registry.npmjs.org/buffer set size:undefined disposed:false
1899 http fetch GET 200 https://registry.npmjs.org/call-bind-apply-helpers 1370ms (cache miss)
1900 silly packumentCache corgi:https://registry.npmjs.org/call-bind-apply-helpers set size:undefined disposed:false
1901 http fetch GET 200 https://registry.npmjs.org/bplist-parser 1370ms (cache miss)
1902 silly packumentCache corgi:https://registry.npmjs.org/bplist-parser set size:undefined disposed:false
1903 http fetch GET 200 https://registry.npmjs.org/caniuse-lite 1373ms (cache miss)
1904 silly packumentCache corgi:https://registry.npmjs.org/caniuse-lite set size:undefined disposed:false
1905 http fetch GET 200 https://registry.npmjs.org/browserslist 1377ms (cache miss)
1906 silly packumentCache corgi:https://registry.npmjs.org/browserslist set size:undefined disposed:false
1907 http fetch GET 200 https://registry.npmjs.org/brace-expansion 1381ms (cache miss)
1908 silly packumentCache corgi:https://registry.npmjs.org/brace-expansion set size:undefined disposed:false
1909 http fetch GET 200 https://registry.npmjs.org/bplist-creator 1382ms (cache miss)
1910 silly packumentCache corgi:https://registry.npmjs.org/bplist-creator set size:undefined disposed:false
1911 http fetch GET 200 https://registry.npmjs.org/balanced-match 1383ms (cache miss)
1912 silly packumentCache corgi:https://registry.npmjs.org/balanced-match set size:undefined disposed:false
1913 http fetch GET 200 https://registry.npmjs.org/big-integer 1383ms (cache miss)
1914 silly packumentCache corgi:https://registry.npmjs.org/big-integer set size:undefined disposed:false
1915 http fetch GET 200 https://registry.npmjs.org/babel-preset-current-node-syntax 1385ms (cache miss)
1916 silly packumentCache corgi:https://registry.npmjs.org/babel-preset-current-node-syntax set size:undefined disposed:false
1917 http fetch GET 200 https://registry.npmjs.org/baseline-browser-mapping 1385ms (cache miss)
1918 silly packumentCache corgi:https://registry.npmjs.org/baseline-browser-mapping set size:undefined disposed:false
1919 http fetch GET 200 https://registry.npmjs.org/babel-plugin-transform-flow-enums 1388ms (cache miss)
1920 silly packumentCache corgi:https://registry.npmjs.org/babel-plugin-transform-flow-enums set size:undefined disposed:false
1921 http fetch GET 200 https://registry.npmjs.org/babel-preset-jest 1394ms (cache miss)
1922 silly packumentCache corgi:https://registry.npmjs.org/babel-preset-jest set size:undefined disposed:false
1923 http fetch GET 200 https://registry.npmjs.org/base64-js 1399ms (cache miss)
1924 silly packumentCache corgi:https://registry.npmjs.org/base64-js set size:undefined disposed:false
1925 http fetch GET 200 https://registry.npmjs.org/babel-plugin-polyfill-regenerator 1402ms (cache miss)
1926 silly packumentCache corgi:https://registry.npmjs.org/babel-plugin-polyfill-regenerator set size:undefined disposed:false
1927 http fetch GET 200 https://registry.npmjs.org/babel-plugin-react-compiler 1404ms (cache miss)
1928 silly packumentCache corgi:https://registry.npmjs.org/babel-plugin-react-compiler set size:undefined disposed:false
1929 http fetch GET 200 https://registry.npmjs.org/babel-preset-expo 1408ms (cache miss)
1930 silly packumentCache corgi:https://registry.npmjs.org/babel-preset-expo set size:undefined disposed:false
1931 http fetch GET 200 https://registry.npmjs.org/better-opn 1411ms (cache miss)
1932 silly packumentCache corgi:https://registry.npmjs.org/better-opn set size:undefined disposed:false
1933 http fetch GET 200 https://registry.npmjs.org/babel-plugin-polyfill-corejs2 1411ms (cache miss)
1934 silly packumentCache corgi:https://registry.npmjs.org/babel-plugin-polyfill-corejs2 set size:undefined disposed:false
1935 http fetch GET 200 https://registry.npmjs.org/babel-plugin-react-native-web 1414ms (cache miss)
1936 silly packumentCache corgi:https://registry.npmjs.org/babel-plugin-react-native-web set size:undefined disposed:false
1937 http fetch GET 200 https://registry.npmjs.org/babel-plugin-istanbul 1412ms (cache miss)
1938 silly packumentCache corgi:https://registry.npmjs.org/babel-plugin-istanbul set size:undefined disposed:false
1939 http fetch GET 200 https://registry.npmjs.org/asap 1417ms (cache miss)
1940 silly packumentCache corgi:https://registry.npmjs.org/asap set size:undefined disposed:false
1941 http fetch GET 200 https://registry.npmjs.org/babel-plugin-jest-hoist 1425ms (cache miss)
1942 silly packumentCache corgi:https://registry.npmjs.org/babel-plugin-jest-hoist set size:undefined disposed:false
1943 http fetch GET 200 https://registry.npmjs.org/arg 1431ms (cache miss)
1944 silly packumentCache corgi:https://registry.npmjs.org/arg set size:undefined disposed:false
1945 http fetch GET 200 https://registry.npmjs.org/babel-plugin-syntax-hermes-parser 1432ms (cache miss)
1946 silly packumentCache corgi:https://registry.npmjs.org/babel-plugin-syntax-hermes-parser set size:undefined disposed:false
1947 http fetch GET 200 https://registry.npmjs.org/async-limiter 1433ms (cache miss)
1948 silly packumentCache corgi:https://registry.npmjs.org/async-limiter set size:undefined disposed:false
1949 http fetch GET 200 https://registry.npmjs.org/argparse 1434ms (cache miss)
1950 silly packumentCache corgi:https://registry.npmjs.org/argparse set size:undefined disposed:false
1951 http fetch GET 200 https://registry.npmjs.org/any-promise 1434ms (cache miss)
1952 silly packumentCache corgi:https://registry.npmjs.org/any-promise set size:undefined disposed:false
1953 http fetch GET 200 https://registry.npmjs.org/babel-plugin-polyfill-corejs3 1439ms (cache miss)
1954 silly packumentCache corgi:https://registry.npmjs.org/babel-plugin-polyfill-corejs3 set size:undefined disposed:false
1955 http fetch GET 200 https://registry.npmjs.org/babel-jest 1436ms (cache miss)
1956 silly packumentCache corgi:https://registry.npmjs.org/babel-jest set size:undefined disposed:false
1957 http fetch GET 200 https://registry.npmjs.org/await-lock 1437ms (cache miss)
1958 silly packumentCache corgi:https://registry.npmjs.org/await-lock set size:undefined disposed:false
1959 http fetch GET 200 https://registry.npmjs.org/anymatch 1439ms (cache miss)
1960 silly packumentCache corgi:https://registry.npmjs.org/anymatch set size:undefined disposed:false
1961 http fetch GET 200 https://registry.npmjs.org/ansi-escapes 1439ms (cache miss)
1962 silly packumentCache corgi:https://registry.npmjs.org/ansi-escapes set size:undefined disposed:false
1963 http fetch GET 200 https://registry.npmjs.org/agent-base 1441ms (cache miss)
1964 silly packumentCache corgi:https://registry.npmjs.org/agent-base set size:undefined disposed:false
1965 http fetch GET 200 https://registry.npmjs.org/asynckit 1444ms (cache miss)
1966 silly packumentCache corgi:https://registry.npmjs.org/asynckit set size:undefined disposed:false
1967 http fetch GET 200 https://registry.npmjs.org/ansi-styles 1445ms (cache miss)
1968 silly packumentCache corgi:https://registry.npmjs.org/ansi-styles set size:undefined disposed:false
1969 http fetch GET 200 https://registry.npmjs.org/acorn-globals 1449ms (cache miss)
1970 silly packumentCache corgi:https://registry.npmjs.org/acorn-globals set size:undefined disposed:false
1971 http fetch GET 200 https://registry.npmjs.org/abort-controller 1451ms (cache miss)
1972 silly packumentCache corgi:https://registry.npmjs.org/abort-controller set size:undefined disposed:false
1973 http fetch GET 200 https://registry.npmjs.org/accepts 1456ms (cache miss)
1974 silly packumentCache corgi:https://registry.npmjs.org/accepts set size:undefined disposed:false
1975 http fetch GET 200 https://registry.npmjs.org/acorn-walk 1457ms (cache miss)
1976 silly packumentCache corgi:https://registry.npmjs.org/acorn-walk set size:undefined disposed:false
1977 http fetch GET 200 https://registry.npmjs.org/abab 1460ms (cache miss)
1978 silly packumentCache corgi:https://registry.npmjs.org/abab set size:undefined disposed:false
1979 http fetch GET 200 https://registry.npmjs.org/@urql%2fexchange-retry 1467ms (cache miss)
1980 silly packumentCache corgi:https://registry.npmjs.org/@urql%2fexchange-retry set size:undefined disposed:false
1981 http fetch GET 200 https://registry.npmjs.org/acorn 1472ms (cache miss)
1982 silly packumentCache corgi:https://registry.npmjs.org/acorn set size:undefined disposed:false
1983 http fetch GET 200 https://registry.npmjs.org/@unrs%2fresolver-binding-darwin-arm64 1476ms (cache miss)
1984 silly packumentCache corgi:https://registry.npmjs.org/@unrs%2fresolver-binding-darwin-arm64 set size:undefined disposed:false
1985 http fetch GET 200 https://registry.npmjs.org/ansi-regex 1481ms (cache miss)
1986 silly packumentCache corgi:https://registry.npmjs.org/ansi-regex set size:undefined disposed:false
1987 http fetch GET 200 https://registry.npmjs.org/anser 1485ms (cache miss)
1988 silly packumentCache corgi:https://registry.npmjs.org/anser set size:undefined disposed:false
1989 http fetch GET 200 https://registry.npmjs.org/@urql%2fcore 1486ms (cache miss)
1990 silly packumentCache corgi:https://registry.npmjs.org/@urql%2fcore set size:undefined disposed:false
1991 http fetch GET 200 https://registry.npmjs.org/@types%2fstack-utils 1488ms (cache miss)
1992 silly packumentCache corgi:https://registry.npmjs.org/@types%2fstack-utils set size:undefined disposed:false
1993 http fetch GET 200 https://registry.npmjs.org/@types%2fyargs-parser 1489ms (cache miss)
1994 silly packumentCache corgi:https://registry.npmjs.org/@types%2fyargs-parser set size:undefined disposed:false
1995 http fetch GET 200 https://registry.npmjs.org/@types%2fyargs 1489ms (cache miss)
1996 silly packumentCache corgi:https://registry.npmjs.org/@types%2fyargs set size:undefined disposed:false
1997 http fetch GET 200 https://registry.npmjs.org/@types%2freact 1493ms (cache miss)
1998 silly packumentCache corgi:https://registry.npmjs.org/@types%2freact set size:undefined disposed:false
1999 http fetch GET 200 https://registry.npmjs.org/@types%2ftough-cookie 1498ms (cache miss)
2000 silly packumentCache corgi:https://registry.npmjs.org/@types%2ftough-cookie set size:undefined disposed:false
2001 http fetch GET 200 https://registry.npmjs.org/@xmldom%2fxmldom 1499ms (cache miss)
2002 silly packumentCache corgi:https://registry.npmjs.org/@xmldom%2fxmldom set size:undefined disposed:false
2003 http fetch GET 200 https://registry.npmjs.org/@ungap%2fstructured-clone 1502ms (cache miss)
2004 silly packumentCache corgi:https://registry.npmjs.org/@ungap%2fstructured-clone set size:undefined disposed:false
2005 http fetch GET 200 https://registry.npmjs.org/@types%2fistanbul-reports 1507ms (cache miss)
2006 silly packumentCache corgi:https://registry.npmjs.org/@types%2fistanbul-reports set size:undefined disposed:false
2007 http fetch GET 200 https://registry.npmjs.org/@types%2fjest 1511ms (cache miss)
2008 silly packumentCache corgi:https://registry.npmjs.org/@types%2fjest set size:undefined disposed:false
2009 http fetch GET 200 https://registry.npmjs.org/@types%2fistanbul-lib-report 1514ms (cache miss)
2010 silly packumentCache corgi:https://registry.npmjs.org/@types%2fistanbul-lib-report set size:undefined disposed:false
2011 http fetch GET 200 https://registry.npmjs.org/@types%2fbabel__core 1525ms (cache miss)
2012 silly packumentCache corgi:https://registry.npmjs.org/@types%2fbabel__core set size:undefined disposed:false
2013 http fetch GET 200 https://registry.npmjs.org/@types%2fgraceful-fs 1528ms (cache miss)
2014 silly packumentCache corgi:https://registry.npmjs.org/@types%2fgraceful-fs set size:undefined disposed:false
2015 http fetch GET 200 https://registry.npmjs.org/@types%2fistanbul-lib-coverage 1529ms (cache miss)
2016 silly packumentCache corgi:https://registry.npmjs.org/@types%2fistanbul-lib-coverage set size:undefined disposed:false
2017 http fetch GET 200 https://registry.npmjs.org/@types%2fbabel__template 1529ms (cache miss)
2018 silly packumentCache corgi:https://registry.npmjs.org/@types%2fbabel__template set size:undefined disposed:false
2019 http fetch GET 200 https://registry.npmjs.org/@types%2fbabel__generator 1533ms (cache miss)
2020 silly packumentCache corgi:https://registry.npmjs.org/@types%2fbabel__generator set size:undefined disposed:false
2021 http fetch GET 200 https://registry.npmjs.org/@types%2fbabel__traverse 1534ms (cache miss)
2022 silly packumentCache corgi:https://registry.npmjs.org/@types%2fbabel__traverse set size:undefined disposed:false
2023 http fetch GET 200 https://registry.npmjs.org/@tootallnate%2fonce 1535ms (cache miss)
2024 silly packumentCache corgi:https://registry.npmjs.org/@tootallnate%2fonce set size:undefined disposed:false
2025 http fetch GET 200 https://registry.npmjs.org/@types%2fjsdom 1536ms (cache miss)
2026 silly packumentCache corgi:https://registry.npmjs.org/@types%2fjsdom set size:undefined disposed:false
2027 http fetch GET 200 https://registry.npmjs.org/@sinonjs%2ffake-timers 1540ms (cache miss)
2028 silly packumentCache corgi:https://registry.npmjs.org/@sinonjs%2ffake-timers set size:undefined disposed:false
2029 http fetch GET 200 https://registry.npmjs.org/@types%2fnode 1547ms (cache miss)
2030 silly packumentCache corgi:https://registry.npmjs.org/@types%2fnode set size:undefined disposed:false
2031 http fetch GET 200 https://registry.npmjs.org/@sinonjs%2fcommons 1565ms (cache miss)
2032 silly packumentCache corgi:https://registry.npmjs.org/@sinonjs%2fcommons set size:undefined disposed:false
2033 http fetch GET 200 https://registry.npmjs.org/@pkgjs%2fparseargs 1592ms (cache miss)
2034 silly packumentCache corgi:https://registry.npmjs.org/@pkgjs%2fparseargs set size:undefined disposed:false
2035 http fetch GET 200 https://registry.npmjs.org/@testing-library%2freact-native 1601ms (cache miss)
2036 silly packumentCache corgi:https://registry.npmjs.org/@testing-library%2freact-native set size:undefined disposed:false
2037 http fetch GET 200 https://registry.npmjs.org/@jridgewell%2ftrace-mapping 1605ms (cache miss)
2038 silly packumentCache corgi:https://registry.npmjs.org/@jridgewell%2ftrace-mapping set size:undefined disposed:false
2039 http fetch GET 200 https://registry.npmjs.org/@react-native-community%2fnetinfo 1606ms (cache miss)
2040 silly packumentCache corgi:https://registry.npmjs.org/@react-native-community%2fnetinfo set size:undefined disposed:false
2041 http fetch GET 200 https://registry.npmjs.org/@sinclair%2ftypebox 1612ms (cache miss)
2042 silly packumentCache corgi:https://registry.npmjs.org/@sinclair%2ftypebox set size:undefined disposed:false
2043 http fetch GET 200 https://registry.npmjs.org/@react-native%2fnormalize-colors 1615ms (cache miss)
2044 silly packumentCache corgi:https://registry.npmjs.org/@react-native%2fnormalize-colors set size:undefined disposed:false
2045 http fetch GET 200 https://registry.npmjs.org/@react-native%2fjs-polyfills 1617ms (cache miss)
2046 silly packumentCache corgi:https://registry.npmjs.org/@react-native%2fjs-polyfills set size:undefined disposed:false
2047 http fetch GET 200 https://registry.npmjs.org/@react-native%2fdebugger-frontend 1620ms (cache miss)
2048 silly packumentCache corgi:https://registry.npmjs.org/@react-native%2fdebugger-frontend set size:undefined disposed:false
2049 http fetch GET 200 https://registry.npmjs.org/@react-native%2fgradle-plugin 1623ms (cache miss)
2050 silly packumentCache corgi:https://registry.npmjs.org/@react-native%2fgradle-plugin set size:undefined disposed:false
2051 http fetch GET 200 https://registry.npmjs.org/@react-native%2fassets-registry 1625ms (cache miss)
2052 silly packumentCache corgi:https://registry.npmjs.org/@react-native%2fassets-registry set size:undefined disposed:false
2053 http fetch GET 200 https://registry.npmjs.org/@react-native%2fvirtualized-lists 1636ms (cache miss)
2054 silly packumentCache corgi:https://registry.npmjs.org/@react-native%2fvirtualized-lists set size:undefined disposed:false
2055 http fetch GET 200 https://registry.npmjs.org/@jridgewell%2fgen-mapping 1640ms (cache miss)
2056 silly packumentCache corgi:https://registry.npmjs.org/@jridgewell%2fgen-mapping set size:undefined disposed:false
2057 http fetch GET 200 https://registry.npmjs.org/@jridgewell%2fremapping 1639ms (cache miss)
2058 silly packumentCache corgi:https://registry.npmjs.org/@jridgewell%2fremapping set size:undefined disposed:false
2059 http fetch GET 200 https://registry.npmjs.org/@react-native%2fbabel-plugin-codegen 1641ms (cache miss)
2060 silly packumentCache corgi:https://registry.npmjs.org/@react-native%2fbabel-plugin-codegen set size:undefined disposed:false
2061 http fetch GET 200 https://registry.npmjs.org/@jridgewell%2fsource-map 1644ms (cache miss)
2062 silly packumentCache corgi:https://registry.npmjs.org/@jridgewell%2fsource-map set size:undefined disposed:false
2063 http fetch GET 200 https://registry.npmjs.org/@jest%2fsnapshot-utils 1645ms (cache miss)
2064 silly packumentCache corgi:https://registry.npmjs.org/@jest%2fsnapshot-utils set size:undefined disposed:false
2065 http fetch GET 200 https://registry.npmjs.org/@jridgewell%2fresolve-uri 1646ms (cache miss)
2066 silly packumentCache corgi:https://registry.npmjs.org/@jridgewell%2fresolve-uri set size:undefined disposed:false
2067 http fetch GET 200 https://registry.npmjs.org/@jest%2fschemas 1646ms (cache miss)
2068 silly packumentCache corgi:https://registry.npmjs.org/@jest%2fschemas set size:undefined disposed:false
2069 http fetch GET 200 https://registry.npmjs.org/@jest%2fsource-map 1648ms (cache miss)
2070 silly packumentCache corgi:https://registry.npmjs.org/@jest%2fsource-map set size:undefined disposed:false
2071 http fetch GET 200 https://registry.npmjs.org/@react-native%2fdev-middleware 1652ms (cache miss)
2072 silly packumentCache corgi:https://registry.npmjs.org/@react-native%2fdev-middleware set size:undefined disposed:false
2073 http fetch GET 200 https://registry.npmjs.org/@jest%2fget-type 1654ms (cache miss)
2074 silly packumentCache corgi:https://registry.npmjs.org/@jest%2fget-type set size:undefined disposed:false
2075 http fetch GET 200 https://registry.npmjs.org/@jest%2ftest-result 1655ms (cache miss)
2076 silly packumentCache corgi:https://registry.npmjs.org/@jest%2ftest-result set size:undefined disposed:false
2077 http fetch GET 200 https://registry.npmjs.org/@jest%2ftypes 1656ms (cache miss)
2078 silly packumentCache corgi:https://registry.npmjs.org/@jest%2ftypes set size:undefined disposed:false
2079 http fetch GET 200 https://registry.npmjs.org/@react-native%2fcommunity-cli-plugin 1658ms (cache miss)
2080 silly packumentCache corgi:https://registry.npmjs.org/@react-native%2fcommunity-cli-plugin set size:undefined disposed:false
2081 http fetch GET 200 https://registry.npmjs.org/@jest%2fpattern 1661ms (cache miss)
2082 silly packumentCache corgi:https://registry.npmjs.org/@jest%2fpattern set size:undefined disposed:false
2083 http fetch GET 200 https://registry.npmjs.org/@jest%2ftransform 1662ms (cache miss)
2084 silly packumentCache corgi:https://registry.npmjs.org/@jest%2ftransform set size:undefined disposed:false
2085 http fetch GET 200 https://registry.npmjs.org/@react-native%2fcodegen 1665ms (cache miss)
2086 silly packumentCache corgi:https://registry.npmjs.org/@react-native%2fcodegen set size:undefined disposed:false
2087 http fetch GET 200 https://registry.npmjs.org/@jest%2ftest-sequencer 1669ms (cache miss)
2088 silly packumentCache corgi:https://registry.npmjs.org/@jest%2ftest-sequencer set size:undefined disposed:false
2089 http fetch GET 200 https://registry.npmjs.org/@jest%2ffake-timers 1669ms (cache miss)
2090 silly packumentCache corgi:https://registry.npmjs.org/@jest%2ffake-timers set size:undefined disposed:false
2091 http fetch GET 200 https://registry.npmjs.org/@jest%2fexpect-utils 1672ms (cache miss)
2092 silly packumentCache corgi:https://registry.npmjs.org/@jest%2fexpect-utils set size:undefined disposed:false
2093 http fetch GET 200 https://registry.npmjs.org/@jest%2fglobals 1676ms (cache miss)
2094 silly packumentCache corgi:https://registry.npmjs.org/@jest%2fglobals set size:undefined disposed:false
2095 http fetch GET 200 https://registry.npmjs.org/@jest%2fexpect 1676ms (cache miss)
2096 silly packumentCache corgi:https://registry.npmjs.org/@jest%2fexpect set size:undefined disposed:false
2097 http fetch GET 200 https://registry.npmjs.org/@jest%2fdiff-sequences 1677ms (cache miss)
2098 silly packumentCache corgi:https://registry.npmjs.org/@jest%2fdiff-sequences set size:undefined disposed:false
2099 http fetch GET 200 https://registry.npmjs.org/@pkgr%2fcore 1680ms (cache miss)
2100 silly packumentCache corgi:https://registry.npmjs.org/@pkgr%2fcore set size:undefined disposed:false
2101 http fetch GET 200 https://registry.npmjs.org/@isaacs%2fcliui 1685ms (cache miss)
2102 silly packumentCache corgi:https://registry.npmjs.org/@isaacs%2fcliui set size:undefined disposed:false
2103 http fetch GET 200 https://registry.npmjs.org/@isaacs%2ffs-minipass 1686ms (cache miss)
2104 silly packumentCache corgi:https://registry.npmjs.org/@isaacs%2ffs-minipass set size:undefined disposed:false
2105 http fetch GET 200 https://registry.npmjs.org/@jest%2fcreate-cache-key-function 1687ms (cache miss)
2106 silly packumentCache corgi:https://registry.npmjs.org/@jest%2fcreate-cache-key-function set size:undefined disposed:false
2107 http fetch GET 200 https://registry.npmjs.org/@jest%2fenvironment 1691ms (cache miss)
2108 silly packumentCache corgi:https://registry.npmjs.org/@jest%2fenvironment set size:undefined disposed:false
2109 http fetch GET 200 https://registry.npmjs.org/@jest%2fcore 1693ms (cache miss)
2110 silly packumentCache corgi:https://registry.npmjs.org/@jest%2fcore set size:undefined disposed:false
2111 http fetch GET 200 https://registry.npmjs.org/@istanbuljs%2fload-nyc-config 1697ms (cache miss)
2112 silly packumentCache corgi:https://registry.npmjs.org/@istanbuljs%2fload-nyc-config set size:undefined disposed:false
2113 http fetch GET 200 https://registry.npmjs.org/@jest%2fconsole 1698ms (cache miss)
2114 silly packumentCache corgi:https://registry.npmjs.org/@jest%2fconsole set size:undefined disposed:false
2115 http fetch GET 200 https://registry.npmjs.org/@isaacs%2fttlcache 1702ms (cache miss)
2116 silly packumentCache corgi:https://registry.npmjs.org/@isaacs%2fttlcache set size:undefined disposed:false
2117 http fetch GET 200 https://registry.npmjs.org/@istanbuljs%2fschema 1704ms (cache miss)
2118 silly packumentCache corgi:https://registry.npmjs.org/@istanbuljs%2fschema set size:undefined disposed:false
2119 http fetch GET 200 https://registry.npmjs.org/@jridgewell%2fsourcemap-codec 1706ms (cache miss)
2120 silly packumentCache corgi:https://registry.npmjs.org/@jridgewell%2fsourcemap-codec set size:undefined disposed:false
2121 http fetch GET 200 https://registry.npmjs.org/@expo%2fxcpretty 1715ms (cache miss)
2122 silly packumentCache corgi:https://registry.npmjs.org/@expo%2fxcpretty set size:undefined disposed:false
2123 http fetch GET 200 https://registry.npmjs.org/@expo%2fvector-icons 1715ms (cache miss)
2124 silly packumentCache corgi:https://registry.npmjs.org/@expo%2fvector-icons set size:undefined disposed:false
2125 http fetch GET 200 https://registry.npmjs.org/@expo%2fws-tunnel 1717ms (cache miss)
2126 silly packumentCache corgi:https://registry.npmjs.org/@expo%2fws-tunnel set size:undefined disposed:false
2127 http fetch GET 200 https://registry.npmjs.org/@expo%2fspawn-async 1723ms (cache miss)
2128 silly packumentCache corgi:https://registry.npmjs.org/@expo%2fspawn-async set size:undefined disposed:false
2129 http fetch GET 200 https://registry.npmjs.org/@expo%2fsdk-runtime-versions 1726ms (cache miss)
2130 silly packumentCache corgi:https://registry.npmjs.org/@expo%2fsdk-runtime-versions set size:undefined disposed:false
2131 http fetch GET 200 https://registry.npmjs.org/@expo%2fschema-utils 1736ms (cache miss)
2132 silly packumentCache corgi:https://registry.npmjs.org/@expo%2fschema-utils set size:undefined disposed:false
2133 http fetch GET 200 https://registry.npmjs.org/@expo%2fprebuild-config 1742ms (cache miss)
2134 silly packumentCache corgi:https://registry.npmjs.org/@expo%2fprebuild-config set size:undefined disposed:false
2135 http fetch GET 200 https://registry.npmjs.org/@expo%2fmetro 1747ms (cache miss)
2136 silly packumentCache corgi:https://registry.npmjs.org/@expo%2fmetro set size:undefined disposed:false
2137 http fetch GET 200 https://registry.npmjs.org/@expo%2fsudo-prompt 1748ms (cache miss)
2138 silly packumentCache corgi:https://registry.npmjs.org/@expo%2fsudo-prompt set size:undefined disposed:false
2139 http fetch GET 200 https://registry.npmjs.org/@expo%2fpackage-manager 1748ms (cache miss)
2140 silly packumentCache corgi:https://registry.npmjs.org/@expo%2fpackage-manager set size:undefined disposed:false
2141 http fetch GET 200 https://registry.npmjs.org/@expo%2fplist 1749ms (cache miss)
2142 silly packumentCache corgi:https://registry.npmjs.org/@expo%2fplist set size:undefined disposed:false
2143 http fetch GET 200 https://registry.npmjs.org/@expo%2fimage-utils 1755ms (cache miss)
2144 silly packumentCache corgi:https://registry.npmjs.org/@expo%2fimage-utils set size:undefined disposed:false
2145 http fetch GET 200 https://registry.npmjs.org/@expo%2fosascript 1757ms (cache miss)
2146 silly packumentCache corgi:https://registry.npmjs.org/@expo%2fosascript set size:undefined disposed:false
2147 http fetch GET 200 https://registry.npmjs.org/@expo%2fdevcert 1758ms (cache miss)
2148 silly packumentCache corgi:https://registry.npmjs.org/@expo%2fdevcert set size:undefined disposed:false
2149 http fetch GET 200 https://registry.npmjs.org/@expo%2fmetro-config 1759ms (cache miss)
2150 silly packumentCache corgi:https://registry.npmjs.org/@expo%2fmetro-config set size:undefined disposed:false
2151 http fetch GET 200 https://registry.npmjs.org/@expo%2fdevtools 1763ms (cache miss)
2152 silly packumentCache corgi:https://registry.npmjs.org/@expo%2fdevtools set size:undefined disposed:false
2153 http fetch GET 200 https://registry.npmjs.org/@expo%2fjson-file 1764ms (cache miss)
2154 silly packumentCache corgi:https://registry.npmjs.org/@expo%2fjson-file set size:undefined disposed:false
2155 http fetch GET 200 https://registry.npmjs.org/@expo%2ffingerprint 1774ms (cache miss)
2156 silly packumentCache corgi:https://registry.npmjs.org/@expo%2ffingerprint set size:undefined disposed:false
2157 http fetch GET 200 https://registry.npmjs.org/@expo%2fconfig-types 1776ms (cache miss)
2158 silly packumentCache corgi:https://registry.npmjs.org/@expo%2fconfig-types set size:undefined disposed:false
2159 http fetch GET 200 https://registry.npmjs.org/@expo%2fconfig-plugins 1778ms (cache miss)
2160 silly packumentCache corgi:https://registry.npmjs.org/@expo%2fconfig-plugins set size:undefined disposed:false
2161 http fetch GET 200 https://registry.npmjs.org/@bcoe%2fv8-coverage 1790ms (cache miss)
2162 silly packumentCache corgi:https://registry.npmjs.org/@bcoe%2fv8-coverage set size:undefined disposed:false
2163 http fetch GET 200 https://registry.npmjs.org/@expo%2fcode-signing-certificates 1794ms (cache miss)
2164 silly packumentCache corgi:https://registry.npmjs.org/@expo%2fcode-signing-certificates set size:undefined disposed:false
2165 http fetch GET 200 https://registry.npmjs.org/@jest%2freporters 1796ms (cache miss)
2166 silly packumentCache corgi:https://registry.npmjs.org/@jest%2freporters set size:undefined disposed:false
2167 http fetch GET 200 https://registry.npmjs.org/@babel%2ftraverse 1801ms (cache miss)
2168 silly packumentCache corgi:https://registry.npmjs.org/@babel%2ftraverse set size:undefined disposed:false
2169 http fetch GET 200 https://registry.npmjs.org/@expo%2fconfig 1803ms (cache miss)
2170 silly packumentCache corgi:https://registry.npmjs.org/@expo%2fconfig set size:undefined disposed:false
2171 http fetch GET 200 https://registry.npmjs.org/@babel%2ftemplate 1805ms (cache miss)
2172 silly packumentCache corgi:https://registry.npmjs.org/@babel%2ftemplate set size:undefined disposed:false
2173 http fetch GET 200 https://registry.npmjs.org/@expo%2fenv 1809ms (cache miss)
2174 silly packumentCache corgi:https://registry.npmjs.org/@expo%2fenv set size:undefined disposed:false
2175 http fetch GET 200 https://registry.npmjs.org/@babel%2ftypes 1818ms (cache miss)
2176 silly packumentCache corgi:https://registry.npmjs.org/@babel%2ftypes set size:undefined disposed:false
2177 http fetch GET 200 https://registry.npmjs.org/@expo%2fcli 1820ms (cache miss)
2178 silly packumentCache corgi:https://registry.npmjs.org/@expo%2fcli set size:undefined disposed:false
2179 http fetch GET 200 https://registry.npmjs.org/@babel%2fplugin-transform-unicode-regex 1827ms (cache miss)
2180 silly packumentCache corgi:https://registry.npmjs.org/@babel%2fplugin-transform-unicode-regex set size:undefined disposed:false
2181 http fetch GET 200 https://registry.npmjs.org/@babel%2fpreset-typescript 1828ms (cache miss)
2182 silly packumentCache corgi:https://registry.npmjs.org/@babel%2fpreset-typescript set size:undefined disposed:false
2183 http fetch GET 200 https://registry.npmjs.org/@babel%2fruntime 1831ms (cache miss)
2184 silly packumentCache corgi:https://registry.npmjs.org/@babel%2fruntime set size:undefined disposed:false
2185 http fetch GET 200 https://registry.npmjs.org/@babel%2ftraverse 1832ms (cache miss)
2186 silly packumentCache corgi:https://registry.npmjs.org/@babel%2ftraverse set size:undefined disposed:false
2187 http fetch GET 200 https://registry.npmjs.org/@babel%2fplugin-transform-shorthand-properties 1835ms (cache miss)
2188 silly packumentCache corgi:https://registry.npmjs.org/@babel%2fplugin-transform-shorthand-properties set size:undefined disposed:false
2189 http fetch GET 200 https://registry.npmjs.org/@babel%2fplugin-transform-regenerator 1837ms (cache miss)
2190 silly packumentCache corgi:https://registry.npmjs.org/@babel%2fplugin-transform-regenerator set size:undefined disposed:false
2191 http fetch GET 200 https://registry.npmjs.org/@babel%2fplugin-transform-sticky-regex 1840ms (cache miss)
2192 silly packumentCache corgi:https://registry.npmjs.org/@babel%2fplugin-transform-sticky-regex set size:undefined disposed:false
2193 http fetch GET 200 https://registry.npmjs.org/@babel%2fplugin-transform-typescript 1841ms (cache miss)
2194 silly packumentCache corgi:https://registry.npmjs.org/@babel%2fplugin-transform-typescript set size:undefined disposed:false
2195 http fetch GET 200 https://registry.npmjs.org/@babel%2fplugin-transform-react-pure-annotations 1843ms (cache miss)
2196 silly packumentCache corgi:https://registry.npmjs.org/@babel%2fplugin-transform-react-pure-annotations set size:undefined disposed:false
2197 http fetch GET 200 https://registry.npmjs.org/@babel%2fplugin-transform-react-jsx 1844ms (cache miss)
2198 silly packumentCache corgi:https://registry.npmjs.org/@babel%2fplugin-transform-react-jsx set size:undefined disposed:false
2199 http fetch GET 200 https://registry.npmjs.org/@babel%2fplugin-transform-spread 1848ms (cache miss)
2200 silly packumentCache corgi:https://registry.npmjs.org/@babel%2fplugin-transform-spread set size:undefined disposed:false
2201 http fetch GET 200 https://registry.npmjs.org/@babel%2fplugin-transform-react-jsx-self 1850ms (cache miss)
2202 silly packumentCache corgi:https://registry.npmjs.org/@babel%2fplugin-transform-react-jsx-self set size:undefined disposed:false
2203 http fetch GET 200 https://registry.npmjs.org/@babel%2fplugin-transform-react-jsx-source 1852ms (cache miss)
2204 silly packumentCache corgi:https://registry.npmjs.org/@babel%2fplugin-transform-react-jsx-source set size:undefined disposed:false
2205 http fetch GET 200 https://registry.npmjs.org/@babel%2fplugin-transform-private-property-in-object 1853ms (cache miss)
2206 silly packumentCache corgi:https://registry.npmjs.org/@babel%2fplugin-transform-private-property-in-object set size:undefined disposed:false
2207 http fetch GET 200 https://registry.npmjs.org/@babel%2fplugin-transform-react-display-name 1856ms (cache miss)
2208 silly packumentCache corgi:https://registry.npmjs.org/@babel%2fplugin-transform-react-display-name set size:undefined disposed:false
2209 http fetch GET 200 https://registry.npmjs.org/@babel%2fplugin-transform-optional-chaining 1857ms (cache miss)
2210 silly packumentCache corgi:https://registry.npmjs.org/@babel%2fplugin-transform-optional-chaining set size:undefined disposed:false
2211 http fetch GET 200 https://registry.npmjs.org/@babel%2fplugin-transform-react-jsx-development 1866ms (cache miss)
2212 silly packumentCache corgi:https://registry.npmjs.org/@babel%2fplugin-transform-react-jsx-development set size:undefined disposed:false
2213 http fetch GET 200 https://registry.npmjs.org/@babel%2fplugin-transform-runtime 1881ms (cache miss)
2214 silly packumentCache corgi:https://registry.npmjs.org/@babel%2fplugin-transform-runtime set size:undefined disposed:false
2215 http fetch GET 200 https://registry.npmjs.org/@babel%2fplugin-transform-private-methods 1886ms (cache miss)
2216 silly packumentCache corgi:https://registry.npmjs.org/@babel%2fplugin-transform-private-methods set size:undefined disposed:false
2217 http fetch GET 200 https://registry.npmjs.org/@babel%2fplugin-transform-optional-catch-binding 1891ms (cache miss)
2218 silly packumentCache corgi:https://registry.npmjs.org/@babel%2fplugin-transform-optional-catch-binding set size:undefined disposed:false
2219 http fetch GET 200 https://registry.npmjs.org/@babel%2fplugin-transform-numeric-separator 1893ms (cache miss)
2220 silly packumentCache corgi:https://registry.npmjs.org/@babel%2fplugin-transform-numeric-separator set size:undefined disposed:false
2221 http fetch GET 200 https://registry.npmjs.org/@babel%2fplugin-transform-logical-assignment-operators 1897ms (cache miss)
2222 silly packumentCache corgi:https://registry.npmjs.org/@babel%2fplugin-transform-logical-assignment-operators set size:undefined disposed:false
2223 http fetch GET 200 https://registry.npmjs.org/@babel%2fplugin-transform-object-rest-spread 1900ms (cache miss)
2224 silly packumentCache corgi:https://registry.npmjs.org/@babel%2fplugin-transform-object-rest-spread set size:undefined disposed:false
2225 http fetch GET 200 https://registry.npmjs.org/@babel%2fpreset-react 1901ms (cache miss)
2226 silly packumentCache corgi:https://registry.npmjs.org/@babel%2fpreset-react set size:undefined disposed:false
2227 http fetch GET 200 https://registry.npmjs.org/@babel%2fplugin-transform-parameters 1903ms (cache miss)
2228 silly packumentCache corgi:https://registry.npmjs.org/@babel%2fplugin-transform-parameters set size:undefined disposed:false
2229 http fetch GET 200 https://registry.npmjs.org/@babel%2fplugin-transform-export-namespace-from 1905ms (cache miss)
2230 silly packumentCache corgi:https://registry.npmjs.org/@babel%2fplugin-transform-export-namespace-from set size:undefined disposed:false
2231 http fetch GET 200 https://registry.npmjs.org/@react-native%2fbabel-preset 1907ms (cache miss)
2232 silly packumentCache corgi:https://registry.npmjs.org/@react-native%2fbabel-preset set size:undefined disposed:false
2233 http fetch GET 200 https://registry.npmjs.org/@babel%2fplugin-transform-nullish-coalescing-operator 1919ms (cache miss)
2234 silly packumentCache corgi:https://registry.npmjs.org/@babel%2fplugin-transform-nullish-coalescing-operator set size:undefined disposed:false
2235 http fetch GET 200 https://registry.npmjs.org/@babel%2fplugin-transform-computed-properties 1923ms (cache miss)
2236 silly packumentCache corgi:https://registry.npmjs.org/@babel%2fplugin-transform-computed-properties set size:undefined disposed:false
2237 http fetch GET 200 https://registry.npmjs.org/@babel%2fplugin-transform-named-capturing-groups-regex 1924ms (cache miss)
2238 silly packumentCache corgi:https://registry.npmjs.org/@babel%2fplugin-transform-named-capturing-groups-regex set size:undefined disposed:false
2239 http fetch GET 200 https://registry.npmjs.org/@babel%2fplugin-transform-function-name 1925ms (cache miss)
2240 silly packumentCache corgi:https://registry.npmjs.org/@babel%2fplugin-transform-function-name set size:undefined disposed:false
2241 http fetch GET 200 https://registry.npmjs.org/@babel%2fplugin-transform-class-static-block 1929ms (cache miss)
2242 silly packumentCache corgi:https://registry.npmjs.org/@babel%2fplugin-transform-class-static-block set size:undefined disposed:false
2243 http fetch GET 200 https://registry.npmjs.org/@babel%2fplugin-transform-modules-commonjs 1930ms (cache miss)
2244 silly packumentCache corgi:https://registry.npmjs.org/@babel%2fplugin-transform-modules-commonjs set size:undefined disposed:false
2245 http fetch GET 200 https://registry.npmjs.org/@babel%2fplugin-syntax-top-level-await 1933ms (cache miss)
2246 silly packumentCache corgi:https://registry.npmjs.org/@babel%2fplugin-syntax-top-level-await set size:undefined disposed:false
2247 http fetch GET 200 https://registry.npmjs.org/@babel%2fplugin-transform-class-properties 1935ms (cache miss)
2248 silly packumentCache corgi:https://registry.npmjs.org/@babel%2fplugin-transform-class-properties set size:undefined disposed:false
2249 http fetch GET 200 https://registry.npmjs.org/@babel%2fplugin-transform-arrow-functions 1938ms (cache miss)
2250 silly packumentCache corgi:https://registry.npmjs.org/@babel%2fplugin-transform-arrow-functions set size:undefined disposed:false
2251 http fetch GET 200 https://registry.npmjs.org/@babel%2fplugin-transform-async-to-generator 1940ms (cache miss)
2252 silly packumentCache corgi:https://registry.npmjs.org/@babel%2fplugin-transform-async-to-generator set size:undefined disposed:false
2253 http fetch GET 200 https://registry.npmjs.org/@babel%2fplugin-transform-async-generator-functions 1943ms (cache miss)
2254 silly packumentCache corgi:https://registry.npmjs.org/@babel%2fplugin-transform-async-generator-functions set size:undefined disposed:false
2255 http fetch GET 200 https://registry.npmjs.org/@babel%2fplugin-transform-destructuring 1944ms (cache miss)
2256 silly packumentCache corgi:https://registry.npmjs.org/@babel%2fplugin-transform-destructuring set size:undefined disposed:false
2257 http fetch GET 200 https://registry.npmjs.org/@babel%2fplugin-transform-block-scoping 1946ms (cache miss)
2258 silly packumentCache corgi:https://registry.npmjs.org/@babel%2fplugin-transform-block-scoping set size:undefined disposed:false
2259 http fetch GET 200 https://registry.npmjs.org/@babel%2fplugin-transform-for-of 1946ms (cache miss)
2260 silly packumentCache corgi:https://registry.npmjs.org/@babel%2fplugin-transform-for-of set size:undefined disposed:false
2261 http fetch GET 200 https://registry.npmjs.org/@babel%2fplugin-syntax-private-property-in-object 1946ms (cache miss)
2262 silly packumentCache corgi:https://registry.npmjs.org/@babel%2fplugin-syntax-private-property-in-object set size:undefined disposed:false
2263 http fetch GET 200 https://registry.npmjs.org/@babel%2fplugin-transform-classes 1949ms (cache miss)
2264 silly packumentCache corgi:https://registry.npmjs.org/@babel%2fplugin-transform-classes set size:undefined disposed:false
2265 http fetch GET 200 https://registry.npmjs.org/@babel%2fplugin-syntax-optional-chaining 1949ms (cache miss)
2266 silly packumentCache corgi:https://registry.npmjs.org/@babel%2fplugin-syntax-optional-chaining set size:undefined disposed:false
2267 http fetch GET 200 https://registry.npmjs.org/@babel%2fplugin-syntax-object-rest-spread 1951ms (cache miss)
2268 silly packumentCache corgi:https://registry.npmjs.org/@babel%2fplugin-syntax-object-rest-spread set size:undefined disposed:false
2269 http fetch GET 200 https://registry.npmjs.org/@babel%2fplugin-syntax-typescript 1951ms (cache miss)
2270 silly packumentCache corgi:https://registry.npmjs.org/@babel%2fplugin-syntax-typescript set size:undefined disposed:false
2271 http fetch GET 200 https://registry.npmjs.org/@babel%2fplugin-syntax-numeric-separator 1952ms (cache miss)
2272 silly packumentCache corgi:https://registry.npmjs.org/@babel%2fplugin-syntax-numeric-separator set size:undefined disposed:false
2273 http fetch GET 200 https://registry.npmjs.org/@babel%2fplugin-syntax-optional-catch-binding 1953ms (cache miss)
2274 silly packumentCache corgi:https://registry.npmjs.org/@babel%2fplugin-syntax-optional-catch-binding set size:undefined disposed:false
2275 http fetch GET 200 https://registry.npmjs.org/@babel%2fplugin-syntax-json-strings 1958ms (cache miss)
2276 silly packumentCache corgi:https://registry.npmjs.org/@babel%2fplugin-syntax-json-strings set size:undefined disposed:false
2277 http fetch GET 200 https://registry.npmjs.org/@babel%2fplugin-transform-flow-strip-types 1961ms (cache miss)
2278 silly packumentCache corgi:https://registry.npmjs.org/@babel%2fplugin-transform-flow-strip-types set size:undefined disposed:false
2279 http fetch GET 200 https://registry.npmjs.org/@babel%2fplugin-syntax-logical-assignment-operators 1964ms (cache miss)
2280 silly packumentCache corgi:https://registry.npmjs.org/@babel%2fplugin-syntax-logical-assignment-operators set size:undefined disposed:false
2281 http fetch GET 200 https://registry.npmjs.org/@babel%2fplugin-syntax-import-attributes 1964ms (cache miss)
2282 silly packumentCache corgi:https://registry.npmjs.org/@babel%2fplugin-syntax-import-attributes set size:undefined disposed:false
2283 http fetch GET 200 https://registry.npmjs.org/@babel%2fplugin-syntax-nullish-coalescing-operator 1968ms (cache miss)
2284 silly packumentCache corgi:https://registry.npmjs.org/@babel%2fplugin-syntax-nullish-coalescing-operator set size:undefined disposed:false
2285 http fetch GET 200 https://registry.npmjs.org/@babel%2fplugin-syntax-flow 1968ms (cache miss)
2286 silly packumentCache corgi:https://registry.npmjs.org/@babel%2fplugin-syntax-flow set size:undefined disposed:false
2287 http fetch GET 200 https://registry.npmjs.org/@babel%2fplugin-syntax-jsx 1970ms (cache miss)
2288 silly packumentCache corgi:https://registry.npmjs.org/@babel%2fplugin-syntax-jsx set size:undefined disposed:false
2289 http fetch GET 200 https://registry.npmjs.org/@babel%2fplugin-syntax-class-static-block 1976ms (cache miss)
2290 silly packumentCache corgi:https://registry.npmjs.org/@babel%2fplugin-syntax-class-static-block set size:undefined disposed:false
2291 http fetch GET 200 https://registry.npmjs.org/@babel%2fplugin-syntax-import-meta 1980ms (cache miss)
2292 silly packumentCache corgi:https://registry.npmjs.org/@babel%2fplugin-syntax-import-meta set size:undefined disposed:false
2293 http fetch GET 200 https://registry.npmjs.org/@babel%2fplugin-syntax-export-default-from 1985ms (cache miss)
2294 silly packumentCache corgi:https://registry.npmjs.org/@babel%2fplugin-syntax-export-default-from set size:undefined disposed:false
2295 http fetch GET 200 https://registry.npmjs.org/@babel%2fplugin-syntax-decorators 1986ms (cache miss)
2296 silly packumentCache corgi:https://registry.npmjs.org/@babel%2fplugin-syntax-decorators set size:undefined disposed:false
2297 http fetch GET 200 https://registry.npmjs.org/@babel%2fplugin-syntax-bigint 1987ms (cache miss)
2298 silly packumentCache corgi:https://registry.npmjs.org/@babel%2fplugin-syntax-bigint set size:undefined disposed:false
2299 http fetch GET 200 https://registry.npmjs.org/@babel%2fplugin-syntax-dynamic-import 1988ms (cache miss)
2300 silly packumentCache corgi:https://registry.npmjs.org/@babel%2fplugin-syntax-dynamic-import set size:undefined disposed:false
2301 http fetch GET 200 https://registry.npmjs.org/@babel%2fplugin-syntax-class-properties 1988ms (cache miss)
2302 silly packumentCache corgi:https://registry.npmjs.org/@babel%2fplugin-syntax-class-properties set size:undefined disposed:false
2303 http fetch GET 200 https://registry.npmjs.org/@babel%2fplugin-transform-literals 1989ms (cache miss)
2304 silly packumentCache corgi:https://registry.npmjs.org/@babel%2fplugin-transform-literals set size:undefined disposed:false
2305 http fetch GET 200 https://registry.npmjs.org/@babel%2fplugin-syntax-async-generators 1999ms (cache miss)
2306 silly packumentCache corgi:https://registry.npmjs.org/@babel%2fplugin-syntax-async-generators set size:undefined disposed:false
2307 http fetch GET 200 https://registry.npmjs.org/@babel%2fplugin-proposal-export-default-from 2006ms (cache miss)
2308 silly packumentCache corgi:https://registry.npmjs.org/@babel%2fplugin-proposal-export-default-from set size:undefined disposed:false
2309 http fetch GET 200 https://registry.npmjs.org/@babel%2fparser 2012ms (cache miss)
2310 silly packumentCache corgi:https://registry.npmjs.org/@babel%2fparser set size:undefined disposed:false
2311 http fetch GET 200 https://registry.npmjs.org/@babel%2fhelper-string-parser 2014ms (cache miss)
2312 silly packumentCache corgi:https://registry.npmjs.org/@babel%2fhelper-string-parser set size:undefined disposed:false
2313 http fetch GET 200 https://registry.npmjs.org/@babel%2fhelpers 2016ms (cache miss)
2314 silly packumentCache corgi:https://registry.npmjs.org/@babel%2fhelpers set size:undefined disposed:false
2315 http fetch GET 200 https://registry.npmjs.org/@babel%2fhelper-validator-identifier 2020ms (cache miss)
2316 silly packumentCache corgi:https://registry.npmjs.org/@babel%2fhelper-validator-identifier set size:undefined disposed:false
2317 http fetch GET 200 https://registry.npmjs.org/@babel%2fhelper-skip-transparent-expression-wrappers 2023ms (cache miss)
2318 silly packumentCache corgi:https://registry.npmjs.org/@babel%2fhelper-skip-transparent-expression-wrappers set size:undefined disposed:false
2319 http fetch GET 200 https://registry.npmjs.org/@babel%2fplugin-proposal-decorators 2026ms (cache miss)
2320 silly packumentCache corgi:https://registry.npmjs.org/@babel%2fplugin-proposal-decorators set size:undefined disposed:false
2321 http fetch GET 200 https://registry.npmjs.org/@babel%2fhelper-plugin-utils 2028ms (cache miss)
2322 silly packumentCache corgi:https://registry.npmjs.org/@babel%2fhelper-plugin-utils set size:undefined disposed:false
2323 http fetch GET 200 https://registry.npmjs.org/@babel%2fhelper-validator-option 2028ms (cache miss)
2324 silly packumentCache corgi:https://registry.npmjs.org/@babel%2fhelper-validator-option set size:undefined disposed:false
2325 http fetch GET 200 https://registry.npmjs.org/@babel%2fhighlight 2029ms (cache miss)
2326 silly packumentCache corgi:https://registry.npmjs.org/@babel%2fhighlight set size:undefined disposed:false
2327 http fetch GET 200 https://registry.npmjs.org/@babel%2fhelper-optimise-call-expression 2030ms (cache miss)
2328 silly packumentCache corgi:https://registry.npmjs.org/@babel%2fhelper-optimise-call-expression set size:undefined disposed:false
2329 http fetch GET 200 https://registry.npmjs.org/@babel%2fhelper-replace-supers 2033ms (cache miss)
2330 silly packumentCache corgi:https://registry.npmjs.org/@babel%2fhelper-replace-supers set size:undefined disposed:false
2331 http fetch GET 200 https://registry.npmjs.org/@babel%2fhelper-remap-async-to-generator 2047ms (cache miss)
2332 silly packumentCache corgi:https://registry.npmjs.org/@babel%2fhelper-remap-async-to-generator set size:undefined disposed:false
2333 http fetch GET 200 https://registry.npmjs.org/@babel%2fhelper-wrap-function 2078ms (cache miss)
2334 silly packumentCache corgi:https://registry.npmjs.org/@babel%2fhelper-wrap-function set size:undefined disposed:false
2335 http fetch GET 200 https://registry.npmjs.org/strip-ansi 2080ms (cache miss)
2336 silly packumentCache corgi:https://registry.npmjs.org/strip-ansi set size:undefined disposed:false
2337 http fetch GET 200 https://registry.npmjs.org/@babel%2fhelper-globals 2082ms (cache miss)
2338 silly packumentCache corgi:https://registry.npmjs.org/@babel%2fhelper-globals set size:undefined disposed:false
2339 http fetch GET 200 https://registry.npmjs.org/universalify 2081ms (cache miss)
2340 silly packumentCache corgi:https://registry.npmjs.org/universalify set size:undefined disposed:false
2341 http fetch GET 200 https://registry.npmjs.org/signal-exit 2082ms (cache miss)
2342 silly packumentCache corgi:https://registry.npmjs.org/signal-exit set size:undefined disposed:false
2343 http fetch GET 200 https://registry.npmjs.org/@babel%2fhelper-define-polyfill-provider 2084ms (cache miss)
2344 silly packumentCache corgi:https://registry.npmjs.org/@babel%2fhelper-define-polyfill-provider set size:undefined disposed:false
2345 http fetch GET 200 https://registry.npmjs.org/@babel%2fhelper-create-regexp-features-plugin 2086ms (cache miss)
2346 silly packumentCache corgi:https://registry.npmjs.org/@babel%2fhelper-create-regexp-features-plugin set size:undefined disposed:false
2347 http fetch GET 200 https://registry.npmjs.org/@babel%2fhelper-annotate-as-pure 2086ms (cache miss)
2348 silly packumentCache corgi:https://registry.npmjs.org/@babel%2fhelper-annotate-as-pure set size:undefined disposed:false
2349 http fetch GET 200 https://registry.npmjs.org/@babel%2fhelper-module-transforms 2088ms (cache miss)
2350 silly packumentCache corgi:https://registry.npmjs.org/@babel%2fhelper-module-transforms set size:undefined disposed:false
2351 http fetch GET 200 https://registry.npmjs.org/@babel%2fhelper-member-expression-to-functions 2089ms (cache miss)
2352 silly packumentCache corgi:https://registry.npmjs.org/@babel%2fhelper-member-expression-to-functions set size:undefined disposed:false
2353 http fetch GET 200 https://registry.npmjs.org/@babel%2fhelper-compilation-targets 2100ms (cache miss)
2354 silly packumentCache corgi:https://registry.npmjs.org/@babel%2fhelper-compilation-targets set size:undefined disposed:false
2355 http fetch GET 200 https://registry.npmjs.org/@babel%2fhelper-module-imports 2106ms (cache miss)
2356 silly packumentCache corgi:https://registry.npmjs.org/@babel%2fhelper-module-imports set size:undefined disposed:false
2357 http fetch GET 200 https://registry.npmjs.org/@0no-co%2fgraphql.web 2107ms (cache miss)
2358 silly packumentCache corgi:https://registry.npmjs.org/@0no-co%2fgraphql.web set size:undefined disposed:false
2359 http fetch GET 200 https://registry.npmjs.org/@babel%2fcode-frame 2111ms (cache miss)
2360 silly packumentCache corgi:https://registry.npmjs.org/@babel%2fcode-frame set size:undefined disposed:false
2361 http fetch GET 200 https://registry.npmjs.org/@babel%2fhelper-create-class-features-plugin 2116ms (cache miss)
2362 silly packumentCache corgi:https://registry.npmjs.org/@babel%2fhelper-create-class-features-plugin set size:undefined disposed:false
2363 http fetch GET 200 https://registry.npmjs.org/@babel%2fgenerator 2119ms (cache miss)
2364 silly packumentCache corgi:https://registry.npmjs.org/@babel%2fgenerator set size:undefined disposed:false
2365 http fetch GET 200 https://registry.npmjs.org/brace-expansion 2120ms (cache miss)
2366 silly packumentCache corgi:https://registry.npmjs.org/brace-expansion set size:undefined disposed:false
2367 http fetch GET 200 https://registry.npmjs.org/strip-ansi 2120ms (cache miss)
2368 silly packumentCache corgi:https://registry.npmjs.org/strip-ansi set size:undefined disposed:false
2369 http fetch GET 200 https://registry.npmjs.org/strip-ansi 2121ms (cache miss)
2370 silly packumentCache corgi:https://registry.npmjs.org/strip-ansi set size:undefined disposed:false
2371 http fetch GET 200 https://registry.npmjs.org/yallist 2121ms (cache miss)
2372 silly packumentCache corgi:https://registry.npmjs.org/yallist set size:undefined disposed:false
2373 http fetch GET 200 https://registry.npmjs.org/webidl-conversions 2122ms (cache miss)
2374 silly packumentCache corgi:https://registry.npmjs.org/webidl-conversions set size:undefined disposed:false
2375 http fetch GET 200 https://registry.npmjs.org/ansi-regex 2123ms (cache miss)
2376 silly packumentCache corgi:https://registry.npmjs.org/ansi-regex set size:undefined disposed:false
2377 http fetch GET 200 https://registry.npmjs.org/picomatch 2124ms (cache miss)
2378 silly packumentCache corgi:https://registry.npmjs.org/picomatch set size:undefined disposed:false
2379 http fetch GET 200 https://registry.npmjs.org/xmlbuilder 2125ms (cache miss)
2380 silly packumentCache corgi:https://registry.npmjs.org/xmlbuilder set size:undefined disposed:false
2381 http fetch GET 200 https://registry.npmjs.org/uuid 2125ms (cache miss)
2382 silly packumentCache corgi:https://registry.npmjs.org/uuid set size:undefined disposed:false
2383 http fetch GET 200 https://registry.npmjs.org/@babel%2fcore 2127ms (cache miss)
2384 silly packumentCache corgi:https://registry.npmjs.org/@babel%2fcore set size:undefined disposed:false
2385 http fetch GET 200 https://registry.npmjs.org/semver 2128ms (cache miss)
2386 silly packumentCache corgi:https://registry.npmjs.org/semver set size:undefined disposed:false
2387 http fetch GET 200 https://registry.npmjs.org/commander 2129ms (cache miss)
2388 silly packumentCache corgi:https://registry.npmjs.org/commander set size:undefined disposed:false
2389 http fetch GET 200 https://registry.npmjs.org/minimatch 2131ms (cache miss)
2390 silly packumentCache corgi:https://registry.npmjs.org/minimatch set size:undefined disposed:false
2391 http fetch GET 200 https://registry.npmjs.org/glob 2131ms (cache miss)
2392 silly packumentCache corgi:https://registry.npmjs.org/glob set size:undefined disposed:false
2393 http fetch GET 200 https://registry.npmjs.org/@babel%2fcompat-data 2133ms (cache miss)
2394 silly packumentCache corgi:https://registry.npmjs.org/@babel%2fcompat-data set size:undefined disposed:false
2395 http fetch GET 200 https://registry.npmjs.org/type-fest 2135ms (cache miss)
2396 silly packumentCache corgi:https://registry.npmjs.org/type-fest set size:undefined disposed:false
2397 http fetch GET 200 https://registry.npmjs.org/statuses 2142ms (cache miss)
2398 silly packumentCache corgi:https://registry.npmjs.org/statuses set size:undefined disposed:false
2399 http fetch GET 200 https://registry.npmjs.org/source-map 2144ms (cache miss)
2400 silly packumentCache corgi:https://registry.npmjs.org/source-map set size:undefined disposed:false
2401 http fetch GET 200 https://registry.npmjs.org/bplist-parser 2146ms (cache miss)
2402 silly packumentCache corgi:https://registry.npmjs.org/bplist-parser set size:undefined disposed:false
2403 http fetch GET 200 https://registry.npmjs.org/escape-string-regexp 2146ms (cache miss)
2404 silly packumentCache corgi:https://registry.npmjs.org/escape-string-regexp set size:undefined disposed:false
2405 http fetch GET 200 https://registry.npmjs.org/strip-ansi 2147ms (cache miss)
2406 silly packumentCache corgi:https://registry.npmjs.org/strip-ansi set size:undefined disposed:false
2407 http fetch GET 200 https://registry.npmjs.org/encodeurl 2146ms (cache miss)
2408 silly packumentCache corgi:https://registry.npmjs.org/encodeurl set size:undefined disposed:false
2409 http fetch GET 200 https://registry.npmjs.org/encodeurl 2148ms (cache miss)
2410 silly packumentCache corgi:https://registry.npmjs.org/encodeurl set size:undefined disposed:false
2411 http fetch GET 200 https://registry.npmjs.org/on-finished 2147ms (cache miss)
2412 silly packumentCache corgi:https://registry.npmjs.org/on-finished set size:undefined disposed:false
2413 http fetch GET 200 https://registry.npmjs.org/debug 2149ms (cache miss)
2414 silly packumentCache corgi:https://registry.npmjs.org/debug set size:undefined disposed:false
2415 http fetch GET 200 https://registry.npmjs.org/yallist 2149ms (cache miss)
2416 silly packumentCache corgi:https://registry.npmjs.org/yallist set size:undefined disposed:false
2417 http fetch GET 200 https://registry.npmjs.org/mimic-fn 2150ms (cache miss)
2418 silly packumentCache corgi:https://registry.npmjs.org/mimic-fn set size:undefined disposed:false
2419 http fetch GET 200 https://registry.npmjs.org/commander 2151ms (cache miss)
2420 silly packumentCache corgi:https://registry.npmjs.org/commander set size:undefined disposed:false
2421 http fetch GET 200 https://registry.npmjs.org/ms 2151ms (cache miss)
2422 silly packumentCache corgi:https://registry.npmjs.org/ms set size:undefined disposed:false
2423 http fetch GET 200 https://registry.npmjs.org/lru-cache 2152ms (cache miss)
2424 silly packumentCache corgi:https://registry.npmjs.org/lru-cache set size:undefined disposed:false
2425 http fetch GET 200 https://registry.npmjs.org/type-fest 2155ms (cache miss)
2426 silly packumentCache corgi:https://registry.npmjs.org/type-fest set size:undefined disposed:false
2427 http fetch GET 200 https://registry.npmjs.org/memoize-one 2167ms (cache miss)
2428 silly packumentCache corgi:https://registry.npmjs.org/memoize-one set size:undefined disposed:false
2429 http fetch GET 200 https://registry.npmjs.org/strip-ansi 2171ms (cache miss)
2430 silly packumentCache corgi:https://registry.npmjs.org/strip-ansi set size:undefined disposed:false
2431 http fetch GET 200 https://registry.npmjs.org/onetime 2172ms (cache miss)
2432 silly packumentCache corgi:https://registry.npmjs.org/onetime set size:undefined disposed:false
2433 http fetch GET 200 https://registry.npmjs.org/supports-color 2175ms (cache miss)
2434 silly packumentCache corgi:https://registry.npmjs.org/supports-color set size:undefined disposed:false
2435 http fetch GET 200 https://registry.npmjs.org/write-file-atomic 2207ms (cache miss)
2436 silly packumentCache corgi:https://registry.npmjs.org/write-file-atomic set size:undefined disposed:false
2437 http fetch GET 200 https://registry.npmjs.org/minimatch 2226ms (cache miss)
2438 silly packumentCache corgi:https://registry.npmjs.org/minimatch set size:undefined disposed:false
2439 http fetch GET 200 https://registry.npmjs.org/picomatch 2228ms (cache miss)
2440 silly packumentCache corgi:https://registry.npmjs.org/picomatch set size:undefined disposed:false
2441 http fetch GET 200 https://registry.npmjs.org/ws 2230ms (cache miss)
2442 silly packumentCache corgi:https://registry.npmjs.org/ws set size:undefined disposed:false
2443 http fetch GET 200 https://registry.npmjs.org/brace-expansion 2234ms (cache miss)
2444 silly packumentCache corgi:https://registry.npmjs.org/brace-expansion set size:undefined disposed:false
2445 http fetch GET 200 https://registry.npmjs.org/semver 2238ms (cache miss)
2446 silly packumentCache corgi:https://registry.npmjs.org/semver set size:undefined disposed:false
2447 http fetch GET 200 https://registry.npmjs.org/jest-regex-util 2239ms (cache miss)
2448 silly packumentCache corgi:https://registry.npmjs.org/jest-regex-util set size:undefined disposed:false
2449 http fetch GET 200 https://registry.npmjs.org/jest-util 2241ms (cache miss)
2450 silly packumentCache corgi:https://registry.npmjs.org/jest-util set size:undefined disposed:false
2451 http fetch GET 200 https://registry.npmjs.org/jest-worker 2243ms (cache miss)
2452 silly packumentCache corgi:https://registry.npmjs.org/jest-worker set size:undefined disposed:false
2453 http fetch GET 200 https://registry.npmjs.org/babel-plugin-istanbul 2244ms (cache miss)
2454 silly packumentCache corgi:https://registry.npmjs.org/babel-plugin-istanbul set size:undefined disposed:false
2455 http fetch GET 200 https://registry.npmjs.org/commander 2247ms (cache miss)
2456 silly packumentCache corgi:https://registry.npmjs.org/commander set size:undefined disposed:false
2457 http fetch GET 200 https://registry.npmjs.org/istanbul-lib-instrument 2248ms (cache miss)
2458 silly packumentCache corgi:https://registry.npmjs.org/istanbul-lib-instrument set size:undefined disposed:false
2459 http fetch GET 200 https://registry.npmjs.org/glob 2249ms (cache miss)
2460 silly packumentCache corgi:https://registry.npmjs.org/glob set size:undefined disposed:false
2461 http fetch GET 200 https://registry.npmjs.org/pretty-format 2286ms (cache miss)
2462 silly packumentCache corgi:https://registry.npmjs.org/pretty-format set size:undefined disposed:false
2463 http fetch GET 200 https://registry.npmjs.org/ansi-styles 2303ms (cache miss)
2464 silly packumentCache corgi:https://registry.npmjs.org/ansi-styles set size:undefined disposed:false
2465 http fetch GET 200 https://registry.npmjs.org/babel-preset-jest 2305ms (cache miss)
2466 silly packumentCache corgi:https://registry.npmjs.org/babel-preset-jest set size:undefined disposed:false
2467 http fetch GET 200 https://registry.npmjs.org/jest-mock 2306ms (cache miss)
2468 silly packumentCache corgi:https://registry.npmjs.org/jest-mock set size:undefined disposed:false
2469 http fetch GET 200 https://registry.npmjs.org/jest-message-util 2310ms (cache miss)
2470 silly packumentCache corgi:https://registry.npmjs.org/jest-message-util set size:undefined disposed:false
2471 http fetch GET 200 https://registry.npmjs.org/babel-plugin-jest-hoist 2314ms (cache miss)
2472 silly packumentCache corgi:https://registry.npmjs.org/babel-plugin-jest-hoist set size:undefined disposed:false
2473 http fetch GET 200 https://registry.npmjs.org/jest-environment-node 2315ms (cache miss)
2474 silly packumentCache corgi:https://registry.npmjs.org/jest-environment-node set size:undefined disposed:false
2475 http fetch GET 200 https://registry.npmjs.org/jest-haste-map 2323ms (cache miss)
2476 silly packumentCache corgi:https://registry.npmjs.org/jest-haste-map set size:undefined disposed:false
2477 http fetch GET 200 https://registry.npmjs.org/ansi-styles 2332ms (cache miss)
2478 silly packumentCache corgi:https://registry.npmjs.org/ansi-styles set size:undefined disposed:false
2479 http fetch GET 200 https://registry.npmjs.org/strip-json-comments 2333ms (cache miss)
2480 silly packumentCache corgi:https://registry.npmjs.org/strip-json-comments set size:undefined disposed:false
2481 http fetch GET 200 https://registry.npmjs.org/locate-path 2334ms (cache miss)
2482 silly packumentCache corgi:https://registry.npmjs.org/locate-path set size:undefined disposed:false
2483 http fetch GET 200 https://registry.npmjs.org/@jest%2fschemas 2336ms (cache miss)
2484 silly packumentCache corgi:https://registry.npmjs.org/@jest%2fschemas set size:undefined disposed:false
2485 http fetch GET 200 https://registry.npmjs.org/@sinonjs%2ffake-timers 2337ms (cache miss)
2486 silly packumentCache corgi:https://registry.npmjs.org/@sinonjs%2ffake-timers set size:undefined disposed:false
2487 http fetch GET 200 https://registry.npmjs.org/p-locate 2337ms (cache miss)
2488 silly packumentCache corgi:https://registry.npmjs.org/p-locate set size:undefined disposed:false
2489 http fetch GET 200 https://registry.npmjs.org/p-limit 2339ms (cache miss)
2490 silly packumentCache corgi:https://registry.npmjs.org/p-limit set size:undefined disposed:false
2491 http fetch GET 200 https://registry.npmjs.org/find-up 2338ms (cache miss)
2492 silly packumentCache corgi:https://registry.npmjs.org/find-up set size:undefined disposed:false
2493 http fetch GET 200 https://registry.npmjs.org/resolve 2342ms (cache miss)
2494 silly packumentCache corgi:https://registry.npmjs.org/resolve set size:undefined disposed:false
2495 http fetch GET 200 https://registry.npmjs.org/@react-native%2fnormalize-colors 2347ms (cache miss)
2496 silly packumentCache corgi:https://registry.npmjs.org/@react-native%2fnormalize-colors set size:undefined disposed:false
2497 http fetch GET 200 https://registry.npmjs.org/has-flag 2346ms (cache miss)
2498 silly packumentCache corgi:https://registry.npmjs.org/has-flag set size:undefined disposed:false
2499 http fetch GET 200 https://registry.npmjs.org/strip-ansi 2347ms (cache miss)
2500 silly packumentCache corgi:https://registry.npmjs.org/strip-ansi set size:undefined disposed:false
2501 http fetch GET 200 https://registry.npmjs.org/@jest%2ftypes 2349ms (cache miss)
2502 silly packumentCache corgi:https://registry.npmjs.org/@jest%2ftypes set size:undefined disposed:false
2503 http fetch GET 200 https://registry.npmjs.org/color-name 2349ms (cache miss)
2504 silly packumentCache corgi:https://registry.npmjs.org/color-name set size:undefined disposed:false
2505 http fetch GET 200 https://registry.npmjs.org/ws 2351ms (cache miss)
2506 silly packumentCache corgi:https://registry.npmjs.org/ws set size:undefined disposed:false
2507 http fetch GET 200 https://registry.npmjs.org/ansi-regex 2351ms (cache miss)
2508 silly packumentCache corgi:https://registry.npmjs.org/ansi-regex set size:undefined disposed:false
2509 http fetch GET 200 https://registry.npmjs.org/@jest%2ffake-timers 2353ms (cache miss)
2510 silly packumentCache corgi:https://registry.npmjs.org/@jest%2ffake-timers set size:undefined disposed:false
2511 http fetch GET 200 https://registry.npmjs.org/escape-string-regexp 2356ms (cache miss)
2512 silly packumentCache corgi:https://registry.npmjs.org/escape-string-regexp set size:undefined disposed:false
2513 http fetch GET 200 https://registry.npmjs.org/entities 2357ms (cache miss)
2514 silly packumentCache corgi:https://registry.npmjs.org/entities set size:undefined disposed:false
2515 http fetch GET 200 https://registry.npmjs.org/supports-color 2357ms (cache miss)
2516 silly packumentCache corgi:https://registry.npmjs.org/supports-color set size:undefined disposed:false
2517 http fetch GET 200 https://registry.npmjs.org/tr46 2358ms (cache miss)
2518 silly packumentCache corgi:https://registry.npmjs.org/tr46 set size:undefined disposed:false
2519 http fetch GET 200 https://registry.npmjs.org/webidl-conversions 2358ms (cache miss)
2520 silly packumentCache corgi:https://registry.npmjs.org/webidl-conversions set size:undefined disposed:false
2521 http fetch GET 200 https://registry.npmjs.org/@jest%2fenvironment 2360ms (cache miss)
2522 silly packumentCache corgi:https://registry.npmjs.org/@jest%2fenvironment set size:undefined disposed:false
2523 http fetch GET 200 https://registry.npmjs.org/babel-jest 2362ms (cache miss)
2524 silly packumentCache corgi:https://registry.npmjs.org/babel-jest set size:undefined disposed:false
2525 http fetch GET 200 https://registry.npmjs.org/chalk 2365ms (cache miss)
2526 silly packumentCache corgi:https://registry.npmjs.org/chalk set size:undefined disposed:false
2527 http fetch GET 200 https://registry.npmjs.org/mime-db 2366ms (cache miss)
2528 silly packumentCache corgi:https://registry.npmjs.org/mime-db set size:undefined disposed:false
2529 http fetch GET 200 https://registry.npmjs.org/ansi-styles 2367ms (cache miss)
2530 silly packumentCache corgi:https://registry.npmjs.org/ansi-styles set size:undefined disposed:false
2531 http fetch GET 200 https://registry.npmjs.org/@jest%2ftransform 2372ms (cache miss)
2532 silly packumentCache corgi:https://registry.npmjs.org/@jest%2ftransform set size:undefined disposed:false
2533 http fetch GET 200 https://registry.npmjs.org/color-convert 2372ms (cache miss)
2534 silly packumentCache corgi:https://registry.npmjs.org/color-convert set size:undefined disposed:false
2535 http fetch GET 200 https://registry.npmjs.org/whatwg-url 2374ms (cache miss)
2536 silly packumentCache corgi:https://registry.npmjs.org/whatwg-url set size:undefined disposed:false
2537 http fetch GET 200 https://registry.npmjs.org/lru-cache 2377ms (cache miss)
2538 silly packumentCache corgi:https://registry.npmjs.org/lru-cache set size:undefined disposed:false
2539 http fetch GET 200 https://registry.npmjs.org/source-map 2381ms (cache miss)
2540 silly packumentCache corgi:https://registry.npmjs.org/source-map set size:undefined disposed:false
2541 http fetch GET 200 https://registry.npmjs.org/source-map 2382ms (cache miss)
2542 silly packumentCache corgi:https://registry.npmjs.org/source-map set size:undefined disposed:false
2543 http fetch GET 200 https://registry.npmjs.org/picomatch 2384ms (cache miss)
2544 silly packumentCache corgi:https://registry.npmjs.org/picomatch set size:undefined disposed:false
2545 http fetch GET 200 https://registry.npmjs.org/picomatch 2385ms (cache miss)
2546 silly packumentCache corgi:https://registry.npmjs.org/picomatch set size:undefined disposed:false
2547 http fetch GET 200 https://registry.npmjs.org/supports-color 2386ms (cache miss)
2548 silly packumentCache corgi:https://registry.npmjs.org/supports-color set size:undefined disposed:false
2549 http fetch GET 200 https://registry.npmjs.org/@sinclair%2ftypebox 2390ms (cache miss)
2550 silly packumentCache corgi:https://registry.npmjs.org/@sinclair%2ftypebox set size:undefined disposed:false
2551 http fetch GET 200 https://registry.npmjs.org/ansi-styles 2392ms (cache miss)
2552 silly packumentCache corgi:https://registry.npmjs.org/ansi-styles set size:undefined disposed:false
2553 http fetch GET 200 https://registry.npmjs.org/yaml 2396ms (cache miss)
2554 silly packumentCache corgi:https://registry.npmjs.org/yaml set size:undefined disposed:false
2555 http fetch GET 200 https://registry.npmjs.org/@jest%2fschemas 2397ms (cache miss)
2556 silly packumentCache corgi:https://registry.npmjs.org/@jest%2fschemas set size:undefined disposed:false
2557 http fetch GET 200 https://registry.npmjs.org/camelcase 2398ms (cache miss)
2558 silly packumentCache corgi:https://registry.npmjs.org/camelcase set size:undefined disposed:false
2559 http fetch GET 200 https://registry.npmjs.org/jest-util 2399ms (cache miss)
2560 silly packumentCache corgi:https://registry.npmjs.org/jest-util set size:undefined disposed:false
2561 http fetch GET 200 https://registry.npmjs.org/jest-validate 2402ms (cache miss)
2562 silly packumentCache corgi:https://registry.npmjs.org/jest-validate set size:undefined disposed:false
2563 http fetch GET 200 https://registry.npmjs.org/https-proxy-agent 2407ms (cache miss)
2564 silly packumentCache corgi:https://registry.npmjs.org/https-proxy-agent set size:undefined disposed:false
2565 http fetch GET 200 https://registry.npmjs.org/jest-worker 2408ms (cache miss)
2566 silly packumentCache corgi:https://registry.npmjs.org/jest-worker set size:undefined disposed:false
2567 http fetch GET 200 https://registry.npmjs.org/@jest%2ftypes 2413ms (cache miss)
2568 silly packumentCache corgi:https://registry.npmjs.org/@jest%2ftypes set size:undefined disposed:false
2569 http fetch GET 200 https://registry.npmjs.org/hermes-estree 2418ms (cache miss)
2570 silly packumentCache corgi:https://registry.npmjs.org/hermes-estree set size:undefined disposed:false
2571 http fetch GET 200 https://registry.npmjs.org/hermes-parser 2421ms (cache miss)
2572 silly packumentCache corgi:https://registry.npmjs.org/hermes-parser set size:undefined disposed:false
2573 http fetch GET 200 https://registry.npmjs.org/@jest%2fschemas 2424ms (cache miss)
2574 silly packumentCache corgi:https://registry.npmjs.org/@jest%2fschemas set size:undefined disposed:false
2575 http fetch GET 200 https://registry.npmjs.org/ws 2431ms (cache miss)
2576 silly packumentCache corgi:https://registry.npmjs.org/ws set size:undefined disposed:false
2577 http fetch GET 200 https://registry.npmjs.org/agent-base 2434ms (cache miss)
2578 silly packumentCache corgi:https://registry.npmjs.org/agent-base set size:undefined disposed:false
2579 http fetch GET 200 https://registry.npmjs.org/@jest%2ftypes 2436ms (cache miss)
2580 silly packumentCache corgi:https://registry.npmjs.org/@jest%2ftypes set size:undefined disposed:false
2581 http fetch GET 200 https://registry.npmjs.org/pretty-format 2443ms (cache miss)
2582 silly packumentCache corgi:https://registry.npmjs.org/pretty-format set size:undefined disposed:false
2583 http fetch GET 200 https://registry.npmjs.org/supports-color 2443ms (cache miss)
2584 silly packumentCache corgi:https://registry.npmjs.org/supports-color set size:undefined disposed:false
2585 http fetch GET 200 https://registry.npmjs.org/picomatch 2445ms (cache miss)
2586 silly packumentCache corgi:https://registry.npmjs.org/picomatch set size:undefined disposed:false
2587 http fetch GET 200 https://registry.npmjs.org/@sinclair%2ftypebox 2449ms (cache miss)
2588 silly packumentCache corgi:https://registry.npmjs.org/@sinclair%2ftypebox set size:undefined disposed:false
2589 http fetch GET 200 https://registry.npmjs.org/ci-info 2453ms (cache miss)
2590 silly packumentCache corgi:https://registry.npmjs.org/ci-info set size:undefined disposed:false
2591 http fetch GET 200 https://registry.npmjs.org/hermes-estree 2455ms (cache miss)
2592 silly packumentCache corgi:https://registry.npmjs.org/hermes-estree set size:undefined disposed:false
2593 http fetch GET 200 https://registry.npmjs.org/@sinclair%2ftypebox 2458ms (cache miss)
2594 silly packumentCache corgi:https://registry.npmjs.org/@sinclair%2ftypebox set size:undefined disposed:false
2595 http fetch GET 200 https://registry.npmjs.org/react-is 2463ms (cache miss)
2596 silly packumentCache corgi:https://registry.npmjs.org/react-is set size:undefined disposed:false
2597 http fetch GET 200 https://registry.npmjs.org/ci-info 2467ms (cache miss)
2598 silly packumentCache corgi:https://registry.npmjs.org/ci-info set size:undefined disposed:false
2599 http fetch GET 200 https://registry.npmjs.org/jest-util 2468ms (cache miss)
2600 silly packumentCache corgi:https://registry.npmjs.org/jest-util set size:undefined disposed:false
2601 http fetch GET 200 https://registry.npmjs.org/has-flag 2470ms (cache miss)
2602 silly packumentCache corgi:https://registry.npmjs.org/has-flag set size:undefined disposed:false
2603 http fetch GET 200 https://registry.npmjs.org/jest-worker 2473ms (cache miss)
2604 silly packumentCache corgi:https://registry.npmjs.org/jest-worker set size:undefined disposed:false
2605 http fetch GET 200 https://registry.npmjs.org/ansi-styles 2474ms (cache miss)
2606 silly packumentCache corgi:https://registry.npmjs.org/ansi-styles set size:undefined disposed:false
2607 http fetch GET 200 https://registry.npmjs.org/supports-color 2475ms (cache miss)
2608 silly packumentCache corgi:https://registry.npmjs.org/supports-color set size:undefined disposed:false
2609 http fetch GET 200 https://registry.npmjs.org/escape-string-regexp 2475ms (cache miss)
2610 silly packumentCache corgi:https://registry.npmjs.org/escape-string-regexp set size:undefined disposed:false
2611 http fetch GET 200 https://registry.npmjs.org/@jest%2fschemas 2480ms (cache miss)
2612 silly packumentCache corgi:https://registry.npmjs.org/@jest%2fschemas set size:undefined disposed:false
2613 http fetch GET 200 https://registry.npmjs.org/@jest%2ftypes 2481ms (cache miss)
2614 silly packumentCache corgi:https://registry.npmjs.org/@jest%2ftypes set size:undefined disposed:false
2615 http fetch GET 200 https://registry.npmjs.org/hermes-parser 2483ms (cache miss)
2616 silly packumentCache corgi:https://registry.npmjs.org/hermes-parser set size:undefined disposed:false
2617 http fetch GET 200 https://registry.npmjs.org/color-name 2484ms (cache miss)
2618 silly packumentCache corgi:https://registry.npmjs.org/color-name set size:undefined disposed:false
2619 http fetch GET 200 https://registry.npmjs.org/scheduler 2492ms (cache miss)
2620 silly packumentCache corgi:https://registry.npmjs.org/scheduler set size:undefined disposed:false
2621 http fetch GET 200 https://registry.npmjs.org/chalk 2495ms (cache miss)
2622 silly packumentCache corgi:https://registry.npmjs.org/chalk set size:undefined disposed:false
2623 http fetch GET 200 https://registry.npmjs.org/slash 2497ms (cache miss)
2624 silly packumentCache corgi:https://registry.npmjs.org/slash set size:undefined disposed:false
2625 http fetch GET 200 https://registry.npmjs.org/@sinclair%2ftypebox 2498ms (cache miss)
2626 silly packumentCache corgi:https://registry.npmjs.org/@sinclair%2ftypebox set size:undefined disposed:false
2627 http fetch GET 200 https://registry.npmjs.org/source-map 2501ms (cache miss)
2628 silly packumentCache corgi:https://registry.npmjs.org/source-map set size:undefined disposed:false
2629 http fetch GET 200 https://registry.npmjs.org/debug 2502ms (cache miss)
2630 silly packumentCache corgi:https://registry.npmjs.org/debug set size:undefined disposed:false
2631 http fetch GET 200 https://registry.npmjs.org/char-regex 2503ms (cache miss)
2632 silly packumentCache corgi:https://registry.npmjs.org/char-regex set size:undefined disposed:false
2633 http fetch GET 200 https://registry.npmjs.org/string-length 2503ms (cache miss)
2634 silly packumentCache corgi:https://registry.npmjs.org/string-length set size:undefined disposed:false
2635 http fetch GET 200 https://registry.npmjs.org/ms 2504ms (cache miss)
2636 silly packumentCache corgi:https://registry.npmjs.org/ms set size:undefined disposed:false
2637 http fetch GET 200 https://registry.npmjs.org/strip-ansi 2507ms (cache miss)
2638 silly packumentCache corgi:https://registry.npmjs.org/strip-ansi set size:undefined disposed:false
2639 http fetch GET 200 https://registry.npmjs.org/string-length 2511ms (cache miss)
2640 silly packumentCache corgi:https://registry.npmjs.org/string-length set size:undefined disposed:false
2641 http fetch GET 200 https://registry.npmjs.org/pretty-format 2512ms (cache miss)
2642 silly packumentCache corgi:https://registry.npmjs.org/pretty-format set size:undefined disposed:false
2643 http fetch GET 200 https://registry.npmjs.org/ansi-escapes 2513ms (cache miss)
2644 silly packumentCache corgi:https://registry.npmjs.org/ansi-escapes set size:undefined disposed:false
2645 http fetch GET 200 https://registry.npmjs.org/jest-watcher 2515ms (cache miss)
2646 silly packumentCache corgi:https://registry.npmjs.org/jest-watcher set size:undefined disposed:false
2647 http fetch GET 200 https://registry.npmjs.org/ansi-styles 2516ms (cache miss)
2648 silly packumentCache corgi:https://registry.npmjs.org/ansi-styles set size:undefined disposed:false
2649 http fetch GET 200 https://registry.npmjs.org/picomatch 2518ms (cache miss)
2650 silly packumentCache corgi:https://registry.npmjs.org/picomatch set size:undefined disposed:false
2651 http fetch GET 200 https://registry.npmjs.org/jest-regex-util 2519ms (cache miss)
2652 silly packumentCache corgi:https://registry.npmjs.org/jest-regex-util set size:undefined disposed:false
2653 http fetch GET 200 https://registry.npmjs.org/jest-util 2521ms (cache miss)
2654 silly packumentCache corgi:https://registry.npmjs.org/jest-util set size:undefined disposed:false
2655 http fetch GET 200 https://registry.npmjs.org/ansi-escapes 2522ms (cache miss)
2656 silly packumentCache corgi:https://registry.npmjs.org/ansi-escapes set size:undefined disposed:false
2657 http fetch GET 200 https://registry.npmjs.org/@jest%2ftypes 2526ms (cache miss)
2658 silly packumentCache corgi:https://registry.npmjs.org/@jest%2ftypes set size:undefined disposed:false
2659 http fetch GET 200 https://registry.npmjs.org/slash 2529ms (cache miss)
2660 silly packumentCache corgi:https://registry.npmjs.org/slash set size:undefined disposed:false
2661 http fetch GET 200 https://registry.npmjs.org/scheduler 2534ms (cache miss)
2662 silly packumentCache corgi:https://registry.npmjs.org/scheduler set size:undefined disposed:false
2663 http fetch GET 200 https://registry.npmjs.org/color-convert 2543ms (cache miss)
2664 silly packumentCache corgi:https://registry.npmjs.org/color-convert set size:undefined disposed:false
2665 http fetch GET 200 https://registry.npmjs.org/chalk 2544ms (cache miss)
2666 silly packumentCache corgi:https://registry.npmjs.org/chalk set size:undefined disposed:false
2667 http fetch GET 200 https://registry.npmjs.org/picomatch 2555ms (cache miss)
2668 silly packumentCache corgi:https://registry.npmjs.org/picomatch set size:undefined disposed:false
2669 http fetch GET 200 https://registry.npmjs.org/@jest%2ftest-result 2558ms (cache miss)
2670 silly packumentCache corgi:https://registry.npmjs.org/@jest%2ftest-result set size:undefined disposed:false
2671 http fetch GET 200 https://registry.npmjs.org/slash 2559ms (cache miss)
2672 silly packumentCache corgi:https://registry.npmjs.org/slash set size:undefined disposed:false
2673 http fetch GET 200 https://registry.npmjs.org/ci-info 2561ms (cache miss)
2674 silly packumentCache corgi:https://registry.npmjs.org/ci-info set size:undefined disposed:false
2675 http fetch GET 200 https://registry.npmjs.org/jest-message-util 2562ms (cache miss)
2676 silly packumentCache corgi:https://registry.npmjs.org/jest-message-util set size:undefined disposed:false
2677 http fetch GET 200 https://registry.npmjs.org/@jest%2fschemas 2564ms (cache miss)
2678 silly packumentCache corgi:https://registry.npmjs.org/@jest%2fschemas set size:undefined disposed:false
2679 http fetch GET 200 https://registry.npmjs.org/source-map-support 2563ms (cache miss)
2680 silly packumentCache corgi:https://registry.npmjs.org/source-map-support set size:undefined disposed:false
2681 http fetch GET 200 https://registry.npmjs.org/semver 2566ms (cache miss)
2682 silly packumentCache corgi:https://registry.npmjs.org/semver set size:undefined disposed:false
2683 http fetch GET 200 https://registry.npmjs.org/lru-cache 2566ms (cache miss)
2684 silly packumentCache corgi:https://registry.npmjs.org/lru-cache set size:undefined disposed:false
2685 http fetch GET 200 https://registry.npmjs.org/@jest%2fconsole 2569ms (cache miss)
2686 silly packumentCache corgi:https://registry.npmjs.org/@jest%2fconsole set size:undefined disposed:false
2687 http fetch GET 200 https://registry.npmjs.org/@sinclair%2ftypebox 2570ms (cache miss)
2688 silly packumentCache corgi:https://registry.npmjs.org/@sinclair%2ftypebox set size:undefined disposed:false
2689 http fetch GET 200 https://registry.npmjs.org/camelcase 2576ms (cache miss)
2690 silly packumentCache corgi:https://registry.npmjs.org/camelcase set size:undefined disposed:false
2691 http fetch GET 200 https://registry.npmjs.org/write-file-atomic 2577ms (cache miss)
2692 silly packumentCache corgi:https://registry.npmjs.org/write-file-atomic set size:undefined disposed:false
2693 http fetch GET 200 https://registry.npmjs.org/supports-color 2577ms (cache miss)
2694 silly packumentCache corgi:https://registry.npmjs.org/supports-color set size:undefined disposed:false
2695 http fetch GET 200 https://registry.npmjs.org/path-scurry 2578ms (cache miss)
2696 silly packumentCache corgi:https://registry.npmjs.org/path-scurry set size:undefined disposed:false
2697 http fetch GET 200 https://registry.npmjs.org/glob 2580ms (cache miss)
2698 silly packumentCache corgi:https://registry.npmjs.org/glob set size:undefined disposed:false
2699 http fetch GET 200 https://registry.npmjs.org/jest-worker 2581ms (cache miss)
2700 silly packumentCache corgi:https://registry.npmjs.org/jest-worker set size:undefined disposed:false
2701 http fetch GET 200 https://registry.npmjs.org/jest-worker 2582ms (cache miss)
2702 silly packumentCache corgi:https://registry.npmjs.org/jest-worker set size:undefined disposed:false
2703 http fetch GET 200 https://registry.npmjs.org/@jest%2fglobals 2584ms (cache miss)
2704 silly packumentCache corgi:https://registry.npmjs.org/@jest%2fglobals set size:undefined disposed:false
2705 http fetch GET 200 https://registry.npmjs.org/picomatch 2586ms (cache miss)
2706 silly packumentCache corgi:https://registry.npmjs.org/picomatch set size:undefined disposed:false
2707 http fetch GET 200 https://registry.npmjs.org/supports-color 2587ms (cache miss)
2708 silly packumentCache corgi:https://registry.npmjs.org/supports-color set size:undefined disposed:false
2709 http fetch GET 200 https://registry.npmjs.org/supports-color 2588ms (cache miss)
2710 silly packumentCache corgi:https://registry.npmjs.org/supports-color set size:undefined disposed:false
2711 http fetch GET 200 https://registry.npmjs.org/jest-worker 2594ms (cache miss)
2712 silly packumentCache corgi:https://registry.npmjs.org/jest-worker set size:undefined disposed:false
2713 http fetch GET 200 https://registry.npmjs.org/pretty-format 2596ms (cache miss)
2714 silly packumentCache corgi:https://registry.npmjs.org/pretty-format set size:undefined disposed:false
2715 http fetch GET 200 https://registry.npmjs.org/jest-snapshot 2599ms (cache miss)
2716 silly packumentCache corgi:https://registry.npmjs.org/jest-snapshot set size:undefined disposed:false
2717 http fetch GET 200 https://registry.npmjs.org/jest-util 2603ms (cache miss)
2718 silly packumentCache corgi:https://registry.npmjs.org/jest-util set size:undefined disposed:false
2719 http fetch GET 200 https://registry.npmjs.org/jest-regex-util 2606ms (cache miss)
2720 silly packumentCache corgi:https://registry.npmjs.org/jest-regex-util set size:undefined disposed:false
2721 http fetch GET 200 https://registry.npmjs.org/istanbul-lib-instrument 2612ms (cache miss)
2722 silly packumentCache corgi:https://registry.npmjs.org/istanbul-lib-instrument set size:undefined disposed:false
2723 http fetch GET 200 https://registry.npmjs.org/babel-plugin-istanbul 2613ms (cache miss)
2724 silly packumentCache corgi:https://registry.npmjs.org/babel-plugin-istanbul set size:undefined disposed:false
2725 http fetch GET 200 https://registry.npmjs.org/jest-matcher-utils 2614ms (cache miss)
2726 silly packumentCache corgi:https://registry.npmjs.org/jest-matcher-utils set size:undefined disposed:false
2727 http fetch GET 200 https://registry.npmjs.org/semver 2618ms (cache miss)
2728 silly packumentCache corgi:https://registry.npmjs.org/semver set size:undefined disposed:false
2729 http fetch GET 200 https://registry.npmjs.org/jest-haste-map 2618ms (cache miss)
2730 silly packumentCache corgi:https://registry.npmjs.org/jest-haste-map set size:undefined disposed:false
2731 http fetch GET 200 https://registry.npmjs.org/babel-plugin-jest-hoist 2621ms (cache miss)
2732 silly packumentCache corgi:https://registry.npmjs.org/babel-plugin-jest-hoist set size:undefined disposed:false
2733 http fetch GET 200 https://registry.npmjs.org/ansi-styles 2622ms (cache miss)
2734 silly packumentCache corgi:https://registry.npmjs.org/ansi-styles set size:undefined disposed:false
2735 http fetch GET 200 https://registry.npmjs.org/expect 2623ms (cache miss)
2736 silly packumentCache corgi:https://registry.npmjs.org/expect set size:undefined disposed:false
2737 http fetch GET 200 https://registry.npmjs.org/@sinclair%2ftypebox 2637ms (cache miss)
2738 silly packumentCache corgi:https://registry.npmjs.org/@sinclair%2ftypebox set size:undefined disposed:false
2739 http fetch GET 200 https://registry.npmjs.org/jest-message-util 2676ms (cache miss)
2740 silly packumentCache corgi:https://registry.npmjs.org/jest-message-util set size:undefined disposed:false
2741 http fetch GET 200 https://registry.npmjs.org/picomatch 2679ms (cache miss)
2742 silly packumentCache corgi:https://registry.npmjs.org/picomatch set size:undefined disposed:false
2743 http fetch GET 200 https://registry.npmjs.org/ansi-styles 2680ms (cache miss)
2744 silly packumentCache corgi:https://registry.npmjs.org/ansi-styles set size:undefined disposed:false
2745 http fetch GET 200 https://registry.npmjs.org/babel-preset-jest 2683ms (cache miss)
2746 silly packumentCache corgi:https://registry.npmjs.org/babel-preset-jest set size:undefined disposed:false
2747 http fetch GET 200 https://registry.npmjs.org/@jest%2fschemas 2684ms (cache miss)
2748 silly packumentCache corgi:https://registry.npmjs.org/@jest%2fschemas set size:undefined disposed:false
2749 http fetch GET 200 https://registry.npmjs.org/@jest%2fexpect-utils 2686ms (cache miss)
2750 silly packumentCache corgi:https://registry.npmjs.org/@jest%2fexpect-utils set size:undefined disposed:false
2751 http fetch GET 200 https://registry.npmjs.org/@sinonjs%2ffake-timers 2686ms (cache miss)
2752 silly packumentCache corgi:https://registry.npmjs.org/@sinonjs%2ffake-timers set size:undefined disposed:false
2753 http fetch GET 200 https://registry.npmjs.org/path-scurry 2686ms (cache miss)
2754 silly packumentCache corgi:https://registry.npmjs.org/path-scurry set size:undefined disposed:false
2755 http fetch GET 200 https://registry.npmjs.org/@jest%2ftransform 2691ms (cache miss)
2756 silly packumentCache corgi:https://registry.npmjs.org/@jest%2ftransform set size:undefined disposed:false
2757 http fetch GET 200 https://registry.npmjs.org/@jest%2ftypes 2693ms (cache miss)
2758 silly packumentCache corgi:https://registry.npmjs.org/@jest%2ftypes set size:undefined disposed:false
2759 http fetch GET 200 https://registry.npmjs.org/jest-message-util 2693ms (cache miss)
2760 silly packumentCache corgi:https://registry.npmjs.org/jest-message-util set size:undefined disposed:false
2761 http fetch GET 200 https://registry.npmjs.org/pretty-format 2695ms (cache miss)
2762 silly packumentCache corgi:https://registry.npmjs.org/pretty-format set size:undefined disposed:false
2763 http fetch GET 200 https://registry.npmjs.org/jest-mock 2698ms (cache miss)
2764 silly packumentCache corgi:https://registry.npmjs.org/jest-mock set size:undefined disposed:false
2765 http fetch GET 200 https://registry.npmjs.org/jest-util 2699ms (cache miss)
2766 silly packumentCache corgi:https://registry.npmjs.org/jest-util set size:undefined disposed:false
2767 http fetch GET 200 https://registry.npmjs.org/babel-jest 2702ms (cache miss)
2768 silly packumentCache corgi:https://registry.npmjs.org/babel-jest set size:undefined disposed:false
2769 http fetch GET 200 https://registry.npmjs.org/@jest%2ftypes 2702ms (cache miss)
2770 silly packumentCache corgi:https://registry.npmjs.org/@jest%2ftypes set size:undefined disposed:false
2771 http fetch GET 200 https://registry.npmjs.org/@jest%2ffake-timers 2706ms (cache miss)
2772 silly packumentCache corgi:https://registry.npmjs.org/@jest%2ffake-timers set size:undefined disposed:false
2773 http fetch GET 200 https://registry.npmjs.org/ci-info 2708ms (cache miss)
2774 silly packumentCache corgi:https://registry.npmjs.org/ci-info set size:undefined disposed:false
2775 http fetch GET 200 https://registry.npmjs.org/brace-expansion 2708ms (cache miss)
2776 silly packumentCache corgi:https://registry.npmjs.org/brace-expansion set size:undefined disposed:false
2777 http fetch GET 200 https://registry.npmjs.org/@jest%2fschemas 2709ms (cache miss)
2778 silly packumentCache corgi:https://registry.npmjs.org/@jest%2fschemas set size:undefined disposed:false
2779 http fetch GET 200 https://registry.npmjs.org/make-dir 2710ms (cache miss)
2780 silly packumentCache corgi:https://registry.npmjs.org/make-dir set size:undefined disposed:false
2781 http fetch GET 200 https://registry.npmjs.org/minimatch 2715ms (cache miss)
2782 silly packumentCache corgi:https://registry.npmjs.org/minimatch set size:undefined disposed:false
2783 http fetch GET 200 https://registry.npmjs.org/statuses 2716ms (cache miss)
2784 silly packumentCache corgi:https://registry.npmjs.org/statuses set size:undefined disposed:false
2785 http fetch GET 200 https://registry.npmjs.org/lru-cache 2719ms (cache miss)
2786 silly packumentCache corgi:https://registry.npmjs.org/lru-cache set size:undefined disposed:false
2787 http fetch GET 200 https://registry.npmjs.org/glob 2720ms (cache miss)
2788 silly packumentCache corgi:https://registry.npmjs.org/glob set size:undefined disposed:false
2789 http fetch GET 200 https://registry.npmjs.org/ms 2718ms (cache miss)
2790 silly packumentCache corgi:https://registry.npmjs.org/ms set size:undefined disposed:false
2791 http fetch GET 200 https://registry.npmjs.org/@jest%2fenvironment 2723ms (cache miss)
2792 silly packumentCache corgi:https://registry.npmjs.org/@jest%2fenvironment set size:undefined disposed:false
2793 http fetch GET 200 https://registry.npmjs.org/jest-diff 2725ms (cache miss)
2794 silly packumentCache corgi:https://registry.npmjs.org/jest-diff set size:undefined disposed:false
2795 http fetch GET 200 https://registry.npmjs.org/jackspeak 2726ms (cache miss)
2796 silly packumentCache corgi:https://registry.npmjs.org/jackspeak set size:undefined disposed:false
2797 http fetch GET 200 https://registry.npmjs.org/@sinclair%2ftypebox 2732ms (cache miss)
2798 silly packumentCache corgi:https://registry.npmjs.org/@sinclair%2ftypebox set size:undefined disposed:false
2799 http fetch GET 200 https://registry.npmjs.org/@isaacs%2fcliui 2755ms (cache miss)
2800 silly packumentCache corgi:https://registry.npmjs.org/@isaacs%2fcliui set size:undefined disposed:false
2801 http fetch GET 200 https://registry.npmjs.org/signal-exit 2754ms (cache miss)
2802 silly packumentCache corgi:https://registry.npmjs.org/signal-exit set size:undefined disposed:false
2803 http fetch GET 200 https://registry.npmjs.org/balanced-match 2758ms (cache miss)
2804 silly packumentCache corgi:https://registry.npmjs.org/balanced-match set size:undefined disposed:false
2805 http fetch GET 200 https://registry.npmjs.org/ms 2759ms (cache miss)
2806 silly packumentCache corgi:https://registry.npmjs.org/ms set size:undefined disposed:false
2807 http fetch GET 200 https://registry.npmjs.org/lru-cache 2760ms (cache miss)
2808 silly packumentCache corgi:https://registry.npmjs.org/lru-cache set size:undefined disposed:false
2809 http fetch GET 200 https://registry.npmjs.org/negotiator 2762ms (cache miss)
2810 silly packumentCache corgi:https://registry.npmjs.org/negotiator set size:undefined disposed:false
2811 http fetch GET 200 https://registry.npmjs.org/cssom 2762ms (cache miss)
2812 silly packumentCache corgi:https://registry.npmjs.org/cssom set size:undefined disposed:false
2813 http fetch GET 200 https://registry.npmjs.org/ansi-styles 2763ms (cache miss)
2814 silly packumentCache corgi:https://registry.npmjs.org/ansi-styles set size:undefined disposed:false
2815 http fetch GET 200 https://registry.npmjs.org/ms 2766ms (cache miss)
2816 silly packumentCache corgi:https://registry.npmjs.org/ms set size:undefined disposed:false
2817 http fetch GET 200 https://registry.npmjs.org/@jest%2fschemas 2769ms (cache miss)
2818 silly packumentCache corgi:https://registry.npmjs.org/@jest%2fschemas set size:undefined disposed:false
2819 http fetch GET 200 https://registry.npmjs.org/strip-ansi 2778ms (cache miss)
2820 silly packumentCache corgi:https://registry.npmjs.org/strip-ansi set size:undefined disposed:false
2821 http fetch GET 200 https://registry.npmjs.org/promise 2787ms (cache miss)
2822 silly packumentCache corgi:https://registry.npmjs.org/promise set size:undefined disposed:false
2823 http fetch GET 200 https://registry.npmjs.org/debug 2790ms (cache miss)
2824 silly packumentCache corgi:https://registry.npmjs.org/debug set size:undefined disposed:false
2825 http fetch GET 200 https://registry.npmjs.org/debug 2793ms (cache miss)
2826 silly packumentCache corgi:https://registry.npmjs.org/debug set size:undefined disposed:false
2827 http fetch GET 200 https://registry.npmjs.org/brace-expansion 2807ms (cache miss)
2828 silly packumentCache corgi:https://registry.npmjs.org/brace-expansion set size:undefined disposed:false
2829 http fetch GET 200 https://registry.npmjs.org/debug 2808ms (cache miss)
2830 silly packumentCache corgi:https://registry.npmjs.org/debug set size:undefined disposed:false
2831 http fetch GET 200 https://registry.npmjs.org/picomatch 2814ms (cache miss)
2832 silly packumentCache corgi:https://registry.npmjs.org/picomatch set size:undefined disposed:false
2833 http fetch GET 200 https://registry.npmjs.org/brace-expansion 2815ms (cache miss)
2834 silly packumentCache corgi:https://registry.npmjs.org/brace-expansion set size:undefined disposed:false
2835 http fetch GET 200 https://registry.npmjs.org/write-file-atomic 2817ms (cache miss)
2836 silly packumentCache corgi:https://registry.npmjs.org/write-file-atomic set size:undefined disposed:false
2837 http fetch GET 200 https://registry.npmjs.org/pretty-format 2819ms (cache miss)
2838 silly packumentCache corgi:https://registry.npmjs.org/pretty-format set size:undefined disposed:false
2839 http fetch GET 200 https://registry.npmjs.org/supports-color 2820ms (cache miss)
2840 silly packumentCache corgi:https://registry.npmjs.org/supports-color set size:undefined disposed:false
2841 http fetch GET 200 https://registry.npmjs.org/picomatch 2820ms (cache miss)
2842 silly packumentCache corgi:https://registry.npmjs.org/picomatch set size:undefined disposed:false
2843 http fetch GET 200 https://registry.npmjs.org/minimatch 2822ms (cache miss)
2844 silly packumentCache corgi:https://registry.npmjs.org/minimatch set size:undefined disposed:false
2845 http fetch GET 200 https://registry.npmjs.org/rimraf 2824ms (cache miss)
2846 silly packumentCache corgi:https://registry.npmjs.org/rimraf set size:undefined disposed:false
2847 http fetch GET 200 https://registry.npmjs.org/semver 2825ms (cache miss)
2848 silly packumentCache corgi:https://registry.npmjs.org/semver set size:undefined disposed:false
2849 http fetch GET 200 https://registry.npmjs.org/open 2827ms (cache miss)
2850 silly packumentCache corgi:https://registry.npmjs.org/open set size:undefined disposed:false
2851 http fetch GET 200 https://registry.npmjs.org/glob 2830ms (cache miss)
2852 silly packumentCache corgi:https://registry.npmjs.org/glob set size:undefined disposed:false
2853 http fetch GET 200 https://registry.npmjs.org/minimatch 2831ms (cache miss)
2854 silly packumentCache corgi:https://registry.npmjs.org/minimatch set size:undefined disposed:false
2855 http fetch GET 200 https://registry.npmjs.org/path-scurry 2832ms (cache miss)
2856 silly packumentCache corgi:https://registry.npmjs.org/path-scurry set size:undefined disposed:false
2857 http fetch GET 200 https://registry.npmjs.org/lru-cache 2835ms (cache miss)
2858 silly packumentCache corgi:https://registry.npmjs.org/lru-cache set size:undefined disposed:false
2859 http fetch GET 200 https://registry.npmjs.org/glob 2839ms (cache miss)
2860 silly packumentCache corgi:https://registry.npmjs.org/glob set size:undefined disposed:false
2861 http fetch GET 200 https://registry.npmjs.org/ws 2841ms (cache miss)
2862 silly packumentCache corgi:https://registry.npmjs.org/ws set size:undefined disposed:false
2863 http fetch GET 200 https://registry.npmjs.org/glob 2843ms (cache miss)
2864 silly packumentCache corgi:https://registry.npmjs.org/glob set size:undefined disposed:false
2865 http fetch GET 200 https://registry.npmjs.org/@sinclair%2ftypebox 2852ms (cache miss)
2866 silly packumentCache corgi:https://registry.npmjs.org/@sinclair%2ftypebox set size:undefined disposed:false
2867 http fetch GET 200 https://registry.npmjs.org/pretty-format 2857ms (cache miss)
2868 silly packumentCache corgi:https://registry.npmjs.org/pretty-format set size:undefined disposed:false
2869 http fetch GET 200 https://registry.npmjs.org/ansi-styles 2862ms (cache miss)
2870 silly packumentCache corgi:https://registry.npmjs.org/ansi-styles set size:undefined disposed:false
2871 http fetch GET 200 https://registry.npmjs.org/babel-plugin-istanbul 2863ms (cache miss)
2872 silly packumentCache corgi:https://registry.npmjs.org/babel-plugin-istanbul set size:undefined disposed:false
2873 http fetch GET 200 https://registry.npmjs.org/semver 2867ms (cache miss)
2874 silly packumentCache corgi:https://registry.npmjs.org/semver set size:undefined disposed:false
2875 http fetch GET 200 https://registry.npmjs.org/jest-worker 2869ms (cache miss)
2876 silly packumentCache corgi:https://registry.npmjs.org/jest-worker set size:undefined disposed:false
2877 http fetch GET 200 https://registry.npmjs.org/supports-color 2870ms (cache miss)
2878 silly packumentCache corgi:https://registry.npmjs.org/supports-color set size:undefined disposed:false
2879 http fetch GET 200 https://registry.npmjs.org/jest-mock 2874ms (cache miss)
2880 silly packumentCache corgi:https://registry.npmjs.org/jest-mock set size:undefined disposed:false
2881 http fetch GET 200 https://registry.npmjs.org/jest-worker 2875ms (cache miss)
2882 silly packumentCache corgi:https://registry.npmjs.org/jest-worker set size:undefined disposed:false
2883 http fetch GET 200 https://registry.npmjs.org/@sinonjs%2ffake-timers 2879ms (cache miss)
2884 silly packumentCache corgi:https://registry.npmjs.org/@sinonjs%2ffake-timers set size:undefined disposed:false
2885 http fetch GET 200 https://registry.npmjs.org/istanbul-lib-instrument 2901ms (cache miss)
2886 silly packumentCache corgi:https://registry.npmjs.org/istanbul-lib-instrument set size:undefined disposed:false
2887 http fetch GET 200 https://registry.npmjs.org/jest-util 2907ms (cache miss)
2888 silly packumentCache corgi:https://registry.npmjs.org/jest-util set size:undefined disposed:false
2889 http fetch GET 200 https://registry.npmjs.org/jest-regex-util 2910ms (cache miss)
2890 silly packumentCache corgi:https://registry.npmjs.org/jest-regex-util set size:undefined disposed:false
2891 http fetch GET 200 https://registry.npmjs.org/jest-haste-map 2915ms (cache miss)
2892 silly packumentCache corgi:https://registry.npmjs.org/jest-haste-map set size:undefined disposed:false
2893 http fetch GET 200 https://registry.npmjs.org/jest-diff 2921ms (cache miss)
2894 silly packumentCache corgi:https://registry.npmjs.org/jest-diff set size:undefined disposed:false
2895 http fetch GET 200 https://registry.npmjs.org/jest-message-util 2922ms (cache miss)
2896 silly packumentCache corgi:https://registry.npmjs.org/jest-message-util set size:undefined disposed:false
2897 http fetch GET 200 https://registry.npmjs.org/@jest%2fschemas 2922ms (cache miss)
2898 silly packumentCache corgi:https://registry.npmjs.org/@jest%2fschemas set size:undefined disposed:false
2899 http fetch GET 200 https://registry.npmjs.org/locate-path 2924ms (cache miss)
2900 silly packumentCache corgi:https://registry.npmjs.org/locate-path set size:undefined disposed:false
2901 http fetch GET 200 https://registry.npmjs.org/p-locate 2925ms (cache miss)
2902 silly packumentCache corgi:https://registry.npmjs.org/p-locate set size:undefined disposed:false
2903 http fetch GET 200 https://registry.npmjs.org/p-limit 2927ms (cache miss)
2904 silly packumentCache corgi:https://registry.npmjs.org/p-limit set size:undefined disposed:false
2905 http fetch GET 200 https://registry.npmjs.org/jest-matcher-utils 2928ms (cache miss)
2906 silly packumentCache corgi:https://registry.npmjs.org/jest-matcher-utils set size:undefined disposed:false
2907 http fetch GET 200 https://registry.npmjs.org/argparse 2930ms (cache miss)
2908 silly packumentCache corgi:https://registry.npmjs.org/argparse set size:undefined disposed:false
2909 http fetch GET 200 https://registry.npmjs.org/@jest%2fschemas 2934ms (cache miss)
2910 silly packumentCache corgi:https://registry.npmjs.org/@jest%2fschemas set size:undefined disposed:false
2911 http fetch GET 200 https://registry.npmjs.org/expect 2937ms (cache miss)
2912 silly packumentCache corgi:https://registry.npmjs.org/expect set size:undefined disposed:false
2913 http fetch GET 200 https://registry.npmjs.org/js-yaml 2941ms (cache miss)
2914 silly packumentCache corgi:https://registry.npmjs.org/js-yaml set size:undefined disposed:false
2915 http fetch GET 200 https://registry.npmjs.org/ci-info 2942ms (cache miss)
2916 silly packumentCache corgi:https://registry.npmjs.org/ci-info set size:undefined disposed:false
2917 http fetch GET 200 https://registry.npmjs.org/@jest%2fexpect 2943ms (cache miss)
2918 silly packumentCache corgi:https://registry.npmjs.org/@jest%2fexpect set size:undefined disposed:false
2919 http fetch GET 200 https://registry.npmjs.org/@jest%2fexpect-utils 2944ms (cache miss)
2920 silly packumentCache corgi:https://registry.npmjs.org/@jest%2fexpect-utils set size:undefined disposed:false
2921 http fetch GET 200 https://registry.npmjs.org/find-up 2945ms (cache miss)
2922 silly packumentCache corgi:https://registry.npmjs.org/find-up set size:undefined disposed:false
2923 http fetch GET 200 https://registry.npmjs.org/@jest%2ftransform 2948ms (cache miss)
2924 silly packumentCache corgi:https://registry.npmjs.org/@jest%2ftransform set size:undefined disposed:false
2925 http fetch GET 200 https://registry.npmjs.org/@jest%2ffake-timers 2952ms (cache miss)
2926 silly packumentCache corgi:https://registry.npmjs.org/@jest%2ffake-timers set size:undefined disposed:false
2927 http fetch GET 200 https://registry.npmjs.org/jest-snapshot 2954ms (cache miss)
2928 silly packumentCache corgi:https://registry.npmjs.org/jest-snapshot set size:undefined disposed:false
2929 http fetch GET 200 https://registry.npmjs.org/ansi-styles 2962ms (cache miss)
2930 silly packumentCache corgi:https://registry.npmjs.org/ansi-styles set size:undefined disposed:false
2931 http fetch GET 200 https://registry.npmjs.org/@jest%2ftypes 2973ms (cache miss)
2932 silly packumentCache corgi:https://registry.npmjs.org/@jest%2ftypes set size:undefined disposed:false
2933 http fetch GET 200 https://registry.npmjs.org/@jest%2ftypes 2975ms (cache miss)
2934 silly packumentCache corgi:https://registry.npmjs.org/@jest%2ftypes set size:undefined disposed:false
2935 http fetch GET 200 https://registry.npmjs.org/wrap-ansi 2980ms (cache miss)
2936 silly packumentCache corgi:https://registry.npmjs.org/wrap-ansi set size:undefined disposed:false
2937 http fetch GET 200 https://registry.npmjs.org/string-width 2986ms (cache miss)
2938 silly packumentCache corgi:https://registry.npmjs.org/string-width set size:undefined disposed:false
2939 http fetch GET 200 https://registry.npmjs.org/getenv 2990ms (cache miss)
2940 silly packumentCache corgi:https://registry.npmjs.org/getenv set size:undefined disposed:false
2941 http fetch GET 200 https://registry.npmjs.org/semver 2994ms (cache miss)
2942 silly packumentCache corgi:https://registry.npmjs.org/semver set size:undefined disposed:false
2943 http fetch GET 200 https://registry.npmjs.org/@jest%2fenvironment 3001ms (cache miss)
2944 silly packumentCache corgi:https://registry.npmjs.org/@jest%2fenvironment set size:undefined disposed:false
2945 http fetch GET 200 https://registry.npmjs.org/getenv 3011ms (cache miss)
2946 silly packumentCache corgi:https://registry.npmjs.org/getenv set size:undefined disposed:false
2947 http fetch GET 200 https://registry.npmjs.org/getenv 3013ms (cache miss)
2948 silly packumentCache corgi:https://registry.npmjs.org/getenv set size:undefined disposed:false
2949 http fetch GET 200 https://registry.npmjs.org/getenv 3015ms (cache miss)
2950 silly packumentCache corgi:https://registry.npmjs.org/getenv set size:undefined disposed:false
2951 http fetch GET 200 https://registry.npmjs.org/getenv 3016ms (cache miss)
2952 silly packumentCache corgi:https://registry.npmjs.org/getenv set size:undefined disposed:false
2953 http fetch GET 200 https://registry.npmjs.org/semver 3044ms (cache miss)
2954 silly packumentCache corgi:https://registry.npmjs.org/semver set size:undefined disposed:false
2955 http fetch GET 200 https://registry.npmjs.org/semver 3046ms (cache miss)
2956 silly packumentCache corgi:https://registry.npmjs.org/semver set size:undefined disposed:false
2957 http fetch GET 200 https://registry.npmjs.org/@babel%2fcode-frame 3057ms (cache miss)
2958 silly packumentCache corgi:https://registry.npmjs.org/@babel%2fcode-frame set size:undefined disposed:false
2959 http fetch GET 200 https://registry.npmjs.org/getenv 3067ms (cache miss)
2960 silly packumentCache corgi:https://registry.npmjs.org/getenv set size:undefined disposed:false
2961 http fetch GET 200 https://registry.npmjs.org/getenv 3068ms (cache miss)
2962 silly packumentCache corgi:https://registry.npmjs.org/getenv set size:undefined disposed:false
2963 http fetch GET 200 https://registry.npmjs.org/ansi-styles 3075ms (cache miss)
2964 silly packumentCache corgi:https://registry.npmjs.org/ansi-styles set size:undefined disposed:false
2965 http fetch GET 200 https://registry.npmjs.org/debug 3077ms (cache miss)
2966 silly packumentCache corgi:https://registry.npmjs.org/debug set size:undefined disposed:false
2967 http fetch GET 200 https://registry.npmjs.org/escape-string-regexp 3084ms (cache miss)
2968 silly packumentCache corgi:https://registry.npmjs.org/escape-string-regexp set size:undefined disposed:false
2969 http fetch GET 200 https://registry.npmjs.org/emoji-regex 3106ms (cache miss)
2970 silly packumentCache corgi:https://registry.npmjs.org/emoji-regex set size:undefined disposed:false
2971 http fetch GET 200 https://registry.npmjs.org/color-name 3113ms (cache miss)
2972 silly packumentCache corgi:https://registry.npmjs.org/color-name set size:undefined disposed:false
2973 http fetch GET 200 https://registry.npmjs.org/color-convert 3113ms (cache miss)
2974 silly packumentCache corgi:https://registry.npmjs.org/color-convert set size:undefined disposed:false
2975 http fetch GET 200 https://registry.npmjs.org/@jest%2fschemas 3114ms (cache miss)
2976 silly packumentCache corgi:https://registry.npmjs.org/@jest%2fschemas set size:undefined disposed:false
2977 http fetch GET 200 https://registry.npmjs.org/semver 3124ms (cache miss)
2978 silly packumentCache corgi:https://registry.npmjs.org/semver set size:undefined disposed:false
2979 http fetch GET 200 https://registry.npmjs.org/semver 3124ms (cache miss)
2980 silly packumentCache corgi:https://registry.npmjs.org/semver set size:undefined disposed:false
2981 http fetch GET 200 https://registry.npmjs.org/semver 3125ms (cache miss)
2982 silly packumentCache corgi:https://registry.npmjs.org/semver set size:undefined disposed:false
2983 http fetch GET 200 https://registry.npmjs.org/has-flag 3126ms (cache miss)
2984 silly packumentCache corgi:https://registry.npmjs.org/has-flag set size:undefined disposed:false
2985 http fetch GET 200 https://registry.npmjs.org/@sinclair%2ftypebox 3135ms (cache miss)
2986 silly packumentCache corgi:https://registry.npmjs.org/@sinclair%2ftypebox set size:undefined disposed:false
2987 http fetch GET 200 https://registry.npmjs.org/ansi-styles 3137ms (cache miss)
2988 silly packumentCache corgi:https://registry.npmjs.org/ansi-styles set size:undefined disposed:false
2989 http fetch GET 200 https://registry.npmjs.org/@babel%2fcode-frame 3138ms (cache miss)
2990 silly packumentCache corgi:https://registry.npmjs.org/@babel%2fcode-frame set size:undefined disposed:false
2991 http fetch GET 200 https://registry.npmjs.org/chalk 3146ms (cache miss)
2992 silly packumentCache corgi:https://registry.npmjs.org/chalk set size:undefined disposed:false
2993 http fetch GET 200 https://registry.npmjs.org/y18n/-/y18n-5.0.8.tgz 2949ms (cache miss)
2994 http fetch GET 200 https://registry.npmjs.org/yallist/-/yallist-3.1.1.tgz 2952ms (cache miss)
2995 http fetch GET 200 https://registry.npmjs.org/supports-color 3151ms (cache miss)
2996 silly packumentCache corgi:https://registry.npmjs.org/supports-color set size:undefined disposed:false
2997 http fetch GET 200 https://registry.npmjs.org/xmlchars/-/xmlchars-2.2.0.tgz 2950ms (cache miss)
2998 http fetch GET 200 https://registry.npmjs.org/yocto-queue/-/yocto-queue-0.1.0.tgz 2939ms (cache miss)
2999 http fetch GET 200 https://registry.npmjs.org/write-file-atomic/-/write-file-atomic-5.0.1.tgz 2940ms (cache miss)
3000 http fetch GET 200 https://registry.npmjs.org/semver 3157ms (cache miss)
3001 silly packumentCache corgi:https://registry.npmjs.org/semver set size:undefined disposed:false
3002 http fetch GET 200 https://registry.npmjs.org/semver 3159ms (cache miss)
3003 silly packumentCache corgi:https://registry.npmjs.org/semver set size:undefined disposed:false
3004 http fetch GET 200 https://registry.npmjs.org/wrap-ansi/-/wrap-ansi-7.0.0.tgz 2956ms (cache miss)
3005 http fetch GET 200 https://registry.npmjs.org/yargs-parser/-/yargs-parser-21.1.1.tgz 3025ms (cache miss)
3006 http fetch GET 200 https://registry.npmjs.org/wrappy/-/wrappy-1.0.2.tgz 2948ms (cache miss)
3007 http fetch GET 200 https://registry.npmjs.org/fsevents/-/fsevents-2.3.3.tgz 3117ms (cache miss)
3008 http fetch GET 200 https://registry.npmjs.org/xml2js/-/xml2js-0.6.0.tgz 2956ms (cache miss)
3009 http fetch GET 200 https://registry.npmjs.org/whatwg-url-without-unicode/-/whatwg-url-without-unicode-8.0.0-3.tgz 2950ms (cache miss)
3010 http fetch GET 200 https://registry.npmjs.org/xml-name-validator/-/xml-name-validator-4.0.0.tgz 2955ms (cache miss)
3011 http fetch GET 200 https://registry.npmjs.org/semver 3177ms (cache miss)
3012 silly packumentCache corgi:https://registry.npmjs.org/semver set size:undefined disposed:false
3013 http fetch GET 200 https://registry.npmjs.org/semver 3179ms (cache miss)
3014 silly packumentCache corgi:https://registry.npmjs.org/semver set size:undefined disposed:false
3015 http fetch GET 200 https://registry.npmjs.org/wonka/-/wonka-6.3.5.tgz 2997ms (cache miss)
3016 http fetch GET 200 https://registry.npmjs.org/wrap-ansi/-/wrap-ansi-7.0.0.tgz 2949ms (cache miss)
3017 http fetch GET 200 https://registry.npmjs.org/xmlbuilder/-/xmlbuilder-15.1.1.tgz 2963ms (cache miss)
3018 http fetch GET 200 https://registry.npmjs.org/whatwg-url/-/whatwg-url-11.0.0.tgz 2960ms (cache miss)
3019 http fetch GET 200 https://registry.npmjs.org/which/-/which-2.0.2.tgz 2958ms (cache miss)
3020 http fetch GET 200 https://registry.npmjs.org/wordwrap/-/wordwrap-1.0.0.tgz 2971ms (cache miss)
3021 http fetch GET 200 https://registry.npmjs.org/vlq/-/vlq-1.0.1.tgz 2949ms (cache miss)
3022 http fetch GET 200 https://registry.npmjs.org/ws/-/ws-8.19.0.tgz 2956ms (cache miss)
3023 http fetch GET 200 https://registry.npmjs.org/wcwidth/-/wcwidth-1.0.1.tgz 2947ms (cache miss)
3024 http fetch GET 200 https://registry.npmjs.org/whatwg-fetch/-/whatwg-fetch-3.6.20.tgz 2952ms (cache miss)
3025 http fetch GET 200 https://registry.npmjs.org/validate-npm-package-name/-/validate-npm-package-name-5.0.1.tgz 2943ms (cache miss)
3026 http fetch GET 200 https://registry.npmjs.org/webidl-conversions/-/webidl-conversions-7.0.0.tgz 2956ms (cache miss)
3027 http fetch GET 200 https://registry.npmjs.org/whatwg-encoding/-/whatwg-encoding-2.0.0.tgz 2954ms (cache miss)
3028 http fetch GET 200 https://registry.npmjs.org/whatwg-mimetype/-/whatwg-mimetype-3.0.0.tgz 2954ms (cache miss)
3029 http fetch GET 200 https://registry.npmjs.org/v8-to-istanbul/-/v8-to-istanbul-9.3.0.tgz 2942ms (cache miss)
3030 http fetch GET 200 https://registry.npmjs.org/update-browserslist-db/-/update-browserslist-db-1.2.3.tgz 2941ms (cache miss)
3031 http fetch GET 200 https://registry.npmjs.org/w3c-xmlserializer/-/w3c-xmlserializer-4.0.0.tgz 2953ms (cache miss)
3032 http fetch GET 200 https://registry.npmjs.org/postcss 3202ms (cache miss)
3033 silly packumentCache corgi:https://registry.npmjs.org/postcss set size:undefined disposed:false
3034 http fetch GET 200 https://registry.npmjs.org/walker/-/walker-1.0.8.tgz 2957ms (cache miss)
3035 http fetch GET 200 https://registry.npmjs.org/vary/-/vary-1.1.2.tgz 2957ms (cache miss)
3036 http fetch GET 200 https://registry.npmjs.org/unrs-resolver/-/unrs-resolver-1.11.1.tgz 2943ms (cache miss)
3037 http fetch GET 200 https://registry.npmjs.org/unpipe/-/unpipe-1.0.0.tgz 2943ms (cache miss)
3038 http fetch GET 200 https://registry.npmjs.org/url-parse/-/url-parse-1.5.10.tgz 2954ms (cache miss)
3039 http fetch GET 200 https://registry.npmjs.org/pretty-format 3213ms (cache miss)
3040 silly packumentCache corgi:https://registry.npmjs.org/pretty-format set size:undefined disposed:false
3041 http fetch GET 200 https://registry.npmjs.org/unique-string/-/unique-string-2.0.0.tgz 2956ms (cache miss)
3042 http fetch GET 200 https://registry.npmjs.org/utils-merge/-/utils-merge-1.0.1.tgz 2954ms (cache miss)
3043 http fetch GET 200 https://registry.npmjs.org/unicode-canonical-property-names-ecmascript/-/unicode-canonical-property-names-ecmascript-2.0.1.tgz 2960ms (cache miss)
3044 http fetch GET 200 https://registry.npmjs.org/undici-types/-/undici-types-7.16.0.tgz 2954ms (cache miss)
3045 http fetch GET 200 https://registry.npmjs.org/unicode-match-property-ecmascript/-/unicode-match-property-ecmascript-2.0.0.tgz 2972ms (cache miss)
3046 http fetch GET 200 https://registry.npmjs.org/xcode/-/xcode-3.0.1.tgz 2963ms (cache miss)
3047 http fetch GET 200 https://registry.npmjs.org/unicode-property-aliases-ecmascript/-/unicode-property-aliases-ecmascript-2.2.0.tgz 2963ms (cache miss)
3048 http fetch GET 200 https://registry.npmjs.org/toidentifier/-/toidentifier-1.0.1.tgz 2943ms (cache miss)
3049 http fetch GET 200 https://registry.npmjs.org/ts-interface-checker/-/ts-interface-checker-0.1.13.tgz 2946ms (cache miss)
3050 http fetch GET 200 https://registry.npmjs.org/to-regex-range/-/to-regex-range-5.0.1.tgz 2955ms (cache miss)
3051 http fetch GET 200 https://registry.npmjs.org/ua-parser-js/-/ua-parser-js-1.0.41.tgz 2968ms (cache miss)
3052 http fetch GET 200 https://registry.npmjs.org/type-fest/-/type-fest-0.21.3.tgz 2963ms (cache miss)
3053 http fetch GET 200 https://registry.npmjs.org/yargs/-/yargs-17.7.2.tgz 2977ms (cache miss)
3054 http fetch GET 200 https://registry.npmjs.org/tmpl/-/tmpl-1.0.5.tgz 2962ms (cache miss)
3055 http fetch GET 200 https://registry.npmjs.org/thenify-all/-/thenify-all-1.6.0.tgz 2961ms (cache miss)
3056 http fetch GET 200 https://registry.npmjs.org/type-detect/-/type-detect-4.0.8.tgz 2973ms (cache miss)
3057 http fetch GET 200 https://registry.npmjs.org/throat/-/throat-5.0.0.tgz 2972ms (cache miss)
3058 http fetch GET 200 https://registry.npmjs.org/tr46/-/tr46-3.0.0.tgz 2982ms (cache miss)
3059 http fetch GET 200 https://registry.npmjs.org/tinyglobby/-/tinyglobby-0.2.15.tgz 2974ms (cache miss)
3060 http fetch GET 200 https://registry.npmjs.org/test-exclude/-/test-exclude-6.0.0.tgz 2969ms (cache miss)
3061 http fetch GET 200 https://registry.npmjs.org/synckit/-/synckit-0.11.12.tgz 2966ms (cache miss)
3062 http fetch GET 200 https://registry.npmjs.org/terminal-link/-/terminal-link-2.1.1.tgz 2958ms (cache miss)
3063 http fetch GET 200 https://registry.npmjs.org/thenify/-/thenify-3.3.1.tgz 2970ms (cache miss)
3064 http fetch GET 200 https://registry.npmjs.org/symbol-tree/-/symbol-tree-3.2.4.tgz 2985ms (cache miss)
3065 http fetch GET 200 https://registry.npmjs.org/tough-cookie/-/tough-cookie-4.1.4.tgz 3007ms (cache miss)
3066 http fetch GET 200 https://registry.npmjs.org/supports-hyperlinks/-/supports-hyperlinks-2.3.0.tgz 2967ms (cache miss)
3067 http fetch GET 200 https://registry.npmjs.org/supports-preserve-symlinks-flag/-/supports-preserve-symlinks-flag-1.0.0.tgz 2983ms (cache miss)
3068 http fetch GET 200 https://registry.npmjs.org/ts-jest/-/ts-jest-29.4.6.tgz 2978ms (cache miss)
3069 http fetch GET 200 https://registry.npmjs.org/supports-color/-/supports-color-7.2.0.tgz 2971ms (cache miss)
3070 http fetch GET 200 https://registry.npmjs.org/@sinclair%2ftypebox 3322ms (cache miss)
3071 silly packumentCache corgi:https://registry.npmjs.org/@sinclair%2ftypebox set size:undefined disposed:false
3072 http fetch GET 200 https://registry.npmjs.org/@sinclair%2ftypebox 3326ms (cache miss)
3073 silly packumentCache corgi:https://registry.npmjs.org/@sinclair%2ftypebox set size:undefined disposed:false
3074 http fetch GET 200 https://registry.npmjs.org/styleq/-/styleq-0.1.3.tgz 2975ms (cache miss)
3075 http fetch GET 200 https://registry.npmjs.org/strip-indent/-/strip-indent-3.0.0.tgz 2976ms (cache miss)
3076 http fetch GET 200 https://registry.npmjs.org/unicode-match-property-value-ecmascript/-/unicode-match-property-value-ecmascript-2.2.1.tgz 2983ms (cache miss)
3077 http fetch GET 200 https://registry.npmjs.org/temp-dir/-/temp-dir-2.0.0.tgz 2998ms (cache miss)
3078 http fetch GET 200 https://registry.npmjs.org/strip-json-comments/-/strip-json-comments-3.1.1.tgz 2991ms (cache miss)
3079 http fetch GET 200 https://registry.npmjs.org/strip-bom/-/strip-bom-4.0.0.tgz 2989ms (cache miss)
3080 http fetch GET 200 https://registry.npmjs.org/strip-final-newline/-/strip-final-newline-2.0.0.tgz 2987ms (cache miss)
3081 http fetch GET 200 https://registry.npmjs.org/strip-ansi/-/strip-ansi-6.0.1.tgz 2989ms (cache miss)
3082 http fetch GET 200 https://registry.npmjs.org/structured-headers/-/structured-headers-0.4.1.tgz 3006ms (cache miss)
3083 http fetch GET 200 https://registry.npmjs.org/string-width/-/string-width-4.2.3.tgz 2995ms (cache miss)
3084 http fetch GET 200 https://registry.npmjs.org/strip-ansi/-/strip-ansi-7.1.2.tgz 2982ms (cache miss)
3085 http fetch GET 200 https://registry.npmjs.org/stacktrace-parser/-/stacktrace-parser-0.1.11.tgz 2996ms (cache miss)
3086 http fetch GET 200 https://registry.npmjs.org/statuses/-/statuses-1.5.0.tgz 2986ms (cache miss)
3087 http fetch GET 200 https://registry.npmjs.org/stack-generator/-/stack-generator-2.0.10.tgz 2982ms (cache miss)
3088 http fetch GET 200 https://registry.npmjs.org/string-length/-/string-length-4.0.2.tgz 2987ms (cache miss)
3089 http fetch GET 200 https://registry.npmjs.org/stream-buffers/-/stream-buffers-2.2.0.tgz 2987ms (cache miss)
3090 http fetch GET 200 https://registry.npmjs.org/string-width/-/string-width-4.2.3.tgz 2973ms (cache miss)
3091 http fetch GET 200 https://registry.npmjs.org/slash/-/slash-3.0.0.tgz 2973ms (cache miss)
3092 http fetch GET 200 https://registry.npmjs.org/sisteransi/-/sisteransi-1.0.5.tgz 2964ms (cache miss)
3093 http fetch GET 200 https://registry.npmjs.org/stack-utils/-/stack-utils-2.0.6.tgz 2971ms (cache miss)
3094 http fetch GET 200 https://registry.npmjs.org/source-map-js/-/source-map-js-1.2.1.tgz 2982ms (cache miss)
3095 http fetch GET 200 https://registry.npmjs.org/sprintf-js/-/sprintf-js-1.0.3.tgz 2978ms (cache miss)
3096 http fetch GET 200 https://registry.npmjs.org/stackframe/-/stackframe-1.3.4.tgz 2981ms (cache miss)
3097 http fetch GET 200 https://registry.npmjs.org/signal-exit/-/signal-exit-3.0.7.tgz 2968ms (cache miss)
3098 http fetch GET 200 https://registry.npmjs.org/simple-plist/-/simple-plist-1.3.1.tgz 2969ms (cache miss)
3099 http fetch GET 200 https://registry.npmjs.org/source-map-support/-/source-map-support-0.5.21.tgz 2970ms (cache miss)
3100 http fetch GET 200 https://registry.npmjs.org/shell-quote/-/shell-quote-1.8.3.tgz 2966ms (cache miss)
3101 http fetch GET 200 https://registry.npmjs.org/stacktrace-gps/-/stacktrace-gps-3.1.2.tgz 2986ms (cache miss)
3102 http fetch GET 200 https://registry.npmjs.org/shebang-command/-/shebang-command-2.0.0.tgz 2967ms (cache miss)
3103 http fetch GET 200 https://registry.npmjs.org/shebang-regex/-/shebang-regex-3.0.0.tgz 2968ms (cache miss)
3104 http fetch GET 200 https://registry.npmjs.org/slugify/-/slugify-1.6.6.tgz 2983ms (cache miss)
3105 http fetch GET 200 https://registry.npmjs.org/server-only/-/server-only-0.0.1.tgz 2985ms (cache miss)
3106 http fetch GET 200 https://registry.npmjs.org/setimmediate/-/setimmediate-1.0.5.tgz 2980ms (cache miss)
3107 http fetch GET 200 https://registry.npmjs.org/send/-/send-0.19.2.tgz 2985ms (cache miss)
3108 http fetch GET 200 https://registry.npmjs.org/serve-static/-/serve-static-1.16.3.tgz 2995ms (cache miss)
3109 http fetch GET 200 https://registry.npmjs.org/resolve-global/-/resolve-global-1.0.0.tgz 2966ms (cache miss)
3110 http fetch GET 200 https://registry.npmjs.org/serialize-error/-/serialize-error-2.1.0.tgz 2991ms (cache miss)
3111 http fetch GET 200 https://registry.npmjs.org/restore-cursor/-/restore-cursor-2.0.0.tgz 2970ms (cache miss)
3112 http fetch GET 200 https://registry.npmjs.org/setprototypeof/-/setprototypeof-1.2.0.tgz 2996ms (cache miss)
3113 http fetch GET 200 https://registry.npmjs.org/safer-buffer/-/safer-buffer-2.1.2.tgz 2984ms (cache miss)
3114 http fetch GET 200 https://registry.npmjs.org/saxes/-/saxes-6.0.0.tgz 2992ms (cache miss)
3115 http fetch GET 200 https://registry.npmjs.org/safe-buffer/-/safe-buffer-5.2.1.tgz 2975ms (cache miss)
3116 http fetch GET 200 https://registry.npmjs.org/semver/-/semver-7.5.4.tgz 3000ms (cache miss)
3117 http fetch GET 200 https://registry.npmjs.org/resolve-workspace-root/-/resolve-workspace-root-2.0.1.tgz 2985ms (cache miss)
3118 http fetch GET 200 https://registry.npmjs.org/resolve.exports/-/resolve.exports-2.0.3.tgz 2942ms (cache miss)
3119 http fetch GET 200 https://registry.npmjs.org/resolve-from/-/resolve-from-5.0.0.tgz 2940ms (cache miss)
3120 http fetch GET 200 https://registry.npmjs.org/sax/-/sax-1.4.4.tgz 2997ms (cache miss)
3121 http fetch GET 200 https://registry.npmjs.org/regjsgen/-/regjsgen-0.8.0.tgz 3008ms (cache miss)
3122 http fetch GET 200 https://registry.npmjs.org/requires-port/-/requires-port-1.0.0.tgz 3009ms (cache miss)
3123 http fetch GET 200 https://registry.npmjs.org/require-from-string/-/require-from-string-2.0.2.tgz 3019ms (cache miss)
3124 http fetch GET 200 https://registry.npmjs.org/resolve/-/resolve-1.22.11.tgz 3036ms (cache miss)
3125 http fetch GET 200 https://registry.npmjs.org/resolve-cwd/-/resolve-cwd-3.0.0.tgz 3045ms (cache miss)
3126 http fetch GET 200 https://registry.npmjs.org/regjsparser/-/regjsparser-0.13.0.tgz 3046ms (cache miss)
3127 http fetch GET 200 https://registry.npmjs.org/react-native-is-edge-to-edge/-/react-native-is-edge-to-edge-1.2.1.tgz 3051ms (cache miss)
3128 http fetch GET 200 https://registry.npmjs.org/regenerator-runtime/-/regenerator-runtime-0.13.11.tgz 3053ms (cache miss)
3129 http fetch GET 200 https://registry.npmjs.org/require-directory/-/require-directory-2.1.1.tgz 3058ms (cache miss)
3130 http fetch GET 200 https://registry.npmjs.org/regenerate/-/regenerate-1.4.2.tgz 3054ms (cache miss)
3131 http fetch GET 200 https://registry.npmjs.org/redent/-/redent-3.0.0.tgz 3063ms (cache miss)
3132 http fetch GET 200 https://registry.npmjs.org/requireg/-/requireg-0.2.2.tgz 3065ms (cache miss)
3133 http fetch GET 200 https://registry.npmjs.org/rc/-/rc-1.2.8.tgz 3043ms (cache miss)
3134 http fetch GET 200 https://registry.npmjs.org/range-parser/-/range-parser-1.2.1.tgz 3043ms (cache miss)
3135 http fetch GET 200 https://registry.npmjs.org/queue/-/queue-6.0.2.tgz 3041ms (cache miss)
3136 http fetch GET 200 https://registry.npmjs.org/punycode/-/punycode-2.3.1.tgz 3040ms (cache miss)
3137 http fetch GET 200 https://registry.npmjs.org/qrcode-terminal/-/qrcode-terminal-0.11.0.tgz 3054ms (cache miss)
3138 http fetch GET 200 https://registry.npmjs.org/react/-/react-19.2.4.tgz 3573ms (cache miss)
3139 http fetch GET 200 https://registry.npmjs.org/pretty-bytes/-/pretty-bytes-5.6.0.tgz 3026ms (cache miss)
3140 http fetch GET 200 https://registry.npmjs.org/proc-log/-/proc-log-4.2.0.tgz 3029ms (cache miss)
3141 http fetch GET 200 https://registry.npmjs.org/querystringify/-/querystringify-2.2.0.tgz 3035ms (cache miss)
3142 http fetch GET 200 https://registry.npmjs.org/regexpu-core/-/regexpu-core-6.4.0.tgz 3051ms (cache miss)
3143 http fetch GET 200 https://registry.npmjs.org/promise/-/promise-8.3.0.tgz 3030ms (cache miss)
3144 http fetch GET 200 https://registry.npmjs.org/postcss-value-parser/-/postcss-value-parser-4.2.0.tgz 3026ms (cache miss)
3145 http fetch GET 200 https://registry.npmjs.org/pure-rand/-/pure-rand-7.0.1.tgz 3055ms (cache miss)
3146 http fetch GET 200 https://registry.npmjs.org/progress/-/progress-2.0.3.tgz 3018ms (cache miss)
3147 http fetch GET 200 https://registry.npmjs.org/pretty-format/-/pretty-format-30.2.0.tgz 3008ms (cache miss)
3148 http fetch GET 200 https://registry.npmjs.org/pkg-dir/-/pkg-dir-4.2.0.tgz 3027ms (cache miss)
3149 http fetch GET 200 https://registry.npmjs.org/path-key/-/path-key-3.1.1.tgz 3003ms (cache miss)
3150 http fetch GET 200 https://registry.npmjs.org/picocolors/-/picocolors-1.1.1.tgz 3004ms (cache miss)
3151 http fetch GET 200 https://registry.npmjs.org/path-exists/-/path-exists-4.0.0.tgz 3006ms (cache miss)
3152 http fetch GET 200 https://registry.npmjs.org/path-is-absolute/-/path-is-absolute-1.0.1.tgz 3003ms (cache miss)
3153 http fetch GET 200 https://registry.npmjs.org/p-try/-/p-try-2.2.0.tgz 2970ms (cache miss)
3154 http fetch GET 200 https://registry.npmjs.org/pirates/-/pirates-4.0.7.tgz 3005ms (cache miss)
3155 http fetch GET 200 https://registry.npmjs.org/picomatch/-/picomatch-3.0.1.tgz 3007ms (cache miss)
3156 http fetch GET 200 https://registry.npmjs.org/package-json-from-dist/-/package-json-from-dist-1.0.1.tgz 2970ms (cache miss)
3157 http fetch GET 200 https://registry.npmjs.org/path-parse/-/path-parse-1.0.7.tgz 2970ms (cache miss)
3158 http fetch GET 200 https://registry.npmjs.org/scheduler/-/scheduler-0.27.0.tgz 2961ms (cache miss)
3159 http fetch GET 200 https://registry.npmjs.org/prompts/-/prompts-2.4.2.tgz 3031ms (cache miss)
3160 http fetch GET 200 https://registry.npmjs.org/parseurl/-/parseurl-1.3.3.tgz 3008ms (cache miss)
3161 http fetch GET 200 https://registry.npmjs.org/ora/-/ora-3.4.0.tgz 2957ms (cache miss)
3162 http fetch GET 200 https://registry.npmjs.org/p-limit/-/p-limit-3.1.0.tgz 2963ms (cache miss)
3163 http fetch GET 200 https://registry.npmjs.org/on-headers/-/on-headers-1.1.0.tgz 2956ms (cache miss)
3164 http fetch GET 200 https://registry.npmjs.org/parse-json/-/parse-json-5.2.0.tgz 2955ms (cache miss)
3165 http fetch GET 200 https://registry.npmjs.org/once/-/once-1.4.0.tgz 2954ms (cache miss)
3166 http fetch GET 200 https://registry.npmjs.org/on-finished/-/on-finished-2.3.0.tgz 2956ms (cache miss)
3167 http fetch GET 200 https://registry.npmjs.org/open/-/open-7.4.2.tgz 2955ms (cache miss)
3168 http fetch GET 200 https://registry.npmjs.org/parse-png/-/parse-png-2.1.0.tgz 2967ms (cache miss)
3169 http fetch GET 200 https://registry.npmjs.org/nwsapi/-/nwsapi-2.2.23.tgz 2964ms (cache miss)
3170 http fetch GET 200 https://registry.npmjs.org/npm-run-path/-/npm-run-path-4.0.1.tgz 2962ms (cache miss)
3171 http fetch GET 200 https://registry.npmjs.org/object-assign/-/object-assign-4.1.1.tgz 2968ms (cache miss)
3172 http fetch GET 200 https://registry.npmjs.org/onetime/-/onetime-5.1.2.tgz 2967ms (cache miss)
3173 http fetch GET 200 https://registry.npmjs.org/nullthrows/-/nullthrows-1.1.1.tgz 2963ms (cache miss)
3174 http fetch GET 200 https://registry.npmjs.org/npm-package-arg/-/npm-package-arg-11.0.3.tgz 2961ms (cache miss)
3175 http fetch GET 200 https://registry.npmjs.org/node-int64/-/node-int64-0.4.0.tgz 2964ms (cache miss)
3176 http fetch GET 200 https://registry.npmjs.org/negotiator/-/negotiator-0.6.3.tgz 2970ms (cache miss)
3177 http fetch GET 200 https://registry.npmjs.org/natural-compare/-/natural-compare-1.4.0.tgz 2968ms (cache miss)
3178 http fetch GET 200 https://registry.npmjs.org/normalize-path/-/normalize-path-3.0.0.tgz 2974ms (cache miss)
3179 http fetch GET 200 https://registry.npmjs.org/nested-error-stacks/-/nested-error-stacks-2.0.1.tgz 2980ms (cache miss)
3180 http fetch GET 200 https://registry.npmjs.org/mz/-/mz-2.7.0.tgz 2977ms (cache miss)
3181 http fetch GET 200 https://registry.npmjs.org/ms/-/ms-2.1.3.tgz 2974ms (cache miss)
3182 http fetch GET 200 https://registry.npmjs.org/react-refresh/-/react-refresh-0.14.2.tgz 2967ms (cache miss)
3183 http fetch GET 200 https://registry.npmjs.org/ob1/-/ob1-0.83.3.tgz 2984ms (cache miss)
3184 http fetch GET 200 https://registry.npmjs.org/nanoid/-/nanoid-3.3.11.tgz 2978ms (cache miss)
3185 http fetch GET 200 https://registry.npmjs.org/mkdirp/-/mkdirp-1.0.4.tgz 2969ms (cache miss)
3186 http fetch GET 200 https://registry.npmjs.org/node-fetch/-/node-fetch-2.7.0.tgz 2989ms (cache miss)
3187 http fetch GET 200 https://registry.npmjs.org/napi-postinstall/-/napi-postinstall-0.3.4.tgz 2985ms (cache miss)
3188 http fetch GET 200 https://registry.npmjs.org/neo-async/-/neo-async-2.6.2.tgz 2980ms (cache miss)
3189 http fetch GET 200 https://registry.npmjs.org/minimist/-/minimist-1.2.8.tgz 2978ms (cache miss)
3190 http fetch GET 200 https://registry.npmjs.org/mime-types/-/mime-types-2.1.35.tgz 2978ms (cache miss)
3191 http fetch GET 200 https://registry.npmjs.org/mime/-/mime-1.6.0.tgz 2977ms (cache miss)
3192 http fetch GET 200 https://registry.npmjs.org/minizlib/-/minizlib-3.1.0.tgz 2981ms (cache miss)
3193 http fetch GET 200 https://registry.npmjs.org/node-releases/-/node-releases-2.0.27.tgz 2973ms (cache miss)
3194 http fetch GET 200 https://registry.npmjs.org/metro-symbolicate/-/metro-symbolicate-0.83.3.tgz 2976ms (cache miss)
3195 http fetch GET 200 https://registry.npmjs.org/min-indent/-/min-indent-1.0.1.tgz 2986ms (cache miss)
3196 http fetch GET 200 https://registry.npmjs.org/micromatch/-/micromatch-4.0.8.tgz 2980ms (cache miss)
3197 http fetch GET 200 https://registry.npmjs.org/metro-transform-plugins/-/metro-transform-plugins-0.83.3.tgz 2971ms (cache miss)
3198 http fetch GET 200 https://registry.npmjs.org/metro-transform-worker/-/metro-transform-worker-0.83.3.tgz 2978ms (cache miss)
3199 http fetch GET 200 https://registry.npmjs.org/mime-db/-/mime-db-1.54.0.tgz 2972ms (cache miss)
3200 http fetch GET 200 https://registry.npmjs.org/metro-source-map/-/metro-source-map-0.83.3.tgz 2978ms (cache miss)
3201 http fetch GET 200 https://registry.npmjs.org/merge-stream/-/merge-stream-2.0.0.tgz 2972ms (cache miss)
3202 http fetch GET 200 https://registry.npmjs.org/minipass/-/minipass-7.1.2.tgz 2995ms (cache miss)
3203 http fetch GET 200 https://registry.npmjs.org/metro-runtime/-/metro-runtime-0.83.3.tgz 2970ms (cache miss)
3204 http fetch GET 200 https://registry.npmjs.org/metro-cache-key/-/metro-cache-key-0.83.3.tgz 2975ms (cache miss)
3205 http fetch GET 200 https://registry.npmjs.org/metro-resolver/-/metro-resolver-0.83.3.tgz 2982ms (cache miss)
3206 http fetch GET 200 https://registry.npmjs.org/memoize-one/-/memoize-one-5.2.1.tgz 2982ms (cache miss)
3207 http fetch GET 200 https://registry.npmjs.org/marky/-/marky-1.3.0.tgz 2983ms (cache miss)
3208 http fetch GET 200 https://registry.npmjs.org/math-intrinsics/-/math-intrinsics-1.1.0.tgz 2986ms (cache miss)
3209 http fetch GET 200 https://registry.npmjs.org/metro-config/-/metro-config-0.83.3.tgz 2979ms (cache miss)
3210 http fetch GET 200 https://registry.npmjs.org/metro-cache/-/metro-cache-0.83.3.tgz 2980ms (cache miss)
3211 http fetch GET 200 https://registry.npmjs.org/makeerror/-/makeerror-1.0.12.tgz 2972ms (cache miss)
3212 http fetch GET 200 https://registry.npmjs.org/react-is/-/react-is-18.3.1.tgz 2975ms (cache miss)
3213 http fetch GET 200 https://registry.npmjs.org/loose-envify/-/loose-envify-1.4.0.tgz 2977ms (cache miss)
3214 http fetch GET 200 https://registry.npmjs.org/make-error/-/make-error-1.3.6.tgz 2968ms (cache miss)
3215 http fetch GET 200 https://registry.npmjs.org/lodash.throttle/-/lodash.throttle-4.1.1.tgz 2990ms (cache miss)
3216 http fetch GET 200 https://registry.npmjs.org/metro-minify-terser/-/metro-minify-terser-0.83.3.tgz 3016ms (cache miss)
3217 http fetch GET 200 https://registry.npmjs.org/lines-and-columns/-/lines-and-columns-1.2.4.tgz 2986ms (cache miss)
3218 http fetch GET 200 https://registry.npmjs.org/leven/-/leven-3.1.0.tgz 2984ms (cache miss)
3219 http fetch GET 200 https://registry.npmjs.org/lan-network/-/lan-network-0.1.7.tgz 2982ms (cache miss)
3220 http fetch GET 200 https://registry.npmjs.org/metro-core/-/metro-core-0.83.3.tgz 2984ms (cache miss)
3221 http fetch GET 200 https://registry.npmjs.org/log-symbols/-/log-symbols-2.2.0.tgz 2992ms (cache miss)
3222 http fetch GET 200 https://registry.npmjs.org/lodash.debounce/-/lodash.debounce-4.0.8.tgz 2997ms (cache miss)
3223 http fetch GET 200 https://registry.npmjs.org/lighthouse-logger/-/lighthouse-logger-1.4.2.tgz 2987ms (cache miss)
3224 http fetch GET 200 https://registry.npmjs.org/lodash.memoize/-/lodash.memoize-4.1.2.tgz 2991ms (cache miss)
3225 http fetch GET 200 https://registry.npmjs.org/lru-cache/-/lru-cache-5.1.1.tgz 2995ms (cache miss)
3226 http fetch GET 200 https://registry.npmjs.org/metro-babel-transformer/-/metro-babel-transformer-0.83.3.tgz 3008ms (cache miss)
3227 http fetch GET 200 https://registry.npmjs.org/mimic-fn/-/mimic-fn-2.1.0.tgz 2996ms (cache miss)
3228 http fetch GET 200 https://registry.npmjs.org/kleur/-/kleur-3.0.3.tgz 2992ms (cache miss)
3229 http fetch GET 200 https://registry.npmjs.org/jest-watch-select-projects/-/jest-watch-select-projects-2.0.0.tgz 3013ms (cache miss)
3230 http fetch GET 200 https://registry.npmjs.org/plist/-/plist-3.1.0.tgz 3286ms (cache miss)
3231 http fetch GET 200 https://registry.npmjs.org/jsesc/-/jsesc-3.1.0.tgz 3038ms (cache miss)
3232 http fetch GET 200 https://registry.npmjs.org/jest-watch-typeahead/-/jest-watch-typeahead-2.2.1.tgz 3036ms (cache miss)
3233 http fetch GET 200 https://registry.npmjs.org/psl/-/psl-1.15.0.tgz 3341ms (cache miss)
3234 http fetch GET 200 https://registry.npmjs.org/jsc-safe-url/-/jsc-safe-url-0.2.4.tgz 3050ms (cache miss)
3235 http fetch GET 200 https://registry.npmjs.org/js-tokens/-/js-tokens-4.0.0.tgz 3060ms (cache miss)
3236 http fetch GET 200 https://registry.npmjs.org/jest-pnp-resolver/-/jest-pnp-resolver-1.2.3.tgz 3046ms (cache miss)
3237 http fetch GET 200 https://registry.npmjs.org/jest-watcher/-/jest-watcher-30.2.0.tgz 3048ms (cache miss)
3238 http fetch GET 200 https://registry.npmjs.org/jest-validate/-/jest-validate-30.2.0.tgz 3058ms (cache miss)
3239 http fetch GET 200 https://registry.npmjs.org/jest-util/-/jest-util-30.2.0.tgz 3062ms (cache miss)
3240 http fetch GET 200 https://registry.npmjs.org/jest-resolve-dependencies/-/jest-resolve-dependencies-30.2.0.tgz 3048ms (cache miss)
3241 http fetch GET 200 https://registry.npmjs.org/source-map/-/source-map-0.6.1.tgz 3527ms (cache miss)
3242 http fetch GET 200 https://registry.npmjs.org/jest-snapshot/-/jest-snapshot-30.2.0.tgz 3058ms (cache miss)
3243 http fetch GET 200 https://registry.npmjs.org/jest-regex-util/-/jest-regex-util-30.0.1.tgz 3048ms (cache miss)
3244 http fetch GET 200 https://registry.npmjs.org/jest-message-util/-/jest-message-util-30.2.0.tgz 3068ms (cache miss)
3245 http fetch GET 200 https://registry.npmjs.org/json-parse-even-better-errors/-/json-parse-even-better-errors-2.3.1.tgz 3067ms (cache miss)
3246 http fetch GET 200 https://registry.npmjs.org/jest-runner/-/jest-runner-30.2.0.tgz 3077ms (cache miss)
3247 http fetch GET 200 https://registry.npmjs.org/jest-mock/-/jest-mock-30.2.0.tgz 3071ms (cache miss)
3248 http fetch GET 200 https://registry.npmjs.org/path-scurry/-/path-scurry-2.0.1.tgz 3413ms (cache miss)
3249 http fetch GET 200 https://registry.npmjs.org/jest-runtime/-/jest-runtime-30.2.0.tgz 3119ms (cache miss)
3250 http fetch GET 200 https://registry.npmjs.org/jest-leak-detector/-/jest-leak-detector-30.2.0.tgz 3125ms (cache miss)
3251 http fetch GET 200 https://registry.npmjs.org/jest-environment-jsdom/-/jest-environment-jsdom-29.7.0.tgz 3118ms (cache miss)
3252 http fetch GET 200 https://registry.npmjs.org/jest-docblock/-/jest-docblock-30.2.0.tgz 3108ms (cache miss)
3253 http fetch GET 200 https://registry.npmjs.org/isexe/-/isexe-2.0.0.tgz 3099ms (cache miss)
3254 http fetch GET 200 https://registry.npmjs.org/jest-get-type/-/jest-get-type-29.6.3.tgz 3110ms (cache miss)
3255 http fetch GET 200 https://registry.npmjs.org/jest-changed-files/-/jest-changed-files-30.2.0.tgz 3098ms (cache miss)
3256 http fetch GET 200 https://registry.npmjs.org/jest-each/-/jest-each-30.2.0.tgz 3092ms (cache miss)
3257 http fetch GET 200 https://registry.npmjs.org/jest-resolve/-/jest-resolve-30.2.0.tgz 3132ms (cache miss)
3258 http fetch GET 200 https://registry.npmjs.org/istanbul-lib-source-maps/-/istanbul-lib-source-maps-5.0.6.tgz 3102ms (cache miss)
3259 http fetch GET 200 https://registry.npmjs.org/istanbul-lib-report/-/istanbul-lib-report-3.0.1.tgz 3101ms (cache miss)
3260 http fetch GET 200 https://registry.npmjs.org/json5/-/json5-2.2.3.tgz 3140ms (cache miss)
3261 http fetch GET 200 https://registry.npmjs.org/jest-haste-map/-/jest-haste-map-30.2.0.tgz 3141ms (cache miss)
3262 http fetch GET 200 https://registry.npmjs.org/jackspeak/-/jackspeak-3.4.3.tgz 3162ms (cache miss)
3263 http fetch GET 200 https://registry.npmjs.org/jest-matcher-utils/-/jest-matcher-utils-30.2.0.tgz 3143ms (cache miss)
3264 http fetch GET 200 https://registry.npmjs.org/is-number/-/is-number-7.0.0.tgz 3115ms (cache miss)
3265 http fetch GET 200 https://registry.npmjs.org/jest-diff/-/jest-diff-30.2.0.tgz 3126ms (cache miss)
3266 http fetch GET 200 https://registry.npmjs.org/is-potential-custom-element-name/-/is-potential-custom-element-name-1.0.1.tgz 3131ms (cache miss)
3267 http fetch GET 200 https://registry.npmjs.org/is-wsl/-/is-wsl-2.2.0.tgz 3117ms (cache miss)
3268 http fetch GET 200 https://registry.npmjs.org/is-docker/-/is-docker-2.2.1.tgz 3119ms (cache miss)
3269 http fetch GET 200 https://registry.npmjs.org/is-core-module/-/is-core-module-2.16.1.tgz 3120ms (cache miss)
3270 http fetch GET 200 https://registry.npmjs.org/is-generator-fn/-/is-generator-fn-2.1.0.tgz 3125ms (cache miss)
3271 http fetch GET 200 https://registry.npmjs.org/is-fullwidth-code-point/-/is-fullwidth-code-point-3.0.0.tgz 3118ms (cache miss)
3272 http fetch GET 200 https://registry.npmjs.org/istanbul-lib-coverage/-/istanbul-lib-coverage-3.2.2.tgz 3131ms (cache miss)
3273 http fetch GET 200 https://registry.npmjs.org/inflight/-/inflight-1.0.6.tgz 3118ms (cache miss)
3274 http fetch GET 200 https://registry.npmjs.org/istanbul-lib-instrument/-/istanbul-lib-instrument-6.0.3.tgz 3133ms (cache miss)
3275 http fetch GET 200 https://registry.npmjs.org/invariant/-/invariant-2.2.4.tgz 3122ms (cache miss)
3276 http fetch GET 200 https://registry.npmjs.org/inherits/-/inherits-2.0.4.tgz 3126ms (cache miss)
3277 http fetch GET 200 https://registry.npmjs.org/jest-expo/-/jest-expo-54.0.17.tgz 3138ms (cache miss)
3278 http fetch GET 200 https://registry.npmjs.org/ieee754/-/ieee754-1.2.1.tgz 3129ms (cache miss)
3279 http fetch GET 200 https://registry.npmjs.org/jest/-/jest-30.2.0.tgz 3132ms (cache miss)
3280 http fetch GET 200 https://registry.npmjs.org/jest-environment-node/-/jest-environment-node-30.2.0.tgz 3130ms (cache miss)
3281 http fetch GET 200 https://registry.npmjs.org/indent-string/-/indent-string-4.0.0.tgz 3132ms (cache miss)
3282 http fetch GET 200 https://registry.npmjs.org/is-arrayish/-/is-arrayish-0.2.1.tgz 3130ms (cache miss)
3283 http fetch GET 200 https://registry.npmjs.org/ini/-/ini-1.3.8.tgz 3135ms (cache miss)
3284 http fetch GET 200 https://registry.npmjs.org/import-local/-/import-local-3.2.0.tgz 3136ms (cache miss)
3285 http fetch GET 200 https://registry.npmjs.org/https-proxy-agent/-/https-proxy-agent-5.0.1.tgz 3134ms (cache miss)
3286 http fetch GET 200 https://registry.npmjs.org/imurmurhash/-/imurmurhash-0.1.4.tgz 3138ms (cache miss)
3287 http fetch GET 200 https://registry.npmjs.org/is-stream/-/is-stream-2.0.1.tgz 3137ms (cache miss)
3288 http fetch GET 200 https://registry.npmjs.org/ignore/-/ignore-5.3.2.tgz 3130ms (cache miss)
3289 http fetch GET 200 https://registry.npmjs.org/jest-cli/-/jest-cli-30.2.0.tgz 3127ms (cache miss)
3290 http fetch GET 200 https://registry.npmjs.org/hyphenate-style-name/-/hyphenate-style-name-1.1.0.tgz 3124ms (cache miss)
3291 http fetch GET 200 https://registry.npmjs.org/inline-style-prefixer/-/inline-style-prefixer-7.0.1.tgz 3133ms (cache miss)
3292 http fetch GET 200 https://registry.npmjs.org/jest-config/-/jest-config-30.2.0.tgz 3146ms (cache miss)
3293 http fetch GET 200 https://registry.npmjs.org/http-proxy-agent/-/http-proxy-agent-5.0.0.tgz 3134ms (cache miss)
3294 http fetch GET 200 https://registry.npmjs.org/uglify-js/-/uglify-js-3.19.3.tgz 3870ms (cache miss)
3295 http fetch GET 200 https://registry.npmjs.org/has-flag/-/has-flag-4.0.0.tgz 3134ms (cache miss)
3296 http fetch GET 200 https://registry.npmjs.org/html-encoding-sniffer/-/html-encoding-sniffer-3.0.0.tgz 3135ms (cache miss)
3297 http fetch GET 200 https://registry.npmjs.org/jimp-compact/-/jimp-compact-0.16.1.tgz 3326ms (cache miss)
3298 http fetch GET 200 https://registry.npmjs.org/stacktrace-js/-/stacktrace-js-2.0.2.tgz 3778ms (cache miss)
3299 http fetch GET 200 https://registry.npmjs.org/has-symbols/-/has-symbols-1.1.0.tgz 3145ms (cache miss)
3300 http fetch GET 200 https://registry.npmjs.org/human-signals/-/human-signals-2.1.0.tgz 3144ms (cache miss)
3301 http fetch GET 200 https://registry.npmjs.org/http-errors/-/http-errors-2.0.1.tgz 3141ms (cache miss)
3302 http fetch GET 200 https://registry.npmjs.org/html-escaper/-/html-escaper-2.0.2.tgz 3142ms (cache miss)
3303 http fetch GET 200 https://registry.npmjs.org/has-tostringtag/-/has-tostringtag-1.0.2.tgz 3143ms (cache miss)
3304 http fetch GET 200 https://registry.npmjs.org/hermes-estree/-/hermes-estree-0.29.1.tgz 3149ms (cache miss)
3305 http fetch GET 200 https://registry.npmjs.org/hasown/-/hasown-2.0.2.tgz 3145ms (cache miss)
3306 http fetch GET 200 https://registry.npmjs.org/gopd/-/gopd-1.2.0.tgz 3142ms (cache miss)
3307 http fetch GET 200 https://registry.npmjs.org/image-size/-/image-size-1.2.1.tgz 3145ms (cache miss)
3308 http fetch GET 200 https://registry.npmjs.org/jest-circus/-/jest-circus-30.2.0.tgz 3161ms (cache miss)
3309 http fetch GET 200 https://registry.npmjs.org/graceful-fs/-/graceful-fs-4.2.11.tgz 3153ms (cache miss)
3310 http fetch GET 200 https://registry.npmjs.org/hosted-git-info/-/hosted-git-info-7.0.2.tgz 3151ms (cache miss)
3311 http fetch GET 200 https://registry.npmjs.org/get-caller-file/-/get-caller-file-2.0.5.tgz 3139ms (cache miss)
3312 http fetch GET 200 https://registry.npmjs.org/global-dirs/-/global-dirs-0.1.1.tgz 3151ms (cache miss)
3313 http fetch GET 200 https://registry.npmjs.org/fresh/-/fresh-0.5.2.tgz 3140ms (cache miss)
3314 http fetch GET 200 https://registry.npmjs.org/get-proto/-/get-proto-1.0.1.tgz 3157ms (cache miss)
3315 http fetch GET 200 https://registry.npmjs.org/get-intrinsic/-/get-intrinsic-1.3.0.tgz 3151ms (cache miss)
3316 http fetch GET 200 https://registry.npmjs.org/get-stream/-/get-stream-6.0.1.tgz 3152ms (cache miss)
3317 http fetch GET 200 https://registry.npmjs.org/function-bind/-/function-bind-1.1.2.tgz 3153ms (cache miss)
3318 http fetch GET 200 https://registry.npmjs.org/gensync/-/gensync-1.0.0-beta.2.tgz 3154ms (cache miss)
3319 http fetch GET 200 https://registry.npmjs.org/fs.realpath/-/fs.realpath-1.0.0.tgz 3136ms (cache miss)
3320 http fetch GET 200 https://registry.npmjs.org/freeport-async/-/freeport-async-2.0.0.tgz 3145ms (cache miss)
3321 http fetch GET 200 https://registry.npmjs.org/pngjs/-/pngjs-3.4.0.tgz 3640ms (cache miss)
3322 http fetch GET 200 https://registry.npmjs.org/lightningcss/-/lightningcss-1.31.1.tgz 3430ms (cache miss)
3323 http fetch GET 200 https://registry.npmjs.org/get-package-type/-/get-package-type-0.1.0.tgz 3158ms (cache miss)
3324 http fetch GET 200 https://registry.npmjs.org/fbjs-css-vars/-/fbjs-css-vars-1.0.2.tgz 3149ms (cache miss)
3325 http fetch GET 200 https://registry.npmjs.org/fb-watchman/-/fb-watchman-2.0.2.tgz 3152ms (cache miss)
3326 http fetch GET 200 https://registry.npmjs.org/fill-range/-/fill-range-7.1.1.tgz 3151ms (cache miss)
3327 http fetch GET 200 https://registry.npmjs.org/flow-enums-runtime/-/flow-enums-runtime-0.0.6.tgz 3153ms (cache miss)
3328 http fetch GET 200 https://registry.npmjs.org/fdir/-/fdir-6.5.0.tgz 3154ms (cache miss)
3329 http fetch GET 200 https://registry.npmjs.org/react-test-renderer/-/react-test-renderer-19.1.0.tgz 3447ms (cache miss)
3330 http fetch GET 200 https://registry.npmjs.org/form-data/-/form-data-4.0.5.tgz 3166ms (cache miss)
3331 http fetch GET 200 https://registry.npmjs.org/exponential-backoff/-/exponential-backoff-3.1.3.tgz 3180ms (cache miss)
3332 http fetch GET 200 https://registry.npmjs.org/foreground-child/-/foreground-child-3.3.1.tgz 3187ms (cache miss)
3333 http fetch GET 200 https://registry.npmjs.org/fast-json-stable-stringify/-/fast-json-stable-stringify-2.1.0.tgz 3188ms (cache miss)
3334 http fetch GET 200 https://registry.npmjs.org/fontfaceobserver/-/fontfaceobserver-2.3.0.tgz 3190ms (cache miss)
3335 http fetch GET 200 https://registry.npmjs.org/finalhandler/-/finalhandler-1.1.2.tgz 3188ms (cache miss)
3336 http fetch GET 200 https://registry.npmjs.org/expo-keep-awake/-/expo-keep-awake-15.0.8.tgz 3170ms (cache miss)
3337 http fetch GET 200 https://registry.npmjs.org/expo-status-bar/-/expo-status-bar-3.0.9.tgz 3180ms (cache miss)
3338 http fetch GET 200 https://registry.npmjs.org/exec-async/-/exec-async-2.2.0.tgz 3165ms (cache miss)
3339 http fetch GET 200 https://registry.npmjs.org/expo-server/-/expo-server-1.0.5.tgz 3210ms (cache miss)
3340 http fetch GET 200 https://registry.npmjs.org/etag/-/etag-1.8.1.tgz 3182ms (cache miss)
3341 http fetch GET 200 https://registry.npmjs.org/exit-x/-/exit-x-0.2.2.tgz 3176ms (cache miss)
3342 http fetch GET 200 https://registry.npmjs.org/estraverse/-/estraverse-5.3.0.tgz 3180ms (cache miss)
3343 http fetch GET 200 https://registry.npmjs.org/expo-constants/-/expo-constants-18.0.13.tgz 3186ms (cache miss)
3344 http fetch GET 200 https://registry.npmjs.org/expect/-/expect-30.2.0.tgz 3178ms (cache miss)
3345 http fetch GET 200 https://registry.npmjs.org/execa/-/execa-5.1.1.tgz 3187ms (cache miss)
3346 http fetch GET 200 https://registry.npmjs.org/escape-html/-/escape-html-1.0.3.tgz 3172ms (cache miss)
3347 http fetch GET 200 https://registry.npmjs.org/esutils/-/esutils-2.0.3.tgz 3175ms (cache miss)
3348 http fetch GET 200 https://registry.npmjs.org/es-set-tostringtag/-/es-set-tostringtag-2.1.0.tgz 3174ms (cache miss)
3349 http fetch GET 200 https://registry.npmjs.org/es-object-atoms/-/es-object-atoms-1.1.1.tgz 3175ms (cache miss)
3350 http fetch GET 200 https://registry.npmjs.org/escalade/-/escalade-3.2.0.tgz 3176ms (cache miss)
3351 http fetch GET 200 https://registry.npmjs.org/esprima/-/esprima-4.0.1.tgz 3187ms (cache miss)
3352 http fetch GET 200 https://registry.npmjs.org/escape-string-regexp/-/escape-string-regexp-4.0.0.tgz 3179ms (cache miss)
3353 http fetch GET 200 https://registry.npmjs.org/escodegen/-/escodegen-2.1.0.tgz 3180ms (cache miss)
3354 http fetch GET 200 https://registry.npmjs.org/es-errors/-/es-errors-1.3.0.tgz 3182ms (cache miss)
3355 http fetch GET 200 https://registry.npmjs.org/event-target-shim/-/event-target-shim-5.0.1.tgz 3191ms (cache miss)
3356 http fetch GET 200 https://registry.npmjs.org/emoji-regex/-/emoji-regex-8.0.0.tgz 3176ms (cache miss)
3357 http fetch GET 200 https://registry.npmjs.org/es-define-property/-/es-define-property-1.0.1.tgz 3183ms (cache miss)
3358 http fetch GET 200 https://registry.npmjs.org/env-editor/-/env-editor-0.4.2.tgz 3186ms (cache miss)
3359 http fetch GET 200 https://registry.npmjs.org/ee-first/-/ee-first-1.1.1.tgz 3184ms (cache miss)
3360 http fetch GET 200 https://registry.npmjs.org/emittery/-/emittery-0.13.1.tgz 3190ms (cache miss)
3361 http fetch GET 200 https://registry.npmjs.org/encodeurl/-/encodeurl-1.0.2.tgz 3188ms (cache miss)
3362 http fetch GET 200 https://registry.npmjs.org/detect-newline/-/detect-newline-3.1.0.tgz 3175ms (cache miss)
3363 http fetch GET 200 https://registry.npmjs.org/error-ex/-/error-ex-1.3.4.tgz 3183ms (cache miss)
3364 http fetch GET 200 https://registry.npmjs.org/domexception/-/domexception-4.0.0.tgz 3179ms (cache miss)
3365 http fetch GET 200 https://registry.npmjs.org/eastasianwidth/-/eastasianwidth-0.2.0.tgz 3177ms (cache miss)
3366 http fetch GET 200 https://registry.npmjs.org/dotenv/-/dotenv-16.4.7.tgz 3178ms (cache miss)
3367 http fetch GET 200 https://registry.npmjs.org/error-stack-parser/-/error-stack-parser-2.1.4.tgz 3189ms (cache miss)
3368 http fetch GET 200 https://registry.npmjs.org/detect-libc/-/detect-libc-2.1.2.tgz 3179ms (cache miss)
3369 http fetch GET 200 https://registry.npmjs.org/defaults/-/defaults-1.0.4.tgz 3181ms (cache miss)
3370 http fetch GET 200 https://registry.npmjs.org/diff-sequences/-/diff-sequences-29.6.3.tgz 3183ms (cache miss)
3371 http fetch GET 200 https://registry.npmjs.org/destroy/-/destroy-1.2.0.tgz 3197ms (cache miss)
3372 http fetch GET 200 https://registry.npmjs.org/define-lazy-prop/-/define-lazy-prop-2.0.0.tgz 3199ms (cache miss)
3373 http fetch GET 200 https://registry.npmjs.org/dotenv-expand/-/dotenv-expand-11.0.7.tgz 3227ms (cache miss)
3374 http fetch GET 200 https://registry.npmjs.org/depd/-/depd-2.0.0.tgz 3232ms (cache miss)
3375 http fetch GET 200 https://registry.npmjs.org/deepmerge/-/deepmerge-4.3.1.tgz 3237ms (cache miss)
3376 http fetch GET 200 https://registry.npmjs.org/deep-extend/-/deep-extend-0.6.0.tgz 3228ms (cache miss)
3377 http fetch GET 200 https://registry.npmjs.org/data-urls/-/data-urls-3.0.2.tgz 3223ms (cache miss)
3378 http fetch GET 200 https://registry.npmjs.org/delayed-stream/-/delayed-stream-1.0.0.tgz 3279ms (cache miss)
3379 http fetch GET 200 https://registry.npmjs.org/debug/-/debug-4.4.3.tgz 3301ms (cache miss)
3380 http fetch GET 200 https://registry.npmjs.org/cssom/-/cssom-0.5.0.tgz 3297ms (cache miss)
3381 http fetch GET 200 https://registry.npmjs.org/electron-to-chromium/-/electron-to-chromium-1.5.286.tgz 3304ms (cache miss)
3382 http fetch GET 200 https://registry.npmjs.org/dedent/-/dedent-1.7.1.tgz 3291ms (cache miss)
3383 http fetch GET 200 https://registry.npmjs.org/decimal.js/-/decimal.js-10.6.0.tgz 3319ms (cache miss)
3384 http fetch GET 200 https://registry.npmjs.org/crypto-random-string/-/crypto-random-string-2.0.0.tgz 3317ms (cache miss)
3385 http fetch GET 200 https://registry.npmjs.org/compressible/-/compressible-2.0.18.tgz 3327ms (cache miss)
3386 http fetch GET 200 https://registry.npmjs.org/compression/-/compression-1.8.1.tgz 3328ms (cache miss)
3387 http fetch GET 200 https://registry.npmjs.org/cross-spawn/-/cross-spawn-7.0.6.tgz 3330ms (cache miss)
3388 http fetch GET 200 https://registry.npmjs.org/css-in-js-utils/-/css-in-js-utils-3.1.0.tgz 3340ms (cache miss)
3389 http fetch GET 200 https://registry.npmjs.org/concat-map/-/concat-map-0.0.1.tgz 3339ms (cache miss)
3390 http fetch GET 200 https://registry.npmjs.org/cross-fetch/-/cross-fetch-3.2.0.tgz 3336ms (cache miss)
3391 http fetch GET 200 https://registry.npmjs.org/cssstyle/-/cssstyle-2.3.0.tgz 3342ms (cache miss)
3392 http fetch GET 200 https://registry.npmjs.org/color-convert/-/color-convert-2.0.1.tgz 3336ms (cache miss)
3393 http fetch GET 200 https://registry.npmjs.org/dunder-proto/-/dunder-proto-1.0.1.tgz 3353ms (cache miss)
3394 http fetch GET 200 https://registry.npmjs.org/convert-source-map/-/convert-source-map-2.0.0.tgz 3342ms (cache miss)
3395 http fetch GET 200 https://registry.npmjs.org/commander/-/commander-7.2.0.tgz 3369ms (cache miss)
3396 http fetch GET 200 https://registry.npmjs.org/co/-/co-4.6.0.tgz 3361ms (cache miss)
3397 http fetch GET 200 https://registry.npmjs.org/chownr/-/chownr-3.0.0.tgz 3355ms (cache miss)
3398 http fetch GET 200 https://registry.npmjs.org/cliui/-/cliui-8.0.1.tgz 3358ms (cache miss)
3399 http fetch GET 200 https://registry.npmjs.org/core-js-compat/-/core-js-compat-3.48.0.tgz 3374ms (cache miss)
3400 http fetch GET 200 https://registry.npmjs.org/collect-v8-coverage/-/collect-v8-coverage-1.0.3.tgz 3360ms (cache miss)
3401 http fetch GET 200 https://registry.npmjs.org/clone/-/clone-1.0.4.tgz 3365ms (cache miss)
3402 http fetch GET 200 https://registry.npmjs.org/camelcase/-/camelcase-5.3.1.tgz 3348ms (cache miss)
3403 http fetch GET 200 https://registry.npmjs.org/cli-cursor/-/cli-cursor-2.1.0.tgz 3361ms (cache miss)
3404 http fetch GET 200 https://registry.npmjs.org/combined-stream/-/combined-stream-1.0.8.tgz 3372ms (cache miss)
3405 http fetch GET 200 https://registry.npmjs.org/ci-info/-/ci-info-3.9.0.tgz 3348ms (cache miss)
3406 http fetch GET 200 https://registry.npmjs.org/char-regex/-/char-regex-1.0.2.tgz 3361ms (cache miss)
3407 http fetch GET 200 https://registry.npmjs.org/connect/-/connect-3.7.0.tgz 3371ms (cache miss)
3408 http fetch GET 200 https://registry.npmjs.org/cli-spinners/-/cli-spinners-2.9.2.tgz 3365ms (cache miss)
3409 http fetch GET 200 https://registry.npmjs.org/callsites/-/callsites-3.1.0.tgz 3348ms (cache miss)
3410 http fetch GET 200 https://registry.npmjs.org/chromium-edge-launcher/-/chromium-edge-launcher-0.2.0.tgz 3369ms (cache miss)
3411 http fetch GET 200 https://registry.npmjs.org/chrome-launcher/-/chrome-launcher-0.15.2.tgz 3367ms (cache miss)
3412 http fetch GET 200 https://registry.npmjs.org/chalk/-/chalk-4.1.2.tgz 3352ms (cache miss)
3413 http fetch GET 200 https://registry.npmjs.org/bytes/-/bytes-3.1.2.tgz 3353ms (cache miss)
3414 http fetch GET 200 https://registry.npmjs.org/color-name/-/color-name-1.1.4.tgz 3357ms (cache miss)
3415 http fetch GET 200 https://registry.npmjs.org/bser/-/bser-2.1.1.tgz 3359ms (cache miss)
3416 http fetch GET 200 https://registry.npmjs.org/buffer-from/-/buffer-from-1.1.2.tgz 3357ms (cache miss)
3417 http fetch GET 200 https://registry.npmjs.org/bs-logger/-/bs-logger-0.2.6.tgz 3368ms (cache miss)
3418 http fetch GET 200 https://registry.npmjs.org/call-bind-apply-helpers/-/call-bind-apply-helpers-1.0.2.tgz 3369ms (cache miss)
3419 http fetch GET 200 https://registry.npmjs.org/braces/-/braces-3.0.3.tgz 3371ms (cache miss)
3420 http fetch GET 200 https://registry.npmjs.org/cjs-module-lexer/-/cjs-module-lexer-2.2.0.tgz 3374ms (cache miss)
3421 http fetch GET 200 https://registry.npmjs.org/buffer/-/buffer-5.7.1.tgz 3371ms (cache miss)
3422 http fetch GET 200 https://registry.npmjs.org/bplist-parser/-/bplist-parser-0.3.2.tgz 3369ms (cache miss)
3423 http fetch GET 200 https://registry.npmjs.org/browserslist/-/browserslist-4.28.1.tgz 3367ms (cache miss)
3424 http fetch GET 200 https://registry.npmjs.org/brace-expansion/-/brace-expansion-2.0.2.tgz 3363ms (cache miss)
3425 http fetch GET 200 https://registry.npmjs.org/bplist-creator/-/bplist-creator-0.1.0.tgz 3369ms (cache miss)
3426 http fetch GET 200 https://registry.npmjs.org/balanced-match/-/balanced-match-1.0.2.tgz 3377ms (cache miss)
3427 http fetch GET 200 https://registry.npmjs.org/babel-preset-current-node-syntax/-/babel-preset-current-node-syntax-1.2.0.tgz 3387ms (cache miss)
3428 http fetch GET 200 https://registry.npmjs.org/babel-plugin-transform-flow-enums/-/babel-plugin-transform-flow-enums-0.0.2.tgz 3394ms (cache miss)
3429 http fetch GET 200 https://registry.npmjs.org/babel-plugin-polyfill-regenerator/-/babel-plugin-polyfill-regenerator-0.6.6.tgz 3382ms (cache miss)
3430 http fetch GET 200 https://registry.npmjs.org/base64-js/-/base64-js-1.5.1.tgz 3388ms (cache miss)
3431 http fetch GET 200 https://registry.npmjs.org/babel-preset-jest/-/babel-preset-jest-30.2.0.tgz 3392ms (cache miss)
3432 http fetch GET 200 https://registry.npmjs.org/baseline-browser-mapping/-/baseline-browser-mapping-2.9.19.tgz 3402ms (cache miss)
3433 http fetch GET 200 https://registry.npmjs.org/babel-plugin-react-native-web/-/babel-plugin-react-native-web-0.21.2.tgz 3383ms (cache miss)
3434 http fetch GET 200 https://registry.npmjs.org/babel-preset-expo/-/babel-preset-expo-54.0.10.tgz 3390ms (cache miss)
3435 http fetch GET 200 https://registry.npmjs.org/babel-plugin-polyfill-corejs2/-/babel-plugin-polyfill-corejs2-0.4.15.tgz 3394ms (cache miss)
3436 http fetch GET 200 https://registry.npmjs.org/babel-plugin-istanbul/-/babel-plugin-istanbul-7.0.1.tgz 3390ms (cache miss)
3437 http fetch GET 200 https://registry.npmjs.org/big-integer/-/big-integer-1.6.52.tgz 3435ms (cache miss)
3438 http fetch GET 200 https://registry.npmjs.org/asap/-/asap-2.0.6.tgz 3405ms (cache miss)
3439 http fetch GET 200 https://registry.npmjs.org/babel-plugin-jest-hoist/-/babel-plugin-jest-hoist-30.2.0.tgz 3401ms (cache miss)
3440 http fetch GET 200 https://registry.npmjs.org/any-promise/-/any-promise-1.3.0.tgz 3388ms (cache miss)
3441 http fetch GET 200 https://registry.npmjs.org/arg/-/arg-5.0.2.tgz 3396ms (cache miss)
3442 http fetch GET 200 https://registry.npmjs.org/babel-plugin-syntax-hermes-parser/-/babel-plugin-syntax-hermes-parser-0.29.1.tgz 3395ms (cache miss)
3443 http fetch GET 200 https://registry.npmjs.org/async-limiter/-/async-limiter-1.0.1.tgz 3394ms (cache miss)
3444 http fetch GET 200 https://registry.npmjs.org/babel-jest/-/babel-jest-30.2.0.tgz 3405ms (cache miss)
3445 http fetch GET 200 https://registry.npmjs.org/anymatch/-/anymatch-3.1.3.tgz 3404ms (cache miss)
3446 http fetch GET 200 https://registry.npmjs.org/argparse/-/argparse-2.0.1.tgz 3410ms (cache miss)
3447 http fetch GET 200 https://registry.npmjs.org/await-lock/-/await-lock-2.2.2.tgz 3411ms (cache miss)
3448 http fetch GET 200 https://registry.npmjs.org/ansi-escapes/-/ansi-escapes-4.3.2.tgz 3409ms (cache miss)
3449 http fetch GET 200 https://registry.npmjs.org/babel-plugin-polyfill-corejs3/-/babel-plugin-polyfill-corejs3-0.13.0.tgz 3421ms (cache miss)
3450 http fetch GET 200 https://registry.npmjs.org/asynckit/-/asynckit-0.4.0.tgz 3412ms (cache miss)
3451 http fetch GET 200 https://registry.npmjs.org/better-opn/-/better-opn-3.0.2.tgz 3459ms (cache miss)
3452 http fetch GET 200 https://registry.npmjs.org/agent-base/-/agent-base-6.0.2.tgz 3423ms (cache miss)
3453 http fetch GET 200 https://registry.npmjs.org/accepts/-/accepts-1.3.8.tgz 3434ms (cache miss)
3454 http fetch GET 200 https://registry.npmjs.org/ansi-styles/-/ansi-styles-4.3.0.tgz 3447ms (cache miss)
3455 http fetch GET 200 https://registry.npmjs.org/abort-controller/-/abort-controller-3.0.0.tgz 3446ms (cache miss)
3456 http fetch GET 200 https://registry.npmjs.org/acorn-globals/-/acorn-globals-7.0.1.tgz 3475ms (cache miss)
3457 http fetch GET 200 https://registry.npmjs.org/acorn-walk/-/acorn-walk-8.3.4.tgz 3468ms (cache miss)
3458 http fetch GET 200 https://registry.npmjs.org/abab/-/abab-2.0.6.tgz 3478ms (cache miss)
3459 http fetch GET 200 https://registry.npmjs.org/anser/-/anser-1.4.10.tgz 3460ms (cache miss)
3460 http fetch GET 200 https://registry.npmjs.org/iconv-lite/-/iconv-lite-0.6.3.tgz 3911ms (cache miss)
3461 http fetch GET 200 https://registry.npmjs.org/ansi-regex/-/ansi-regex-5.0.1.tgz 3479ms (cache miss)
3462 http fetch GET 200 https://registry.npmjs.org/@urql/exchange-retry/-/exchange-retry-1.3.2.tgz 3493ms (cache miss)
3463 http fetch GET 200 https://registry.npmjs.org/js-yaml/-/js-yaml-4.1.1.tgz 4096ms (cache miss)
3464 http fetch GET 200 https://registry.npmjs.org/@types/yargs/-/yargs-17.0.35.tgz 3490ms (cache miss)
3465 http fetch GET 200 https://registry.npmjs.org/@types/stack-utils/-/stack-utils-2.0.3.tgz 3493ms (cache miss)
3466 http fetch GET 200 https://registry.npmjs.org/@types/tough-cookie/-/tough-cookie-4.0.5.tgz 3482ms (cache miss)
3467 http fetch GET 200 https://registry.npmjs.org/@types/yargs-parser/-/yargs-parser-21.0.3.tgz 3495ms (cache miss)
3468 http fetch GET 200 https://registry.npmjs.org/@ungap/structured-clone/-/structured-clone-1.3.0.tgz 3485ms (cache miss)
3469 http fetch GET 200 https://registry.npmjs.org/@types/istanbul-reports/-/istanbul-reports-3.0.4.tgz 3480ms (cache miss)
3470 http fetch GET 200 https://registry.npmjs.org/@types/react/-/react-19.1.17.tgz 3496ms (cache miss)
3471 http fetch GET 200 https://registry.npmjs.org/@types/jest/-/jest-30.0.0.tgz 3480ms (cache miss)
3472 http fetch GET 200 https://registry.npmjs.org/@types/graceful-fs/-/graceful-fs-4.1.9.tgz 3463ms (cache miss)
3473 http fetch GET 200 https://registry.npmjs.org/@types/istanbul-lib-report/-/istanbul-lib-report-3.0.3.tgz 3476ms (cache miss)
3474 http fetch GET 200 https://registry.npmjs.org/@types/babel__core/-/babel__core-7.20.5.tgz 3468ms (cache miss)
3475 http fetch GET 200 https://registry.npmjs.org/@types/istanbul-lib-coverage/-/istanbul-lib-coverage-2.0.6.tgz 3466ms (cache miss)
3476 http fetch GET 200 https://registry.npmjs.org/@types/babel__template/-/babel__template-7.4.4.tgz 3465ms (cache miss)
3477 http fetch GET 200 https://registry.npmjs.org/@types/babel__generator/-/babel__generator-7.27.0.tgz 3465ms (cache miss)
3478 http fetch GET 200 https://registry.npmjs.org/@xmldom/xmldom/-/xmldom-0.8.11.tgz 3500ms (cache miss)
3479 http fetch GET 200 https://registry.npmjs.org/@tootallnate/once/-/once-2.0.0.tgz 3464ms (cache miss)
3480 http fetch GET 200 https://registry.npmjs.org/@sinonjs/commons/-/commons-3.0.1.tgz 3434ms (cache miss)
3481 http fetch GET 200 https://registry.npmjs.org/@types/jsdom/-/jsdom-20.0.1.tgz 3465ms (cache miss)
3482 http fetch GET 200 https://registry.npmjs.org/@types/babel__traverse/-/babel__traverse-7.28.0.tgz 3470ms (cache miss)
3483 http fetch GET 200 https://registry.npmjs.org/@sinonjs/fake-timers/-/fake-timers-13.0.5.tgz 3471ms (cache miss)
3484 http fetch GET 200 https://registry.npmjs.org/@pkgjs/parseargs/-/parseargs-0.11.0.tgz 3423ms (cache miss)
3485 http fetch GET 200 https://registry.npmjs.org/@jridgewell/trace-mapping/-/trace-mapping-0.3.31.tgz 3419ms (cache miss)
3486 http fetch GET 200 https://registry.npmjs.org/@react-native/normalize-colors/-/normalize-colors-0.81.5.tgz 3415ms (cache miss)
3487 http fetch GET 200 https://registry.npmjs.org/@react-native/assets-registry/-/assets-registry-0.81.5.tgz 3404ms (cache miss)
3488 http fetch GET 200 https://registry.npmjs.org/@react-native/js-polyfills/-/js-polyfills-0.81.5.tgz 3417ms (cache miss)
3489 http fetch GET 200 https://registry.npmjs.org/csstype/-/csstype-3.2.3.tgz 3765ms (cache miss)
3490 http fetch GET 200 https://registry.npmjs.org/@jridgewell/gen-mapping/-/gen-mapping-0.3.13.tgz 3464ms (cache miss)
3491 http fetch GET 200 https://registry.npmjs.org/@react-native/babel-plugin-codegen/-/babel-plugin-codegen-0.81.5.tgz 3462ms (cache miss)
3492 http fetch GET 200 https://registry.npmjs.org/@jest/snapshot-utils/-/snapshot-utils-30.2.0.tgz 3484ms (cache miss)
3493 http fetch GET 200 https://registry.npmjs.org/@react-native/virtualized-lists/-/virtualized-lists-0.81.5.tgz 3493ms (cache miss)
3494 http fetch GET 200 https://registry.npmjs.org/@jridgewell/source-map/-/source-map-0.3.11.tgz 3508ms (cache miss)
3495 http fetch GET 200 https://registry.npmjs.org/@jridgewell/resolve-uri/-/resolve-uri-3.1.2.tgz 3519ms (cache miss)
3496 http fetch GET 200 https://registry.npmjs.org/acorn/-/acorn-8.15.0.tgz 3707ms (cache miss)
3497 http fetch GET 200 https://registry.npmjs.org/@jridgewell/remapping/-/remapping-2.3.5.tgz 3538ms (cache miss)
3498 http fetch GET 200 https://registry.npmjs.org/@jest/schemas/-/schemas-30.0.5.tgz 3537ms (cache miss)
3499 http fetch GET 200 https://registry.npmjs.org/@jest/test-result/-/test-result-30.2.0.tgz 3534ms (cache miss)
3500 http fetch GET 200 https://registry.npmjs.org/@jest/source-map/-/source-map-30.0.1.tgz 3542ms (cache miss)
3501 http fetch GET 200 https://registry.npmjs.org/@jest/get-type/-/get-type-30.1.0.tgz 3536ms (cache miss)
3502 http fetch GET 200 https://registry.npmjs.org/@react-native/dev-middleware/-/dev-middleware-0.81.5.tgz 3554ms (cache miss)
3503 http fetch GET 200 https://registry.npmjs.org/@jest/types/-/types-30.2.0.tgz 3578ms (cache miss)
3504 http fetch GET 200 https://registry.npmjs.org/@jest/pattern/-/pattern-30.0.1.tgz 3574ms (cache miss)
3505 http fetch GET 200 https://registry.npmjs.org/@jest/test-sequencer/-/test-sequencer-30.2.0.tgz 3579ms (cache miss)
3506 http fetch GET 200 https://registry.npmjs.org/@react-native/community-cli-plugin/-/community-cli-plugin-0.81.5.tgz 3589ms (cache miss)
3507 http fetch GET 200 https://registry.npmjs.org/@jest/fake-timers/-/fake-timers-30.2.0.tgz 3586ms (cache miss)
3508 http fetch GET 200 https://registry.npmjs.org/@jest/expect/-/expect-30.2.0.tgz 3578ms (cache miss)
3509 http fetch GET 200 https://registry.npmjs.org/@jest/expect-utils/-/expect-utils-30.2.0.tgz 3584ms (cache miss)
3510 http fetch GET 200 https://registry.npmjs.org/@jest/globals/-/globals-29.7.0.tgz 3580ms (cache miss)
3511 http fetch GET 200 https://registry.npmjs.org/@jest/transform/-/transform-30.2.0.tgz 3599ms (cache miss)
3512 http fetch GET 200 https://registry.npmjs.org/@pkgr/core/-/core-0.2.9.tgz 3584ms (cache miss)
3513 http fetch GET 200 https://registry.npmjs.org/@isaacs/cliui/-/cliui-8.0.2.tgz 3584ms (cache miss)
3514 http fetch GET 200 https://registry.npmjs.org/@isaacs/fs-minipass/-/fs-minipass-4.0.1.tgz 3586ms (cache miss)
3515 http fetch GET 200 https://registry.npmjs.org/@jest/diff-sequences/-/diff-sequences-30.0.1.tgz 3615ms (cache miss)
3516 http fetch GET 200 https://registry.npmjs.org/@jest/console/-/console-30.2.0.tgz 3595ms (cache miss)
3517 http fetch GET 200 https://registry.npmjs.org/@jest/create-cache-key-function/-/create-cache-key-function-29.7.0.tgz 3608ms (cache miss)
3518 http fetch GET 200 https://registry.npmjs.org/@jest/environment/-/environment-30.2.0.tgz 3610ms (cache miss)
3519 http fetch GET 200 https://registry.npmjs.org/@istanbuljs/load-nyc-config/-/load-nyc-config-1.1.0.tgz 3606ms (cache miss)
3520 http fetch GET 200 https://registry.npmjs.org/@jest/core/-/core-30.2.0.tgz 3613ms (cache miss)
3521 http fetch GET 200 https://registry.npmjs.org/@isaacs/ttlcache/-/ttlcache-1.4.1.tgz 3616ms (cache miss)
3522 http fetch GET 200 https://registry.npmjs.org/@istanbuljs/schema/-/schema-0.1.3.tgz 3617ms (cache miss)
3523 http fetch GET 200 https://registry.npmjs.org/@jridgewell/sourcemap-codec/-/sourcemap-codec-1.5.5.tgz 3633ms (cache miss)
3524 http fetch GET 200 https://registry.npmjs.org/@expo/sdk-runtime-versions/-/sdk-runtime-versions-1.0.0.tgz 3620ms (cache miss)
3525 http fetch GET 200 https://registry.npmjs.org/@expo/spawn-async/-/spawn-async-1.7.2.tgz 3639ms (cache miss)
3526 http fetch GET 200 https://registry.npmjs.org/istanbul-reports/-/istanbul-reports-3.2.0.tgz 4374ms (cache miss)
3527 http fetch GET 200 https://registry.npmjs.org/@expo/xcpretty/-/xcpretty-4.4.0.tgz 3658ms (cache miss)
3528 http fetch GET 200 https://registry.npmjs.org/@expo/ws-tunnel/-/ws-tunnel-1.0.6.tgz 3668ms (cache miss)
3529 http fetch GET 200 https://registry.npmjs.org/@expo/schema-utils/-/schema-utils-0.1.8.tgz 3654ms (cache miss)
3530 http fetch GET 200 https://registry.npmjs.org/@expo/sudo-prompt/-/sudo-prompt-9.3.2.tgz 3642ms (cache miss)
3531 http fetch GET 200 https://registry.npmjs.org/minimatch/-/minimatch-9.0.5.tgz 4630ms (cache miss)
3532 http fetch GET 200 https://registry.npmjs.org/@expo/package-manager/-/package-manager-1.9.10.tgz 3650ms (cache miss)
3533 http fetch GET 200 https://registry.npmjs.org/@expo/plist/-/plist-0.4.8.tgz 3649ms (cache miss)
3534 http fetch GET 200 https://registry.npmjs.org/@expo/osascript/-/osascript-2.3.8.tgz 3643ms (cache miss)
3535 http fetch GET 200 https://registry.npmjs.org/@expo/image-utils/-/image-utils-0.8.8.tgz 3650ms (cache miss)
3536 http fetch GET 200 https://registry.npmjs.org/@expo/json-file/-/json-file-10.0.8.tgz 3650ms (cache miss)
3537 http fetch GET 200 https://registry.npmjs.org/@expo/devtools/-/devtools-0.1.8.tgz 3653ms (cache miss)
3538 http fetch GET 200 https://registry.npmjs.org/@expo/code-signing-certificates/-/code-signing-certificates-0.0.6.tgz 3626ms (cache miss)
3539 http fetch GET 200 https://registry.npmjs.org/@expo/config-types/-/config-types-54.0.10.tgz 3645ms (cache miss)
3540 http fetch GET 200 https://registry.npmjs.org/@expo/devcert/-/devcert-1.2.1.tgz 3667ms (cache miss)
3541 http fetch GET 200 https://registry.npmjs.org/@expo/fingerprint/-/fingerprint-0.15.4.tgz 3651ms (cache miss)
3542 http fetch GET 200 https://registry.npmjs.org/@urql/core/-/core-5.2.0.tgz 3948ms (cache miss)
3543 http fetch GET 200 https://registry.npmjs.org/@expo/env/-/env-2.0.8.tgz 3633ms (cache miss)
3544 http fetch GET 200 https://registry.npmjs.org/@babel/plugin-transform-unicode-regex/-/plugin-transform-unicode-regex-7.27.1.tgz 3617ms (cache miss)
3545 http fetch GET 200 https://registry.npmjs.org/@jest/reporters/-/reporters-30.2.0.tgz 3657ms (cache miss)
3546 http fetch GET 200 https://registry.npmjs.org/@babel/plugin-transform-shorthand-properties/-/plugin-transform-shorthand-properties-7.27.1.tgz 3618ms (cache miss)
3547 http fetch GET 200 https://registry.npmjs.org/@bcoe/v8-coverage/-/v8-coverage-0.2.3.tgz 3673ms (cache miss)
3548 http fetch GET 200 https://registry.npmjs.org/@babel/plugin-transform-sticky-regex/-/plugin-transform-sticky-regex-7.27.1.tgz 3639ms (cache miss)
3549 http fetch GET 200 https://registry.npmjs.org/@expo/config/-/config-12.0.13.tgz 3677ms (cache miss)
3550 http fetch GET 200 https://registry.npmjs.org/@babel/template/-/template-7.28.6.tgz 3678ms (cache miss)
3551 http fetch GET 200 https://registry.npmjs.org/@babel/preset-typescript/-/preset-typescript-7.28.5.tgz 3655ms (cache miss)
3552 http fetch GET 200 https://registry.npmjs.org/@babel/plugin-transform-react-pure-annotations/-/plugin-transform-react-pure-annotations-7.27.1.tgz 3678ms (cache miss)
3553 http fetch GET 200 https://registry.npmjs.org/@babel/plugin-transform-react-jsx-self/-/plugin-transform-react-jsx-self-7.27.1.tgz 3673ms (cache miss)
3554 http fetch GET 200 https://registry.npmjs.org/@babel/runtime/-/runtime-7.28.6.tgz 3793ms (cache miss)
3555 http fetch GET 200 https://registry.npmjs.org/@babel/plugin-transform-react-display-name/-/plugin-transform-react-display-name-7.28.0.tgz 3776ms (cache miss)
3556 http fetch GET 200 https://registry.npmjs.org/@babel/plugin-transform-react-jsx-source/-/plugin-transform-react-jsx-source-7.27.1.tgz 3781ms (cache miss)
3557 http fetch GET 200 https://registry.npmjs.org/@babel/plugin-transform-spread/-/plugin-transform-spread-7.28.6.tgz 3785ms (cache miss)
3558 http fetch GET 200 https://registry.npmjs.org/@babel/plugin-transform-regenerator/-/plugin-transform-regenerator-7.29.0.tgz 3808ms (cache miss)
3559 http fetch GET 200 https://registry.npmjs.org/@babel/plugin-transform-private-property-in-object/-/plugin-transform-private-property-in-object-7.28.6.tgz 3794ms (cache miss)
3560 http fetch GET 200 https://registry.npmjs.org/@babel/plugin-transform-typescript/-/plugin-transform-typescript-7.28.6.tgz 3809ms (cache miss)
3561 http fetch GET 200 https://registry.npmjs.org/@babel/plugin-transform-private-methods/-/plugin-transform-private-methods-7.28.6.tgz 3763ms (cache miss)
3562 http fetch GET 200 https://registry.npmjs.org/@babel/plugin-transform-react-jsx-development/-/plugin-transform-react-jsx-development-7.27.1.tgz 3784ms (cache miss)
3563 http fetch GET 200 https://registry.npmjs.org/@babel/plugin-transform-optional-chaining/-/plugin-transform-optional-chaining-7.28.6.tgz 3790ms (cache miss)
3564 http fetch GET 200 https://registry.npmjs.org/@babel/plugin-transform-numeric-separator/-/plugin-transform-numeric-separator-7.28.6.tgz 3776ms (cache miss)
3565 http fetch GET 200 https://registry.npmjs.org/@babel/plugin-transform-runtime/-/plugin-transform-runtime-7.29.0.tgz 3793ms (cache miss)
3566 http fetch GET 200 https://registry.npmjs.org/@babel/plugin-transform-optional-catch-binding/-/plugin-transform-optional-catch-binding-7.28.6.tgz 3783ms (cache miss)
3567 http fetch GET 200 https://registry.npmjs.org/@babel/plugin-transform-logical-assignment-operators/-/plugin-transform-logical-assignment-operators-7.28.6.tgz 3792ms (cache miss)
3568 http fetch GET 200 https://registry.npmjs.org/@babel/plugin-transform-object-rest-spread/-/plugin-transform-object-rest-spread-7.28.6.tgz 3793ms (cache miss)
3569 http fetch GET 200 https://registry.npmjs.org/@babel/plugin-transform-react-jsx/-/plugin-transform-react-jsx-7.28.6.tgz 3850ms (cache miss)
3570 http fetch GET 200 https://registry.npmjs.org/parse5/-/parse5-7.3.0.tgz 4986ms (cache miss)
3571 http fetch GET 200 https://registry.npmjs.org/@babel/preset-react/-/preset-react-7.28.5.tgz 3810ms (cache miss)
3572 http fetch GET 200 https://registry.npmjs.org/@babel/plugin-transform-export-namespace-from/-/plugin-transform-export-namespace-from-7.27.1.tgz 3831ms (cache miss)
3573 http fetch GET 200 https://registry.npmjs.org/@babel/plugin-transform-parameters/-/plugin-transform-parameters-7.27.7.tgz 3832ms (cache miss)
3574 http fetch GET 200 https://registry.npmjs.org/@babel/plugin-transform-nullish-coalescing-operator/-/plugin-transform-nullish-coalescing-operator-7.28.6.tgz 3819ms (cache miss)
3575 http fetch GET 200 https://registry.npmjs.org/@babel/plugin-transform-computed-properties/-/plugin-transform-computed-properties-7.28.6.tgz 3837ms (cache miss)
3576 http fetch GET 200 https://registry.npmjs.org/@babel/plugin-transform-function-name/-/plugin-transform-function-name-7.27.1.tgz 3839ms (cache miss)
3577 http fetch GET 200 https://registry.npmjs.org/@react-native/babel-preset/-/babel-preset-0.81.5.tgz 3860ms (cache miss)
3578 http fetch GET 200 https://registry.npmjs.org/@babel/plugin-transform-named-capturing-groups-regex/-/plugin-transform-named-capturing-groups-regex-7.29.0.tgz 3849ms (cache miss)
3579 http fetch GET 200 https://registry.npmjs.org/@babel/plugin-transform-class-static-block/-/plugin-transform-class-static-block-7.28.6.tgz 3849ms (cache miss)
3580 http fetch GET 200 https://registry.npmjs.org/@babel/plugin-transform-modules-commonjs/-/plugin-transform-modules-commonjs-7.28.6.tgz 3857ms (cache miss)
3581 http fetch GET 200 https://registry.npmjs.org/@babel/plugin-transform-arrow-functions/-/plugin-transform-arrow-functions-7.27.1.tgz 3849ms (cache miss)
3582 http fetch GET 200 https://registry.npmjs.org/@babel/plugin-syntax-top-level-await/-/plugin-syntax-top-level-await-7.14.5.tgz 3855ms (cache miss)
3583 http fetch GET 200 https://registry.npmjs.org/@babel/plugin-transform-async-to-generator/-/plugin-transform-async-to-generator-7.28.6.tgz 3849ms (cache miss)
3584 http fetch GET 200 https://registry.npmjs.org/@babel/plugin-transform-class-properties/-/plugin-transform-class-properties-7.28.6.tgz 3882ms (cache miss)
3585 http fetch GET 200 https://registry.npmjs.org/@babel/plugin-transform-async-generator-functions/-/plugin-transform-async-generator-functions-7.29.0.tgz 3887ms (cache miss)
3586 http fetch GET 200 https://registry.npmjs.org/@babel/plugin-transform-destructuring/-/plugin-transform-destructuring-7.28.5.tgz 3890ms (cache miss)
3587 http fetch GET 200 https://registry.npmjs.org/terser/-/terser-5.46.0.tgz 5465ms (cache miss)
3588 http fetch GET 200 https://registry.npmjs.org/@babel/plugin-syntax-private-property-in-object/-/plugin-syntax-private-property-in-object-7.14.5.tgz 3891ms (cache miss)
3589 http fetch GET 200 https://registry.npmjs.org/@babel/plugin-syntax-optional-chaining/-/plugin-syntax-optional-chaining-7.8.3.tgz 3888ms (cache miss)
3590 http fetch GET 200 https://registry.npmjs.org/@babel/plugin-transform-for-of/-/plugin-transform-for-of-7.27.1.tgz 3902ms (cache miss)
3591 http fetch GET 200 https://registry.npmjs.org/@babel/plugin-syntax-numeric-separator/-/plugin-syntax-numeric-separator-7.10.4.tgz 3897ms (cache miss)
3592 http fetch GET 200 https://registry.npmjs.org/@babel/plugin-syntax-typescript/-/plugin-syntax-typescript-7.28.6.tgz 3897ms (cache miss)
3593 http fetch GET 200 https://registry.npmjs.org/@babel/plugin-syntax-json-strings/-/plugin-syntax-json-strings-7.8.3.tgz 3892ms (cache miss)
3594 http fetch GET 200 https://registry.npmjs.org/@babel/plugin-syntax-optional-catch-binding/-/plugin-syntax-optional-catch-binding-7.8.3.tgz 3898ms (cache miss)
3595 http fetch GET 200 https://registry.npmjs.org/@babel/plugin-syntax-object-rest-spread/-/plugin-syntax-object-rest-spread-7.8.3.tgz 3900ms (cache miss)
3596 http fetch GET 200 https://registry.npmjs.org/@babel/plugin-transform-flow-strip-types/-/plugin-transform-flow-strip-types-7.27.1.tgz 3901ms (cache miss)
3597 http fetch GET 200 https://registry.npmjs.org/@babel/plugin-syntax-nullish-coalescing-operator/-/plugin-syntax-nullish-coalescing-operator-7.8.3.tgz 3898ms (cache miss)
3598 http fetch GET 200 https://registry.npmjs.org/@babel/plugin-syntax-flow/-/plugin-syntax-flow-7.28.6.tgz 3898ms (cache miss)
3599 http fetch GET 200 https://registry.npmjs.org/@babel/plugin-syntax-class-static-block/-/plugin-syntax-class-static-block-7.14.5.tgz 3890ms (cache miss)
3600 http fetch GET 200 https://registry.npmjs.org/@babel/plugin-syntax-logical-assignment-operators/-/plugin-syntax-logical-assignment-operators-7.10.4.tgz 3904ms (cache miss)
3601 http fetch GET 200 https://registry.npmjs.org/@babel/plugin-transform-block-scoping/-/plugin-transform-block-scoping-7.28.6.tgz 3924ms (cache miss)
3602 http fetch GET 200 https://registry.npmjs.org/@babel/plugin-syntax-export-default-from/-/plugin-syntax-export-default-from-7.28.6.tgz 3884ms (cache miss)
3603 http fetch GET 200 https://registry.npmjs.org/@babel/plugin-syntax-import-attributes/-/plugin-syntax-import-attributes-7.28.6.tgz 3908ms (cache miss)
3604 http fetch GET 200 https://registry.npmjs.org/@babel/plugin-syntax-import-meta/-/plugin-syntax-import-meta-7.10.4.tgz 3892ms (cache miss)
3605 http fetch GET 200 https://registry.npmjs.org/@babel/plugin-syntax-jsx/-/plugin-syntax-jsx-7.28.6.tgz 3910ms (cache miss)
3606 http fetch GET 200 https://registry.npmjs.org/@babel/plugin-transform-classes/-/plugin-transform-classes-7.28.6.tgz 3937ms (cache miss)
3607 http fetch GET 200 https://registry.npmjs.org/@babel/plugin-syntax-class-properties/-/plugin-syntax-class-properties-7.12.13.tgz 3898ms (cache miss)
3608 http fetch GET 200 https://registry.npmjs.org/@babel/plugin-proposal-export-default-from/-/plugin-proposal-export-default-from-7.27.1.tgz 3880ms (cache miss)
3609 http fetch GET 200 https://registry.npmjs.org/@babel/plugin-syntax-bigint/-/plugin-syntax-bigint-7.8.3.tgz 3899ms (cache miss)
3610 http fetch GET 200 https://registry.npmjs.org/@babel/plugin-syntax-dynamic-import/-/plugin-syntax-dynamic-import-7.8.3.tgz 3899ms (cache miss)
3611 http fetch GET 200 https://registry.npmjs.org/@babel/plugin-syntax-decorators/-/plugin-syntax-decorators-7.28.6.tgz 3900ms (cache miss)
3612 http fetch GET 200 https://registry.npmjs.org/@babel/plugin-transform-literals/-/plugin-transform-literals-7.27.1.tgz 3898ms (cache miss)
3613 http fetch GET 200 https://registry.npmjs.org/@babel/plugin-syntax-async-generators/-/plugin-syntax-async-generators-7.8.4.tgz 3893ms (cache miss)
3614 http fetch GET 200 https://registry.npmjs.org/@babel/helper-skip-transparent-expression-wrappers/-/helper-skip-transparent-expression-wrappers-7.27.1.tgz 3889ms (cache miss)
3615 http fetch GET 200 https://registry.npmjs.org/@babel/helper-string-parser/-/helper-string-parser-7.27.1.tgz 3899ms (cache miss)
3616 http fetch GET 200 https://registry.npmjs.org/@babel/helper-plugin-utils/-/helper-plugin-utils-7.28.6.tgz 3903ms (cache miss)
3617 http fetch GET 200 https://registry.npmjs.org/@babel/helper-validator-identifier/-/helper-validator-identifier-7.28.5.tgz 3912ms (cache miss)
3618 http fetch GET 200 https://registry.npmjs.org/@babel/plugin-proposal-decorators/-/plugin-proposal-decorators-7.29.0.tgz 3907ms (cache miss)
3619 http fetch GET 200 https://registry.npmjs.org/@babel/highlight/-/highlight-7.25.9.tgz 3915ms (cache miss)
3620 http fetch GET 200 https://registry.npmjs.org/@babel/helper-validator-option/-/helper-validator-option-7.27.1.tgz 3915ms (cache miss)
3621 http fetch GET 200 https://registry.npmjs.org/strip-ansi/-/strip-ansi-6.0.1.tgz 3862ms (cache miss)
3622 http fetch GET 200 https://registry.npmjs.org/@babel/helper-replace-supers/-/helper-replace-supers-7.28.6.tgz 3912ms (cache miss)
3623 http fetch GET 200 https://registry.npmjs.org/@babel/helper-optimise-call-expression/-/helper-optimise-call-expression-7.27.1.tgz 3915ms (cache miss)
3624 http fetch GET 200 https://registry.npmjs.org/signal-exit/-/signal-exit-4.1.0.tgz 3872ms (cache miss)
3625 http fetch GET 200 https://registry.npmjs.org/@babel/helper-remap-async-to-generator/-/helper-remap-async-to-generator-7.27.1.tgz 3901ms (cache miss)
3626 http fetch GET 200 https://registry.npmjs.org/@babel/helper-annotate-as-pure/-/helper-annotate-as-pure-7.27.3.tgz 3893ms (cache miss)
3627 http fetch GET 200 https://registry.npmjs.org/@babel/helper-wrap-function/-/helper-wrap-function-7.28.6.tgz 3903ms (cache miss)
3628 http fetch GET 200 https://registry.npmjs.org/@babel/helper-create-regexp-features-plugin/-/helper-create-regexp-features-plugin-7.28.5.tgz 3910ms (cache miss)
3629 http fetch GET 200 https://registry.npmjs.org/@babel/helper-member-expression-to-functions/-/helper-member-expression-to-functions-7.28.5.tgz 3907ms (cache miss)
3630 http fetch GET 200 https://registry.npmjs.org/universalify/-/universalify-0.2.0.tgz 3921ms (cache miss)
3631 http fetch GET 200 https://registry.npmjs.org/strip-ansi/-/strip-ansi-6.0.1.tgz 3882ms (cache miss)
3632 http fetch GET 200 https://registry.npmjs.org/@babel/code-frame/-/code-frame-7.29.0.tgz 3893ms (cache miss)
3633 http fetch GET 200 https://registry.npmjs.org/strip-ansi/-/strip-ansi-6.0.1.tgz 3882ms (cache miss)
3634 http fetch GET 200 https://registry.npmjs.org/@babel/helper-compilation-targets/-/helper-compilation-targets-7.28.6.tgz 3906ms (cache miss)
3635 http fetch GET 200 https://registry.npmjs.org/@babel/helper-module-imports/-/helper-module-imports-7.28.6.tgz 3907ms (cache miss)
3636 http fetch GET 200 https://registry.npmjs.org/brace-expansion/-/brace-expansion-1.1.12.tgz 3894ms (cache miss)
3637 http fetch GET 200 https://registry.npmjs.org/@babel/helper-module-transforms/-/helper-module-transforms-7.28.6.tgz 3929ms (cache miss)
3638 http fetch GET 200 https://registry.npmjs.org/@0no-co/graphql.web/-/graphql.web-1.2.0.tgz 3912ms (cache miss)
3639 http fetch GET 200 https://registry.npmjs.org/webidl-conversions/-/webidl-conversions-5.0.0.tgz 3898ms (cache miss)
3640 http fetch GET 200 https://registry.npmjs.org/yallist/-/yallist-5.0.0.tgz 3899ms (cache miss)
3641 http fetch GET 200 https://registry.npmjs.org/ansi-regex/-/ansi-regex-6.2.2.tgz 3897ms (cache miss)
3642 http fetch GET 200 https://registry.npmjs.org/@babel/helper-globals/-/helper-globals-7.28.0.tgz 3941ms (cache miss)
3643 http fetch GET 200 https://registry.npmjs.org/@babel/helper-define-polyfill-provider/-/helper-define-polyfill-provider-0.6.6.tgz 3945ms (cache miss)
3644 http fetch GET 200 https://registry.npmjs.org/commander/-/commander-2.20.3.tgz 3900ms (cache miss)
3645 http fetch GET 200 https://registry.npmjs.org/minimatch/-/minimatch-3.1.2.tgz 3903ms (cache miss)
3646 http fetch GET 200 https://registry.npmjs.org/glob/-/glob-7.2.3.tgz 3903ms (cache miss)
3647 http fetch GET 200 https://registry.npmjs.org/uuid/-/uuid-7.0.3.tgz 3909ms (cache miss)
3648 http fetch GET 200 https://registry.npmjs.org/statuses/-/statuses-2.0.2.tgz 3892ms (cache miss)
3649 http fetch GET 200 https://registry.npmjs.org/@babel/compat-data/-/compat-data-7.29.0.tgz 3903ms (cache miss)
3650 http fetch GET 200 https://registry.npmjs.org/xmlbuilder/-/xmlbuilder-11.0.1.tgz 3916ms (cache miss)
3651 http fetch GET 200 https://registry.npmjs.org/semver/-/semver-7.7.4.tgz 3913ms (cache miss)
3652 http fetch GET 200 https://registry.npmjs.org/picomatch/-/picomatch-4.0.3.tgz 3919ms (cache miss)
3653 http fetch GET 200 https://registry.npmjs.org/strip-ansi/-/strip-ansi-6.0.1.tgz 3905ms (cache miss)
3654 http fetch GET 200 https://registry.npmjs.org/escape-string-regexp/-/escape-string-regexp-2.0.0.tgz 3907ms (cache miss)
3655 http fetch GET 200 https://registry.npmjs.org/bplist-parser/-/bplist-parser-0.3.1.tgz 3918ms (cache miss)
3656 http fetch GET 200 https://registry.npmjs.org/encodeurl/-/encodeurl-2.0.0.tgz 3916ms (cache miss)
3657 http fetch GET 200 https://registry.npmjs.org/lru-cache/-/lru-cache-6.0.0.tgz 3910ms (cache miss)
3658 http fetch GET 200 https://registry.npmjs.org/on-finished/-/on-finished-2.4.1.tgz 3916ms (cache miss)
3659 http fetch GET 200 https://registry.npmjs.org/yallist/-/yallist-4.0.0.tgz 3918ms (cache miss)
3660 http fetch GET 200 https://registry.npmjs.org/debug/-/debug-2.6.9.tgz 3920ms (cache miss)
3661 http fetch GET 200 https://registry.npmjs.org/ms/-/ms-2.0.0.tgz 3919ms (cache miss)
3662 http fetch GET 200 https://registry.npmjs.org/minimatch/-/minimatch-3.1.2.tgz 3844ms (cache miss)
3663 http fetch GET 200 https://registry.npmjs.org/mimic-fn/-/mimic-fn-1.2.0.tgz 3922ms (cache miss)
3664 http fetch GET 200 https://registry.npmjs.org/commander/-/commander-4.1.1.tgz 3923ms (cache miss)
3665 http fetch GET 200 https://registry.npmjs.org/strip-ansi/-/strip-ansi-6.0.1.tgz 3904ms (cache miss)
3666 http fetch GET 200 https://registry.npmjs.org/memoize-one/-/memoize-one-6.0.0.tgz 3907ms (cache miss)
3667 http fetch GET 200 https://registry.npmjs.org/supports-color/-/supports-color-8.1.1.tgz 3899ms (cache miss)
3668 http fetch GET 200 https://registry.npmjs.org/onetime/-/onetime-2.0.1.tgz 3904ms (cache miss)
3669 http fetch GET 200 https://registry.npmjs.org/type-fest/-/type-fest-0.7.1.tgz 3924ms (cache miss)
3670 http fetch GET 200 https://registry.npmjs.org/write-file-atomic/-/write-file-atomic-4.0.2.tgz 3878ms (cache miss)
3671 http fetch GET 200 https://registry.npmjs.org/brace-expansion/-/brace-expansion-1.1.12.tgz 3858ms (cache miss)
3672 http fetch GET 200 https://registry.npmjs.org/encodeurl/-/encodeurl-2.0.0.tgz 3960ms (cache miss)
3673 http fetch GET 200 https://registry.npmjs.org/ws/-/ws-6.2.3.tgz 3876ms (cache miss)
3674 http fetch GET 200 https://registry.npmjs.org/jest-regex-util/-/jest-regex-util-29.6.3.tgz 3867ms (cache miss)
3675 http fetch GET 200 https://registry.npmjs.org/jest-worker/-/jest-worker-29.7.0.tgz 3868ms (cache miss)
3676 http fetch GET 200 https://registry.npmjs.org/ansi-styles/-/ansi-styles-5.2.0.tgz 3823ms (cache miss)
3677 http fetch GET 200 https://registry.npmjs.org/istanbul-lib-instrument/-/istanbul-lib-instrument-5.2.1.tgz 3885ms (cache miss)
3678 http fetch GET 200 https://registry.npmjs.org/babel-plugin-istanbul/-/babel-plugin-istanbul-6.1.1.tgz 3889ms (cache miss)
3679 http fetch GET 200 https://registry.npmjs.org/picomatch/-/picomatch-2.3.1.tgz 3906ms (cache miss)
3680 http fetch GET 200 https://registry.npmjs.org/semver/-/semver-6.3.1.tgz 3908ms (cache miss)
3681 http fetch GET 200 https://registry.npmjs.org/pretty-format/-/pretty-format-29.7.0.tgz 3860ms (cache miss)
3682 http fetch GET 200 https://registry.npmjs.org/jest-util/-/jest-util-29.7.0.tgz 3912ms (cache miss)
3683 http fetch GET 200 https://registry.npmjs.org/commander/-/commander-12.1.0.tgz 3918ms (cache miss)
3684 http fetch GET 200 https://registry.npmjs.org/babel-plugin-jest-hoist/-/babel-plugin-jest-hoist-29.6.3.tgz 3856ms (cache miss)
3685 http fetch GET 200 https://registry.npmjs.org/babel-preset-jest/-/babel-preset-jest-29.6.3.tgz 3868ms (cache miss)
3686 http fetch GET 200 https://registry.npmjs.org/strip-json-comments/-/strip-json-comments-2.0.1.tgz 3841ms (cache miss)
3687 http fetch GET 200 https://registry.npmjs.org/jest-mock/-/jest-mock-29.7.0.tgz 3868ms (cache miss)
3688 http fetch GET 200 https://registry.npmjs.org/jest-environment-node/-/jest-environment-node-29.7.0.tgz 3862ms (cache miss)
3689 http fetch GET 200 https://registry.npmjs.org/locate-path/-/locate-path-5.0.0.tgz 3937ms (cache miss)
3690 http fetch GET 200 https://registry.npmjs.org/jest-message-util/-/jest-message-util-29.7.0.tgz 3961ms (cache miss)
3691 http fetch GET 200 https://registry.npmjs.org/p-locate/-/p-locate-4.1.0.tgz 3936ms (cache miss)
3692 http fetch GET 200 https://registry.npmjs.org/@jest/schemas/-/schemas-29.6.3.tgz 3937ms (cache miss)
3693 http fetch GET 200 https://registry.npmjs.org/find-up/-/find-up-4.1.0.tgz 3934ms (cache miss)
3694 http fetch GET 200 https://registry.npmjs.org/ansi-styles/-/ansi-styles-5.2.0.tgz 3955ms (cache miss)
3695 http fetch GET 200 https://registry.npmjs.org/@sinonjs/fake-timers/-/fake-timers-10.3.0.tgz 3955ms (cache miss)
3696 http fetch GET 200 https://registry.npmjs.org/p-limit/-/p-limit-2.3.0.tgz 3954ms (cache miss)
3697 http fetch GET 200 https://registry.npmjs.org/jest-haste-map/-/jest-haste-map-29.7.0.tgz 3970ms (cache miss)
3698 http fetch GET 200 https://registry.npmjs.org/has-flag/-/has-flag-3.0.0.tgz 3969ms (cache miss)
3699 http fetch GET 200 https://registry.npmjs.org/color-name/-/color-name-1.1.3.tgz 3980ms (cache miss)
3700 http fetch GET 200 https://registry.npmjs.org/resolve/-/resolve-1.7.1.tgz 3988ms (cache miss)
3701 http fetch GET 200 https://registry.npmjs.org/glob/-/glob-7.2.3.tgz 4087ms (cache miss)
3702 http fetch GET 200 https://registry.npmjs.org/ansi-regex/-/ansi-regex-4.1.1.tgz 3990ms (cache miss)
3703 http fetch GET 200 https://registry.npmjs.org/strip-ansi/-/strip-ansi-5.2.0.tgz 3998ms (cache miss)
3704 http fetch GET 200 https://registry.npmjs.org/escape-string-regexp/-/escape-string-regexp-1.0.5.tgz 3992ms (cache miss)
3705 http fetch GET 200 https://registry.npmjs.org/webidl-conversions/-/webidl-conversions-3.0.1.tgz 3992ms (cache miss)
3706 http fetch GET 200 https://registry.npmjs.org/@react-native/normalize-colors/-/normalize-colors-0.74.89.tgz 4005ms (cache miss)
3707 http fetch GET 200 https://registry.npmjs.org/@jest/fake-timers/-/fake-timers-29.7.0.tgz 3999ms (cache miss)
3708 http fetch GET 200 https://registry.npmjs.org/supports-color/-/supports-color-5.5.0.tgz 3997ms (cache miss)
3709 http fetch GET 200 https://registry.npmjs.org/@jest/types/-/types-29.6.3.tgz 4022ms (cache miss)
3710 http fetch GET 200 https://registry.npmjs.org/ws/-/ws-7.5.10.tgz 4036ms (cache miss)
3711 http fetch GET 200 https://registry.npmjs.org/babel-jest/-/babel-jest-29.7.0.tgz 4028ms (cache miss)
3712 http fetch GET 200 https://registry.npmjs.org/@jest/environment/-/environment-29.7.0.tgz 4070ms (cache miss)
3713 http fetch GET 200 https://registry.npmjs.org/tr46/-/tr46-0.0.3.tgz 4073ms (cache miss)
3714 http fetch GET 200 https://registry.npmjs.org/chalk/-/chalk-2.4.2.tgz 4083ms (cache miss)
3715 http fetch GET 200 https://registry.npmjs.org/color-convert/-/color-convert-1.9.3.tgz 4077ms (cache miss)
3716 http fetch GET 200 https://registry.npmjs.org/mime-db/-/mime-db-1.52.0.tgz 4083ms (cache miss)
3717 http fetch GET 200 https://registry.npmjs.org/@jest/schemas/-/schemas-29.6.3.tgz 4060ms (cache miss)
3718 http fetch GET 200 https://registry.npmjs.org/@jest/schemas/-/schemas-29.6.3.tgz 4034ms (cache miss)
3719 http fetch GET 200 https://registry.npmjs.org/ansi-styles/-/ansi-styles-3.2.1.tgz 4093ms (cache miss)
3720 http fetch GET 200 https://registry.npmjs.org/whatwg-url/-/whatwg-url-5.0.0.tgz 4086ms (cache miss)
3721 http fetch GET 200 https://registry.npmjs.org/picomatch/-/picomatch-2.3.1.tgz 4076ms (cache miss)
3722 http fetch GET 200 https://registry.npmjs.org/picomatch/-/picomatch-2.3.1.tgz 4075ms (cache miss)
3723 http fetch GET 200 https://registry.npmjs.org/supports-color/-/supports-color-8.1.1.tgz 4075ms (cache miss)
3724 http fetch GET 200 https://registry.npmjs.org/ansi-styles/-/ansi-styles-5.2.0.tgz 4069ms (cache miss)
3725 http fetch GET 200 https://registry.npmjs.org/camelcase/-/camelcase-6.3.0.tgz 4077ms (cache miss)
3726 http fetch GET 200 https://registry.npmjs.org/jest-validate/-/jest-validate-29.7.0.tgz 4079ms (cache miss)
3727 http fetch GET 200 https://registry.npmjs.org/jest-util/-/jest-util-29.7.0.tgz 4090ms (cache miss)
3728 http fetch GET 200 https://registry.npmjs.org/https-proxy-agent/-/https-proxy-agent-7.0.6.tgz 4084ms (cache miss)
3729 http fetch GET 200 https://registry.npmjs.org/@jest/types/-/types-29.6.3.tgz 4089ms (cache miss)
3730 http fetch GET 200 https://registry.npmjs.org/@jest/types/-/types-29.6.3.tgz 4066ms (cache miss)
3731 http fetch GET 200 https://registry.npmjs.org/@jest/transform/-/transform-29.7.0.tgz 4133ms (cache miss)
3732 http fetch GET 200 https://registry.npmjs.org/ansi-styles/-/ansi-styles-3.2.1.tgz 4032ms (cache miss)
3733 http fetch GET 200 https://registry.npmjs.org/supports-color/-/supports-color-5.5.0.tgz 4032ms (cache miss)
3734 http fetch GET 200 https://registry.npmjs.org/has-flag/-/has-flag-3.0.0.tgz 4043ms (cache miss)
3735 http fetch GET 200 https://registry.npmjs.org/jest-worker/-/jest-worker-29.7.0.tgz 4111ms (cache miss)
3736 http fetch GET 200 https://registry.npmjs.org/jest-worker/-/jest-worker-29.7.0.tgz 4046ms (cache miss)
3737 http fetch GET 200 https://registry.npmjs.org/@unrs/resolver-binding-darwin-arm64/-/resolver-binding-darwin-arm64-1.11.1.tgz 5064ms (cache miss)
3738 http fetch GET 200 https://registry.npmjs.org/agent-base/-/agent-base-7.1.4.tgz 4094ms (cache miss)
3739 http fetch GET 200 https://registry.npmjs.org/react-is/-/react-is-19.2.4.tgz 4066ms (cache miss)
3740 http fetch GET 200 https://registry.npmjs.org/hermes-estree/-/hermes-estree-0.32.0.tgz 4111ms (cache miss)
3741 http fetch GET 200 https://registry.npmjs.org/ci-info/-/ci-info-3.9.0.tgz 4081ms (cache miss)
3742 http fetch GET 200 https://registry.npmjs.org/supports-color/-/supports-color-8.1.1.tgz 4098ms (cache miss)
3743 http fetch GET 200 https://registry.npmjs.org/ws/-/ws-7.5.10.tgz 4112ms (cache miss)
3744 http fetch GET 200 https://registry.npmjs.org/@sinclair/typebox/-/typebox-0.27.10.tgz 4163ms (cache miss)
3745 http fetch GET 200 https://registry.npmjs.org/escape-string-regexp/-/escape-string-regexp-1.0.5.tgz 4080ms (cache miss)
3746 http fetch GET 200 https://registry.npmjs.org/pretty-format/-/pretty-format-29.7.0.tgz 4113ms (cache miss)
3747 http fetch GET 200 https://registry.npmjs.org/picomatch/-/picomatch-2.3.1.tgz 4111ms (cache miss)
3748 http fetch GET 200 https://registry.npmjs.org/jest-util/-/jest-util-29.7.0.tgz 4087ms (cache miss)
3749 http fetch GET 200 https://registry.npmjs.org/ci-info/-/ci-info-2.0.0.tgz 4121ms (cache miss)
3750 http fetch GET 200 https://registry.npmjs.org/color-name/-/color-name-1.1.3.tgz 4177ms (cache miss)
3751 http fetch GET 200 https://registry.npmjs.org/slash/-/slash-5.1.0.tgz 4166ms (cache miss)
3752 http fetch GET 200 https://registry.npmjs.org/strip-ansi/-/strip-ansi-6.0.1.tgz 4157ms (cache miss)
3753 http fetch GET 200 https://registry.npmjs.org/hermes-estree/-/hermes-estree-0.32.0.tgz 4212ms (cache miss)
3754 http fetch GET 200 https://registry.npmjs.org/chalk/-/chalk-2.4.2.tgz 4180ms (cache miss)
3755 http fetch GET 200 https://registry.npmjs.org/ms/-/ms-2.0.0.tgz 4171ms (cache miss)
3756 http fetch GET 200 https://registry.npmjs.org/string-length/-/string-length-5.0.1.tgz 4172ms (cache miss)
3757 http fetch GET 200 https://registry.npmjs.org/scheduler/-/scheduler-0.26.0.tgz 4184ms (cache miss)
3758 http fetch GET 200 https://registry.npmjs.org/char-regex/-/char-regex-2.0.2.tgz 4173ms (cache miss)
3759 http fetch GET 200 https://registry.npmjs.org/@sinclair/typebox/-/typebox-0.27.10.tgz 4228ms (cache miss)
3760 http fetch GET 200 https://registry.npmjs.org/@sinclair/typebox/-/typebox-0.27.10.tgz 4222ms (cache miss)
3761 http fetch GET 200 https://registry.npmjs.org/@jest/schemas/-/schemas-29.6.3.tgz 4216ms (cache miss)
3762 http fetch GET 200 https://registry.npmjs.org/@jest/types/-/types-29.6.3.tgz 4216ms (cache miss)
3763 http fetch GET 200 https://registry.npmjs.org/debug/-/debug-2.6.9.tgz 4194ms (cache miss)
3764 http fetch GET 200 https://registry.npmjs.org/string-length/-/string-length-4.0.2.tgz 4193ms (cache miss)
3765 http fetch GET 200 https://registry.npmjs.org/picomatch/-/picomatch-2.3.1.tgz 4212ms (cache miss)
3766 http fetch GET 200 https://registry.npmjs.org/ansi-styles/-/ansi-styles-5.2.0.tgz 4212ms (cache miss)
3767 http fetch GET 200 https://registry.npmjs.org/pretty-format/-/pretty-format-29.7.0.tgz 4218ms (cache miss)
3768 http fetch GET 200 https://registry.npmjs.org/ansi-escapes/-/ansi-escapes-4.3.2.tgz 4209ms (cache miss)
3769 http fetch GET 200 https://registry.npmjs.org/slash/-/slash-3.0.0.tgz 4174ms (cache miss)
3770 http fetch GET 200 https://registry.npmjs.org/slash/-/slash-3.0.0.tgz 4204ms (cache miss)
3771 http fetch GET 200 https://registry.npmjs.org/jest-watcher/-/jest-watcher-29.7.0.tgz 4219ms (cache miss)
3772 http fetch GET 200 https://registry.npmjs.org/jest-util/-/jest-util-29.7.0.tgz 4214ms (cache miss)
3773 http fetch GET 200 https://registry.npmjs.org/jest-regex-util/-/jest-regex-util-29.6.3.tgz 4235ms (cache miss)
3774 http fetch GET 200 https://registry.npmjs.org/chalk/-/chalk-3.0.0.tgz 4211ms (cache miss)
3775 http fetch GET 200 https://registry.npmjs.org/scheduler/-/scheduler-0.26.0.tgz 4222ms (cache miss)
3776 http fetch GET 200 https://registry.npmjs.org/picomatch/-/picomatch-4.0.3.tgz 4221ms (cache miss)
3777 http fetch GET 200 https://registry.npmjs.org/color-convert/-/color-convert-1.9.3.tgz 4234ms (cache miss)
3778 http fetch GET 200 https://registry.npmjs.org/@jest/types/-/types-29.6.3.tgz 4250ms (cache miss)
3779 http fetch GET 200 https://registry.npmjs.org/ci-info/-/ci-info-4.4.0.tgz 4215ms (cache miss)
3780 http fetch GET 200 https://registry.npmjs.org/@jest/test-result/-/test-result-29.7.0.tgz 4220ms (cache miss)
3781 http fetch GET 200 https://registry.npmjs.org/@sinclair/typebox/-/typebox-0.27.10.tgz 4289ms (cache miss)
3782 http fetch GET 200 https://registry.npmjs.org/node-forge/-/node-forge-1.3.3.tgz 6071ms (cache miss)
3783 http fetch GET 200 https://registry.npmjs.org/supports-color/-/supports-color-8.1.1.tgz 4217ms (cache miss)
3784 http fetch GET 200 https://registry.npmjs.org/@jest/schemas/-/schemas-29.6.3.tgz 4233ms (cache miss)
3785 http fetch GET 200 https://registry.npmjs.org/camelcase/-/camelcase-6.3.0.tgz 4220ms (cache miss)
3786 http fetch GET 200 https://registry.npmjs.org/jest-message-util/-/jest-message-util-29.7.0.tgz 4234ms (cache miss)
3787 http fetch GET 200 https://registry.npmjs.org/pretty-format/-/pretty-format-29.7.0.tgz 4219ms (cache miss)
3788 http fetch GET 200 https://registry.npmjs.org/write-file-atomic/-/write-file-atomic-4.0.2.tgz 4250ms (cache miss)
3789 http fetch GET 200 https://registry.npmjs.org/source-map-support/-/source-map-support-0.5.13.tgz 4264ms (cache miss)
3790 http fetch GET 200 https://registry.npmjs.org/semver/-/semver-7.7.4.tgz 4265ms (cache miss)
3791 http fetch GET 200 https://registry.npmjs.org/@jest/console/-/console-29.7.0.tgz 4284ms (cache miss)
3792 http fetch GET 200 https://registry.npmjs.org/@jest/globals/-/globals-30.2.0.tgz 4289ms (cache miss)
3793 http fetch GET 200 https://registry.npmjs.org/supports-color/-/supports-color-8.1.1.tgz 4286ms (cache miss)
3794 http fetch GET 200 https://registry.npmjs.org/supports-color/-/supports-color-8.1.1.tgz 4288ms (cache miss)
3795 http fetch GET 200 https://registry.npmjs.org/jest-util/-/jest-util-29.7.0.tgz 4271ms (cache miss)
3796 http fetch GET 200 https://registry.npmjs.org/jest-regex-util/-/jest-regex-util-29.6.3.tgz 4268ms (cache miss)
3797 http fetch GET 200 https://registry.npmjs.org/jest-worker/-/jest-worker-30.2.0.tgz 4294ms (cache miss)
3798 http fetch GET 200 https://registry.npmjs.org/@sinclair/typebox/-/typebox-0.27.10.tgz 4319ms (cache miss)
3799 http fetch GET 200 https://registry.npmjs.org/jest-worker/-/jest-worker-29.7.0.tgz 4297ms (cache miss)
3800 http fetch GET 200 https://registry.npmjs.org/jest-matcher-utils/-/jest-matcher-utils-29.7.0.tgz 4277ms (cache miss)
3801 http fetch GET 200 https://registry.npmjs.org/picomatch/-/picomatch-2.3.1.tgz 4307ms (cache miss)
3802 http fetch GET 200 https://registry.npmjs.org/babel-plugin-istanbul/-/babel-plugin-istanbul-6.1.1.tgz 4278ms (cache miss)
3803 http fetch GET 200 https://registry.npmjs.org/ansi-styles/-/ansi-styles-5.2.0.tgz 4272ms (cache miss)
3804 http fetch GET 200 https://registry.npmjs.org/ansi-styles/-/ansi-styles-5.2.0.tgz 4213ms (cache miss)
3805 http fetch GET 200 https://registry.npmjs.org/@jest/types/-/types-29.6.3.tgz 4208ms (cache miss)
3806 http fetch GET 200 https://registry.npmjs.org/@jest/schemas/-/schemas-29.6.3.tgz 4218ms (cache miss)
3807 http fetch GET 200 https://registry.npmjs.org/istanbul-lib-instrument/-/istanbul-lib-instrument-5.2.1.tgz 4295ms (cache miss)
3808 http fetch GET 200 https://registry.npmjs.org/jest-snapshot/-/jest-snapshot-29.7.0.tgz 4308ms (cache miss)
3809 http fetch GET 200 https://registry.npmjs.org/babel-plugin-jest-hoist/-/babel-plugin-jest-hoist-29.6.3.tgz 4286ms (cache miss)
3810 http fetch GET 200 https://registry.npmjs.org/ansi-escapes/-/ansi-escapes-6.2.1.tgz 4397ms (cache miss)
3811 http fetch GET 200 https://registry.npmjs.org/jest-message-util/-/jest-message-util-29.7.0.tgz 4214ms (cache miss)
3812 http fetch GET 200 https://registry.npmjs.org/semver/-/semver-6.3.1.tgz 4293ms (cache miss)
3813 http fetch GET 200 https://registry.npmjs.org/jest-message-util/-/jest-message-util-29.7.0.tgz 4234ms (cache miss)
3814 http fetch GET 200 https://registry.npmjs.org/babel-preset-jest/-/babel-preset-jest-29.6.3.tgz 4249ms (cache miss)
3815 http fetch GET 200 https://registry.npmjs.org/@jest/expect-utils/-/expect-utils-29.7.0.tgz 4248ms (cache miss)
3816 http fetch GET 200 https://registry.npmjs.org/@jest/transform/-/transform-29.7.0.tgz 4243ms (cache miss)
3817 http fetch GET 200 https://registry.npmjs.org/pretty-format/-/pretty-format-29.7.0.tgz 4239ms (cache miss)
3818 http fetch GET 200 https://registry.npmjs.org/jest-util/-/jest-util-29.7.0.tgz 4236ms (cache miss)
3819 http fetch GET 200 https://registry.npmjs.org/jest-haste-map/-/jest-haste-map-29.7.0.tgz 4337ms (cache miss)
3820 http fetch GET 200 https://registry.npmjs.org/jest-worker/-/jest-worker-30.2.0.tgz 4377ms (cache miss)
3821 http fetch GET 200 https://registry.npmjs.org/expect/-/expect-29.7.0.tgz 4335ms (cache miss)
3822 http fetch GET 200 https://registry.npmjs.org/picomatch/-/picomatch-2.3.1.tgz 4278ms (cache miss)
3823 http fetch GET 200 https://registry.npmjs.org/jest-mock/-/jest-mock-29.7.0.tgz 4262ms (cache miss)
3824 http fetch GET 200 https://registry.npmjs.org/@sinonjs/fake-timers/-/fake-timers-10.3.0.tgz 4275ms (cache miss)
3825 http fetch GET 200 https://registry.npmjs.org/babel-jest/-/babel-jest-29.7.0.tgz 4282ms (cache miss)
3826 http fetch GET 200 https://registry.npmjs.org/@jest/types/-/types-29.6.3.tgz 4282ms (cache miss)
3827 http fetch GET 200 https://registry.npmjs.org/ci-info/-/ci-info-4.4.0.tgz 4276ms (cache miss)
3828 http fetch GET 200 https://registry.npmjs.org/@babel/helper-create-class-features-plugin/-/helper-create-class-features-plugin-7.28.6.tgz 4900ms (cache miss)
3829 http fetch GET 200 https://registry.npmjs.org/make-dir/-/make-dir-4.0.0.tgz 4294ms (cache miss)
3830 http fetch GET 200 https://registry.npmjs.org/@jest/schemas/-/schemas-29.6.3.tgz 4301ms (cache miss)
3831 http fetch GET 200 https://registry.npmjs.org/ms/-/ms-2.0.0.tgz 4247ms (cache miss)
3832 http fetch GET 200 https://registry.npmjs.org/ms/-/ms-2.0.0.tgz 4241ms (cache miss)
3833 http fetch GET 200 https://registry.npmjs.org/ms/-/ms-2.0.0.tgz 4289ms (cache miss)
3834 http fetch GET 200 https://registry.npmjs.org/statuses/-/statuses-2.0.2.tgz 4292ms (cache miss)
3835 http fetch GET 200 https://registry.npmjs.org/@jest/schemas/-/schemas-29.6.3.tgz 4242ms (cache miss)
3836 http fetch GET 200 https://registry.npmjs.org/@jest/fake-timers/-/fake-timers-29.7.0.tgz 4311ms (cache miss)
3837 http fetch GET 200 https://registry.npmjs.org/brace-expansion/-/brace-expansion-5.0.2.tgz 4312ms (cache miss)
3838 http fetch GET 200 https://registry.npmjs.org/@jest/environment/-/environment-29.7.0.tgz 4310ms (cache miss)
3839 http fetch GET 200 https://registry.npmjs.org/signal-exit/-/signal-exit-4.1.0.tgz 4280ms (cache miss)
3840 http fetch GET 200 https://registry.npmjs.org/balanced-match/-/balanced-match-4.0.2.tgz 4284ms (cache miss)
3841 http fetch GET 200 https://registry.npmjs.org/negotiator/-/negotiator-0.6.4.tgz 4287ms (cache miss)
3842 http fetch GET 200 https://registry.npmjs.org/jest-diff/-/jest-diff-29.7.0.tgz 4328ms (cache miss)
3843 http fetch GET 200 https://registry.npmjs.org/cssom/-/cssom-0.3.8.tgz 4300ms (cache miss)
3844 http fetch GET 200 https://registry.npmjs.org/ansi-styles/-/ansi-styles-5.2.0.tgz 4300ms (cache miss)
3845 http fetch GET 200 https://registry.npmjs.org/strip-ansi/-/strip-ansi-6.0.1.tgz 4285ms (cache miss)
3846 http fetch GET 200 https://registry.npmjs.org/supports-color/-/supports-color-8.1.1.tgz 4270ms (cache miss)
3847 http fetch GET 200 https://registry.npmjs.org/@sinclair/typebox/-/typebox-0.27.10.tgz 4376ms (cache miss)
3848 http fetch GET 200 https://registry.npmjs.org/picomatch/-/picomatch-2.3.1.tgz 4290ms (cache miss)
3849 http fetch GET 200 https://registry.npmjs.org/picomatch/-/picomatch-2.3.1.tgz 4298ms (cache miss)
3850 http fetch GET 200 https://registry.npmjs.org/brace-expansion/-/brace-expansion-1.1.12.tgz 4296ms (cache miss)
3851 http fetch GET 200 https://registry.npmjs.org/brace-expansion/-/brace-expansion-1.1.12.tgz 4305ms (cache miss)
3852 http fetch GET 200 https://registry.npmjs.org/pretty-format/-/pretty-format-29.7.0.tgz 4292ms (cache miss)
3853 http fetch GET 200 https://registry.npmjs.org/write-file-atomic/-/write-file-atomic-4.0.2.tgz 4295ms (cache miss)
3854 http fetch GET 200 https://registry.npmjs.org/debug/-/debug-2.6.9.tgz 4327ms (cache miss)
3855 http fetch GET 200 https://registry.npmjs.org/promise/-/promise-7.3.1.tgz 4333ms (cache miss)
3856 http fetch GET 200 https://registry.npmjs.org/debug/-/debug-2.6.9.tgz 4313ms (cache miss)
3857 http fetch GET 200 https://registry.npmjs.org/debug/-/debug-2.6.9.tgz 4330ms (cache miss)
3858 http fetch GET 200 https://registry.npmjs.org/minimatch/-/minimatch-3.1.2.tgz 4299ms (cache miss)
3859 http fetch GET 200 https://registry.npmjs.org/minimatch/-/minimatch-3.1.2.tgz 4290ms (cache miss)
3860 http fetch GET 200 https://registry.npmjs.org/semver/-/semver-6.3.1.tgz 4300ms (cache miss)
3861 http fetch GET 200 https://registry.npmjs.org/rimraf/-/rimraf-3.0.2.tgz 4307ms (cache miss)
3862 http fetch GET 200 https://registry.npmjs.org/jest-mock/-/jest-mock-29.7.0.tgz 4300ms (cache miss)
3863 http fetch GET 200 https://registry.npmjs.org/open/-/open-8.4.2.tgz 4349ms (cache miss)
3864 http fetch GET 200 https://registry.npmjs.org/pretty-format/-/pretty-format-29.7.0.tgz 4335ms (cache miss)
3865 http fetch GET 200 https://registry.npmjs.org/babel-plugin-istanbul/-/babel-plugin-istanbul-6.1.1.tgz 4332ms (cache miss)
3866 http fetch GET 200 https://registry.npmjs.org/glob/-/glob-7.2.3.tgz 4357ms (cache miss)
3867 http fetch GET 200 https://registry.npmjs.org/glob/-/glob-7.2.3.tgz 4367ms (cache miss)
3868 http fetch GET 200 https://registry.npmjs.org/semver/-/semver-6.3.1.tgz 4353ms (cache miss)
3869 http fetch GET 200 https://registry.npmjs.org/ws/-/ws-6.2.3.tgz 4381ms (cache miss)
3870 http fetch GET 200 https://registry.npmjs.org/ansi-styles/-/ansi-styles-5.2.0.tgz 4361ms (cache miss)
3871 http fetch GET 200 https://registry.npmjs.org/supports-color/-/supports-color-8.1.1.tgz 4356ms (cache miss)
3872 http fetch GET 200 https://registry.npmjs.org/@jest/schemas/-/schemas-29.6.3.tgz 4312ms (cache miss)
3873 http fetch GET 200 https://registry.npmjs.org/jest-util/-/jest-util-29.7.0.tgz 4328ms (cache miss)
3874 http fetch GET 200 https://registry.npmjs.org/jest-regex-util/-/jest-regex-util-29.6.3.tgz 4324ms (cache miss)
3875 http fetch GET 200 https://registry.npmjs.org/jest-worker/-/jest-worker-29.7.0.tgz 4368ms (cache miss)
3876 http fetch GET 200 https://registry.npmjs.org/locate-path/-/locate-path-5.0.0.tgz 4319ms (cache miss)
3877 http fetch GET 200 https://registry.npmjs.org/p-locate/-/p-locate-4.1.0.tgz 4320ms (cache miss)
3878 http fetch GET 200 https://registry.npmjs.org/istanbul-lib-instrument/-/istanbul-lib-instrument-5.2.1.tgz 4344ms (cache miss)
3879 http fetch GET 200 https://registry.npmjs.org/jest-worker/-/jest-worker-30.2.0.tgz 4377ms (cache miss)
3880 http fetch GET 200 https://registry.npmjs.org/@sinclair/typebox/-/typebox-0.27.10.tgz 4400ms (cache miss)
3881 http fetch GET 200 https://registry.npmjs.org/jest-haste-map/-/jest-haste-map-29.7.0.tgz 4338ms (cache miss)
3882 http fetch GET 200 https://registry.npmjs.org/@sinonjs/fake-timers/-/fake-timers-10.3.0.tgz 4380ms (cache miss)
3883 http fetch GET 200 https://registry.npmjs.org/jest-diff/-/jest-diff-29.7.0.tgz 4338ms (cache miss)
3884 http fetch GET 200 https://registry.npmjs.org/p-limit/-/p-limit-2.3.0.tgz 4334ms (cache miss)
3885 http fetch GET 200 https://registry.npmjs.org/jest-message-util/-/jest-message-util-29.7.0.tgz 4339ms (cache miss)
3886 http fetch GET 200 https://registry.npmjs.org/jest-matcher-utils/-/jest-matcher-utils-29.7.0.tgz 4338ms (cache miss)
3887 http fetch GET 200 https://registry.npmjs.org/ci-info/-/ci-info-4.4.0.tgz 4326ms (cache miss)
3888 http fetch GET 200 https://registry.npmjs.org/@jest/schemas/-/schemas-29.6.3.tgz 4334ms (cache miss)
3889 http fetch GET 200 https://registry.npmjs.org/find-up/-/find-up-4.1.0.tgz 4322ms (cache miss)
3890 http fetch GET 200 https://registry.npmjs.org/expect/-/expect-29.7.0.tgz 4340ms (cache miss)
3891 http fetch GET 200 https://registry.npmjs.org/@jest/expect/-/expect-29.7.0.tgz 4334ms (cache miss)
3892 http fetch GET 200 https://registry.npmjs.org/@jest/types/-/types-29.6.3.tgz 4305ms (cache miss)
3893 http fetch GET 200 https://registry.npmjs.org/@jest/expect-utils/-/expect-utils-29.7.0.tgz 4335ms (cache miss)
3894 http fetch GET 200 https://registry.npmjs.org/@jest/types/-/types-29.6.3.tgz 4305ms (cache miss)
3895 http fetch GET 200 https://registry.npmjs.org/argparse/-/argparse-1.0.10.tgz 4368ms (cache miss)
3896 http fetch GET 200 https://registry.npmjs.org/@jest/fake-timers/-/fake-timers-29.7.0.tgz 4351ms (cache miss)
3897 http fetch GET 200 https://registry.npmjs.org/ansi-styles/-/ansi-styles-6.2.3.tgz 4339ms (cache miss)
3898 http fetch GET 200 https://registry.npmjs.org/jest-snapshot/-/jest-snapshot-29.7.0.tgz 4347ms (cache miss)
3899 http fetch GET 200 https://registry.npmjs.org/wrap-ansi/-/wrap-ansi-8.1.0.tgz 4329ms (cache miss)
3900 http fetch GET 200 https://registry.npmjs.org/getenv/-/getenv-2.0.0.tgz 4296ms (cache miss)
3901 http fetch GET 200 https://registry.npmjs.org/string-width/-/string-width-5.1.2.tgz 4325ms (cache miss)
3902 http fetch GET 200 https://registry.npmjs.org/@jest/transform/-/transform-29.7.0.tgz 4364ms (cache miss)
3903 http fetch GET 200 https://registry.npmjs.org/@jest/environment/-/environment-29.7.0.tgz 4315ms (cache miss)
3904 http fetch GET 200 https://registry.npmjs.org/@babel/code-frame/-/code-frame-7.10.4.tgz 4261ms (cache miss)
3905 http fetch GET 200 https://registry.npmjs.org/color-name/-/color-name-1.1.3.tgz 4211ms (cache miss)
3906 http fetch GET 200 https://registry.npmjs.org/ansi-styles/-/ansi-styles-5.2.0.tgz 4250ms (cache miss)
3907 http fetch GET 200 https://registry.npmjs.org/escape-string-regexp/-/escape-string-regexp-1.0.5.tgz 4240ms (cache miss)
3908 http fetch GET 200 https://registry.npmjs.org/emoji-regex/-/emoji-regex-9.2.2.tgz 4219ms (cache miss)
3909 http fetch GET 200 https://registry.npmjs.org/semver/-/semver-7.7.4.tgz 4279ms (cache miss)
3910 http fetch GET 200 https://registry.npmjs.org/semver/-/semver-7.7.4.tgz 4202ms (cache miss)
3911 http fetch GET 200 https://registry.npmjs.org/semver/-/semver-7.7.4.tgz 4201ms (cache miss)
3912 http fetch GET 200 https://registry.npmjs.org/semver/-/semver-7.7.4.tgz 4281ms (cache miss)
3913 http fetch GET 200 https://registry.npmjs.org/semver/-/semver-7.7.4.tgz 4332ms (cache miss)
3914 http fetch GET 200 https://registry.npmjs.org/@jest/schemas/-/schemas-29.6.3.tgz 4217ms (cache miss)
3915 http fetch GET 200 https://registry.npmjs.org/debug/-/debug-3.2.7.tgz 4255ms (cache miss)
3916 http fetch GET 200 https://registry.npmjs.org/has-flag/-/has-flag-3.0.0.tgz 4205ms (cache miss)
3917 http fetch GET 200 https://registry.npmjs.org/semver/-/semver-6.3.1.tgz 4174ms (cache miss)
3918 http fetch GET 200 https://registry.npmjs.org/semver/-/semver-6.3.1.tgz 4208ms (cache miss)
3919 http fetch GET 200 https://registry.npmjs.org/getenv/-/getenv-2.0.0.tgz 4324ms (cache miss)
3920 http fetch GET 200 https://registry.npmjs.org/getenv/-/getenv-2.0.0.tgz 4267ms (cache miss)
3921 http fetch GET 200 https://registry.npmjs.org/getenv/-/getenv-2.0.0.tgz 4320ms (cache miss)
3922 http fetch GET 200 https://registry.npmjs.org/getenv/-/getenv-2.0.0.tgz 4320ms (cache miss)
3923 http fetch GET 200 https://registry.npmjs.org/getenv/-/getenv-2.0.0.tgz 4346ms (cache miss)
3924 http fetch GET 200 https://registry.npmjs.org/getenv/-/getenv-2.0.0.tgz 4268ms (cache miss)
3925 http fetch GET 200 https://registry.npmjs.org/color-convert/-/color-convert-1.9.3.tgz 4226ms (cache miss)
3926 http fetch GET 200 https://registry.npmjs.org/ansi-styles/-/ansi-styles-3.2.1.tgz 4202ms (cache miss)
3927 http fetch GET 200 https://registry.npmjs.org/chalk/-/chalk-2.4.2.tgz 4196ms (cache miss)
3928 http fetch GET 200 https://registry.npmjs.org/supports-color/-/supports-color-5.5.0.tgz 4192ms (cache miss)
3929 http fetch GET 200 https://registry.npmjs.org/@babel/code-frame/-/code-frame-7.10.4.tgz 4206ms (cache miss)
3930 http fetch GET 200 https://registry.npmjs.org/@sinclair/typebox/-/typebox-0.27.10.tgz 4214ms (cache miss)
3931 http fetch GET 200 https://registry.npmjs.org/pretty-format/-/pretty-format-29.7.0.tgz 4140ms (cache miss)
3932 http fetch GET 200 https://registry.npmjs.org/semver/-/semver-6.3.1.tgz 4179ms (cache miss)
3933 http fetch GET 200 https://registry.npmjs.org/semver/-/semver-6.3.1.tgz 4179ms (cache miss)
3934 http fetch GET 200 https://registry.npmjs.org/semver/-/semver-6.3.1.tgz 4200ms (cache miss)
3935 http fetch GET 200 https://registry.npmjs.org/postcss/-/postcss-8.4.49.tgz 4178ms (cache miss)
3936 http fetch GET 200 https://registry.npmjs.org/@sinclair/typebox/-/typebox-0.27.10.tgz 4064ms (cache miss)
3937 http fetch GET 200 https://registry.npmjs.org/@sinclair/typebox/-/typebox-0.27.10.tgz 4063ms (cache miss)
3938 http fetch GET 200 https://registry.npmjs.org/source-map/-/source-map-0.5.6.tgz 5363ms (cache miss)
3939 http fetch GET 200 https://registry.npmjs.org/path-scurry/-/path-scurry-1.11.1.tgz 4967ms (cache miss)
3940 http fetch GET 200 https://registry.npmjs.org/source-map/-/source-map-0.5.7.tgz 5111ms (cache miss)
3941 http fetch GET 200 https://registry.npmjs.org/source-map/-/source-map-0.5.7.tgz 5234ms (cache miss)
3942 http fetch GET 200 https://registry.npmjs.org/source-map/-/source-map-0.5.7.tgz 5234ms (cache miss)
3943 http fetch GET 200 https://registry.npmjs.org/path-scurry/-/path-scurry-1.11.1.tgz 4931ms (cache miss)
3944 http fetch GET 200 https://registry.npmjs.org/path-scurry/-/path-scurry-1.11.1.tgz 4966ms (cache miss)
3945 http fetch GET 200 https://registry.npmjs.org/@babel/parser/-/parser-7.29.0.tgz 5898ms (cache miss)
3946 http fetch GET 200 https://registry.npmjs.org/babel-plugin-react-compiler/-/babel-plugin-react-compiler-1.0.0.tgz 6621ms (cache miss)
3947 http fetch GET 200 https://registry.npmjs.org/lru-cache/-/lru-cache-11.2.6.tgz 5659ms (cache miss)
3948 http fetch GET 200 https://registry.npmjs.org/jackspeak/-/jackspeak-4.2.3.tgz 5306ms (cache miss)
3949 http fetch GET 200 https://registry.npmjs.org/@sinclair/typebox/-/typebox-0.27.10.tgz 5429ms (cache miss)
3950 http fetch GET 200 https://registry.npmjs.org/lru-cache/-/lru-cache-10.4.3.tgz 5549ms (cache miss)
3951 http fetch GET 200 https://registry.npmjs.org/lru-cache/-/lru-cache-10.4.3.tgz 5433ms (cache miss)
3952 http fetch GET 200 https://registry.npmjs.org/lru-cache/-/lru-cache-10.4.3.tgz 5402ms (cache miss)
3953 http fetch GET 200 https://registry.npmjs.org/lru-cache/-/lru-cache-10.4.3.tgz 5342ms (cache miss)
3954 http fetch GET 200 https://registry.npmjs.org/@types/node/-/node-25.2.3.tgz 6658ms (cache miss)
3955 http fetch GET 200 https://registry.npmjs.org/glob/-/glob-13.0.3.tgz 7133ms (cache miss)
3956 http fetch GET 200 https://registry.npmjs.org/metro-file-map/-/metro-file-map-0.83.3.tgz 7496ms (cache miss)
3957 http fetch GET 200 https://registry.npmjs.org/@babel/generator/-/generator-7.29.1.tgz 6257ms (cache miss)
3958 http fetch GET 200 https://registry.npmjs.org/minimatch/-/minimatch-10.2.0.tgz 5704ms (cache miss)
3959 http fetch GET 200 https://registry.npmjs.org/js-yaml/-/js-yaml-3.14.2.tgz 5582ms (cache miss)
3960 http fetch GET 200 https://registry.npmjs.org/hermes-parser/-/hermes-parser-0.29.1.tgz 7583ms (cache miss)
3961 http fetch GET 200 https://registry.npmjs.org/@babel/traverse/-/traverse-7.29.0.tgz 6874ms (cache miss)
3962 http fetch GET 200 https://registry.npmjs.org/@babel/traverse/-/traverse-7.29.0.tgz 6887ms (cache miss)
3963 http fetch GET 200 https://registry.npmjs.org/react-dom/-/react-dom-19.2.4.tgz 7889ms (cache miss)
3964 http fetch GET 200 https://registry.npmjs.org/glob/-/glob-10.5.0.tgz 6226ms (cache miss)
3965 http fetch GET 200 https://registry.npmjs.org/glob/-/glob-10.5.0.tgz 6095ms (cache miss)
3966 http fetch GET 200 https://registry.npmjs.org/glob/-/glob-10.5.0.tgz 5974ms (cache miss)
3967 http fetch GET 200 https://registry.npmjs.org/lightningcss-darwin-arm64/-/lightningcss-darwin-arm64-1.31.1.tgz 7988ms (cache miss)
3968 http fetch GET 200 https://registry.npmjs.org/@isaacs/cliui/-/cliui-9.0.0.tgz 6127ms (cache miss)
3969 http fetch GET 200 https://registry.npmjs.org/entities/-/entities-6.0.1.tgz 6550ms (cache miss)
3970 http fetch GET 200 https://registry.npmjs.org/hermes-parser/-/hermes-parser-0.32.0.tgz 6425ms (cache miss)
3971 http fetch GET 200 https://registry.npmjs.org/hermes-parser/-/hermes-parser-0.32.0.tgz 6498ms (cache miss)
3972 http fetch GET 200 https://registry.npmjs.org/expo-asset/-/expo-asset-12.0.12.tgz 7762ms (cache miss)
3973 http fetch GET 200 https://registry.npmjs.org/fbjs/-/fbjs-3.0.5.tgz 7825ms (cache miss)
3974 http fetch GET 200 https://registry.npmjs.org/type-fest/-/type-fest-4.41.0.tgz 6834ms (cache miss)
3975 http fetch GET 200 https://registry.npmjs.org/expo-font/-/expo-font-14.0.11.tgz 7845ms (cache miss)
3976 http fetch GET 200 https://registry.npmjs.org/@expo/metro-config/-/metro-config-54.0.14.tgz 7361ms (cache miss)
3977 http fetch GET 200 https://registry.npmjs.org/undici/-/undici-6.23.0.tgz 8785ms (cache miss)
3978 http fetch GET 200 https://registry.npmjs.org/@babel/core/-/core-7.29.0.tgz 7035ms (cache miss)
3979 http fetch GET 200 https://registry.npmjs.org/handlebars/-/handlebars-4.7.8.tgz 8204ms (cache miss)
3980 http fetch GET 200 https://registry.npmjs.org/sucrase/-/sucrase-3.35.1.tgz 8906ms (cache miss)
3981 http fetch GET 200 https://registry.npmjs.org/tar/-/tar-7.5.7.tgz 8894ms (cache miss)
3982 http fetch GET 200 https://registry.npmjs.org/@react-native-community/netinfo/-/netinfo-11.5.2.tgz 7746ms (cache miss)
3983 http fetch GET 200 https://registry.npmjs.org/expo-file-system/-/expo-file-system-19.0.21.tgz 8195ms (cache miss)
3984 http fetch GET 200 https://registry.npmjs.org/@babel/types/-/types-7.29.0.tgz 7536ms (cache miss)
3985 http fetch GET 200 https://registry.npmjs.org/react-devtools-core/-/react-devtools-core-6.1.5.tgz 8836ms (cache miss)
3986 http fetch GET 200 https://registry.npmjs.org/expo-modules-autolinking/-/expo-modules-autolinking-3.0.24.tgz 8356ms (cache miss)
3987 http fetch GET 200 https://registry.npmjs.org/regenerate-unicode-properties/-/regenerate-unicode-properties-10.2.2.tgz 9035ms (cache miss)
3988 http fetch GET 200 https://registry.npmjs.org/@react-native/codegen/-/codegen-0.81.5.tgz 7931ms (cache miss)
3989 http fetch GET 200 https://registry.npmjs.org/@expo/prebuild-config/-/prebuild-config-54.0.8.tgz 7867ms (cache miss)
3990 http fetch GET 200 https://registry.npmjs.org/@react-native/gradle-plugin/-/gradle-plugin-0.81.5.tgz 8007ms (cache miss)
3991 http fetch GET 200 https://registry.npmjs.org/@babel/helpers/-/helpers-7.28.6.tgz 7642ms (cache miss)
3992 http fetch GET 200 https://registry.npmjs.org/yaml/-/yaml-2.8.2.tgz 7302ms (cache miss)
3993 http fetch GET 200 https://registry.npmjs.org/@testing-library/react-native/-/react-native-13.3.3.tgz 8120ms (cache miss)
3994 http fetch GET 200 https://registry.npmjs.org/@expo/config-plugins/-/config-plugins-54.0.4.tgz 7958ms (cache miss)
3995 http fetch GET 200 https://registry.npmjs.org/@expo/vector-icons/-/vector-icons-15.0.3.tgz 8052ms (cache miss)
3996 http fetch GET 200 https://registry.npmjs.org/lodash/-/lodash-4.17.23.tgz 9001ms (cache miss)
3997 http fetch GET 200 https://registry.npmjs.org/typescript/-/typescript-5.9.3.tgz 9395ms (cache miss)
3998 http fetch GET 200 https://registry.npmjs.org/expo/-/expo-54.0.33.tgz 8736ms (cache miss)
3999 http fetch GET 200 https://registry.npmjs.org/metro/-/metro-0.83.3.tgz 9159ms (cache miss)
4000 http fetch GET 200 https://registry.npmjs.org/@expo/metro/-/metro-54.2.0.tgz 8250ms (cache miss)
4001 http fetch GET 200 https://registry.npmjs.org/jsdom/-/jsdom-20.0.3.tgz 9514ms (cache miss)
4002 http fetch GET 200 https://registry.npmjs.org/caniuse-lite/-/caniuse-lite-1.0.30001769.tgz 9044ms (cache miss)
4003 http fetch GET 200 https://registry.npmjs.org/react-native-web/-/react-native-web-0.21.2.tgz 10371ms (cache miss)
4004 http fetch GET 200 https://registry.npmjs.org/expo-sqlite/-/expo-sqlite-16.0.10.tgz 9835ms (cache miss)
4005 http fetch GET 200 https://registry.npmjs.org/expo-modules-core/-/expo-modules-core-3.0.29.tgz 10097ms (cache miss)
4006 http fetch GET 200 https://registry.npmjs.org/@expo/cli/-/cli-54.0.23.tgz 9871ms (cache miss)
4007 http fetch GET 200 https://registry.npmjs.org/@sinclair/typebox/-/typebox-0.34.48.tgz 10110ms (cache miss)
4008 http fetch GET 200 https://registry.npmjs.org/@react-native/debugger-frontend/-/debugger-frontend-0.81.5.tgz 10152ms (cache miss)
4009 http fetch GET 200 https://registry.npmjs.org/react-native/-/react-native-0.81.5.tgz 12133ms (cache miss)
4010 info run unrs-resolver@1.11.1 postinstall node_modules/unrs-resolver napi-postinstall unrs-resolver 1.11.1 check
4011 info run unrs-resolver@1.11.1 postinstall { code: 0, signal: null }
4012 silly ADD node_modules/yocto-queue
4013 silly ADD node_modules/yargs-parser
4014 silly ADD node_modules/yargs
4015 silly ADD node_modules/yallist
4016 silly ADD node_modules/y18n
4017 silly ADD node_modules/xmlchars
4018 silly ADD node_modules/xmlbuilder
4019 silly ADD node_modules/xml2js
4020 silly ADD node_modules/xml2js/node_modules/xmlbuilder
4021 silly ADD node_modules/xml-name-validator
4022 silly ADD node_modules/xcode
4023 silly ADD node_modules/xcode/node_modules/uuid
4024 silly ADD node_modules/ws
4025 silly ADD node_modules/write-file-atomic
4026 silly ADD node_modules/write-file-atomic/node_modules/signal-exit
4027 silly ADD node_modules/wrappy
4028 silly ADD node_modules/wrap-ansi-cjs
4029 silly ADD node_modules/wrap-ansi-cjs/node_modules/strip-ansi
4030 silly ADD node_modules/wrap-ansi
4031 silly ADD node_modules/wrap-ansi/node_modules/strip-ansi
4032 silly ADD node_modules/wordwrap
4033 silly ADD node_modules/wonka
4034 silly ADD node_modules/which
4035 silly ADD node_modules/whatwg-url-without-unicode
4036 silly ADD node_modules/whatwg-url-without-unicode/node_modules/webidl-conversions
4037 silly ADD node_modules/whatwg-url
4038 silly ADD node_modules/whatwg-mimetype
4039 silly ADD node_modules/whatwg-fetch
4040 silly ADD node_modules/whatwg-encoding
4041 silly ADD node_modules/webidl-conversions
4042 silly ADD node_modules/wcwidth
4043 silly ADD node_modules/walker
4044 silly ADD node_modules/w3c-xmlserializer
4045 silly ADD node_modules/vlq
4046 silly ADD node_modules/vary
4047 silly ADD node_modules/validate-npm-package-name
4048 silly ADD node_modules/v8-to-istanbul
4049 silly ADD node_modules/utils-merge
4050 silly ADD node_modules/url-parse
4051 silly ADD node_modules/update-browserslist-db
4052 silly ADD node_modules/unrs-resolver
4053 silly ADD node_modules/unpipe
4054 silly ADD node_modules/unique-string
4055 silly ADD node_modules/unicode-property-aliases-ecmascript
4056 silly ADD node_modules/unicode-match-property-value-ecmascript
4057 silly ADD node_modules/unicode-match-property-ecmascript
4058 silly ADD node_modules/unicode-canonical-property-names-ecmascript
4059 silly ADD node_modules/undici-types
4060 silly ADD node_modules/undici
4061 silly ADD node_modules/uglify-js
4062 silly ADD node_modules/ua-parser-js
4063 silly ADD node_modules/typescript
4064 silly ADD node_modules/type-fest
4065 silly ADD node_modules/type-detect
4066 silly ADD node_modules/ts-jest
4067 silly ADD node_modules/ts-jest/node_modules/type-fest
4068 silly ADD node_modules/ts-jest/node_modules/semver
4069 silly ADD node_modules/ts-interface-checker
4070 silly ADD node_modules/tr46
4071 silly ADD node_modules/tough-cookie
4072 silly ADD node_modules/tough-cookie/node_modules/universalify
4073 silly ADD node_modules/toidentifier
4074 silly ADD node_modules/to-regex-range
4075 silly ADD node_modules/tmpl
4076 silly ADD node_modules/tinyglobby
4077 silly ADD node_modules/tinyglobby/node_modules/picomatch
4078 silly ADD node_modules/throat
4079 silly ADD node_modules/thenify-all
4080 silly ADD node_modules/thenify
4081 silly ADD node_modules/test-exclude
4082 silly ADD node_modules/test-exclude/node_modules/minimatch
4083 silly ADD node_modules/test-exclude/node_modules/glob
4084 silly ADD node_modules/test-exclude/node_modules/brace-expansion
4085 silly ADD node_modules/terser
4086 silly ADD node_modules/terser/node_modules/commander
4087 silly ADD node_modules/terminal-link
4088 silly ADD node_modules/temp-dir
4089 silly ADD node_modules/tar
4090 silly ADD node_modules/tar/node_modules/yallist
4091 silly ADD node_modules/synckit
4092 silly ADD node_modules/symbol-tree
4093 silly ADD node_modules/supports-preserve-symlinks-flag
4094 silly ADD node_modules/supports-hyperlinks
4095 silly ADD node_modules/supports-color
4096 silly ADD node_modules/sucrase
4097 silly ADD node_modules/sucrase/node_modules/commander
4098 silly ADD node_modules/styleq
4099 silly ADD node_modules/structured-headers
4100 silly ADD node_modules/strip-json-comments
4101 silly ADD node_modules/strip-indent
4102 silly ADD node_modules/strip-final-newline
4103 silly ADD node_modules/strip-bom
4104 silly ADD node_modules/strip-ansi-cjs
4105 silly ADD node_modules/strip-ansi
4106 silly ADD node_modules/strip-ansi/node_modules/ansi-regex
4107 silly ADD node_modules/string-width-cjs
4108 silly ADD node_modules/string-width-cjs/node_modules/strip-ansi
4109 silly ADD node_modules/string-width
4110 silly ADD node_modules/string-width/node_modules/strip-ansi
4111 silly ADD node_modules/string-length
4112 silly ADD node_modules/string-length/node_modules/strip-ansi
4113 silly ADD node_modules/stream-buffers
4114 silly ADD node_modules/statuses
4115 silly ADD node_modules/stacktrace-parser
4116 silly ADD node_modules/stacktrace-parser/node_modules/type-fest
4117 silly ADD node_modules/stacktrace-js
4118 silly ADD node_modules/stacktrace-gps
4119 silly ADD node_modules/stacktrace-gps/node_modules/source-map
4120 silly ADD node_modules/stackframe
4121 silly ADD node_modules/stack-utils
4122 silly ADD node_modules/stack-utils/node_modules/escape-string-regexp
4123 silly ADD node_modules/stack-generator
4124 silly ADD node_modules/sprintf-js
4125 silly ADD node_modules/source-map-support
4126 silly ADD node_modules/source-map-js
4127 silly ADD node_modules/source-map
4128 silly ADD node_modules/slugify
4129 silly ADD node_modules/slash
4130 silly ADD node_modules/sisteransi
4131 silly ADD node_modules/simple-plist
4132 silly ADD node_modules/simple-plist/node_modules/bplist-parser
4133 silly ADD node_modules/signal-exit
4134 silly ADD node_modules/shell-quote
4135 silly ADD node_modules/shebang-regex
4136 silly ADD node_modules/shebang-command
4137 silly ADD node_modules/setprototypeof
4138 silly ADD node_modules/setimmediate
4139 silly ADD node_modules/server-only
4140 silly ADD node_modules/serve-static
4141 silly ADD node_modules/serve-static/node_modules/encodeurl
4142 silly ADD node_modules/serialize-error
4143 silly ADD node_modules/send
4144 silly ADD node_modules/send/node_modules/statuses
4145 silly ADD node_modules/send/node_modules/on-finished
4146 silly ADD node_modules/send/node_modules/encodeurl
4147 silly ADD node_modules/send/node_modules/debug
4148 silly ADD node_modules/send/node_modules/debug/node_modules/ms
4149 silly ADD node_modules/semver
4150 silly ADD node_modules/semver/node_modules/yallist
4151 silly ADD node_modules/semver/node_modules/lru-cache
4152 silly ADD node_modules/scheduler
4153 silly ADD node_modules/saxes
4154 silly ADD node_modules/sax
4155 silly ADD node_modules/safer-buffer
4156 silly ADD node_modules/safe-buffer
4157 silly ADD node_modules/restore-cursor
4158 silly ADD node_modules/restore-cursor/node_modules/onetime
4159 silly ADD node_modules/restore-cursor/node_modules/mimic-fn
4160 silly ADD node_modules/resolve.exports
4161 silly ADD node_modules/resolve-workspace-root
4162 silly ADD node_modules/resolve-global
4163 silly ADD node_modules/resolve-from
4164 silly ADD node_modules/resolve-cwd
4165 silly ADD node_modules/resolve
4166 silly ADD node_modules/requires-port
4167 silly ADD node_modules/requireg
4168 silly ADD node_modules/requireg/node_modules/resolve
4169 silly ADD node_modules/require-from-string
4170 silly ADD node_modules/require-directory
4171 silly ADD node_modules/regjsparser
4172 silly ADD node_modules/regjsgen
4173 silly ADD node_modules/regexpu-core
4174 silly ADD node_modules/regenerator-runtime
4175 silly ADD node_modules/regenerate-unicode-properties
4176 silly ADD node_modules/regenerate
4177 silly ADD node_modules/redent
4178 silly ADD node_modules/react-test-renderer
4179 silly ADD node_modules/react-test-renderer/node_modules/scheduler
4180 silly ADD node_modules/react-test-renderer/node_modules/react-is
4181 silly ADD node_modules/react-refresh
4182 silly ADD node_modules/react-native-web
4183 silly ADD node_modules/react-native-web/node_modules/memoize-one
4184 silly ADD node_modules/react-native-web/node_modules/@react-native/normalize-colors
4185 silly ADD node_modules/react-native-is-edge-to-edge
4186 silly ADD node_modules/react-native
4187 silly ADD node_modules/react-native/node_modules/ws
4188 silly ADD node_modules/react-native/node_modules/write-file-atomic
4189 silly ADD node_modules/react-native/node_modules/supports-color
4190 silly ADD node_modules/react-native/node_modules/scheduler
4191 silly ADD node_modules/react-native/node_modules/pretty-format
4192 silly ADD node_modules/react-native/node_modules/picomatch
4193 silly ADD node_modules/react-native/node_modules/minimatch
4194 silly ADD node_modules/react-native/node_modules/jest-worker
4195 silly ADD node_modules/react-native/node_modules/jest-util
4196 silly ADD node_modules/react-native/node_modules/jest-regex-util
4197 silly ADD node_modules/react-native/node_modules/jest-mock
4198 silly ADD node_modules/react-native/node_modules/jest-message-util
4199 silly ADD node_modules/react-native/node_modules/jest-haste-map
4200 silly ADD node_modules/react-native/node_modules/jest-environment-node
4201 silly ADD node_modules/react-native/node_modules/istanbul-lib-instrument
4202 silly ADD node_modules/react-native/node_modules/istanbul-lib-instrument/node_modules/semver
4203 silly ADD node_modules/react-native/node_modules/glob
4204 silly ADD node_modules/react-native/node_modules/commander
4205 silly ADD node_modules/react-native/node_modules/brace-expansion
4206 silly ADD node_modules/react-native/node_modules/babel-preset-jest
4207 silly ADD node_modules/react-native/node_modules/babel-plugin-jest-hoist
4208 silly ADD node_modules/react-native/node_modules/babel-plugin-istanbul
4209 silly ADD node_modules/react-native/node_modules/babel-jest
4210 silly ADD node_modules/react-native/node_modules/ansi-styles
4211 silly ADD node_modules/react-native/node_modules/@sinonjs/fake-timers
4212 silly ADD node_modules/react-native/node_modules/@sinclair/typebox
4213 silly ADD node_modules/react-native/node_modules/@jest/types
4214 silly ADD node_modules/react-native/node_modules/@jest/transform
4215 silly ADD node_modules/react-native/node_modules/@jest/schemas
4216 silly ADD node_modules/react-native/node_modules/@jest/fake-timers
4217 silly ADD node_modules/react-native/node_modules/@jest/environment
4218 silly ADD node_modules/react-is
4219 silly ADD node_modules/react-dom
4220 silly ADD node_modules/react-devtools-core
4221 silly ADD node_modules/react-devtools-core/node_modules/ws
4222 silly ADD node_modules/react
4223 silly ADD node_modules/rc
4224 silly ADD node_modules/rc/node_modules/strip-json-comments
4225 silly ADD node_modules/range-parser
4226 silly ADD node_modules/queue
4227 silly ADD node_modules/querystringify
4228 silly ADD node_modules/qrcode-terminal
4229 silly ADD node_modules/pure-rand
4230 silly ADD node_modules/punycode
4231 silly ADD node_modules/psl
4232 silly ADD node_modules/prompts
4233 silly ADD node_modules/promise
4234 silly ADD node_modules/progress
4235 silly ADD node_modules/proc-log
4236 silly ADD node_modules/pretty-format
4237 silly ADD node_modules/pretty-format/node_modules/ansi-styles
4238 silly ADD node_modules/pretty-bytes
4239 silly ADD node_modules/postcss-value-parser
4240 silly ADD node_modules/pngjs
4241 silly ADD node_modules/plist
4242 silly ADD node_modules/pkg-dir
4243 silly ADD node_modules/pkg-dir/node_modules/p-locate
4244 silly ADD node_modules/pkg-dir/node_modules/p-limit
4245 silly ADD node_modules/pkg-dir/node_modules/locate-path
4246 silly ADD node_modules/pkg-dir/node_modules/find-up
4247 silly ADD node_modules/pirates
4248 silly ADD node_modules/picomatch
4249 silly ADD node_modules/picocolors
4250 silly ADD node_modules/path-scurry
4251 silly ADD node_modules/path-scurry/node_modules/lru-cache
4252 silly ADD node_modules/path-parse
4253 silly ADD node_modules/path-key
4254 silly ADD node_modules/path-is-absolute
4255 silly ADD node_modules/path-exists
4256 silly ADD node_modules/parseurl
4257 silly ADD node_modules/parse5
4258 silly ADD node_modules/parse5/node_modules/entities
4259 silly ADD node_modules/parse-png
4260 silly ADD node_modules/parse-json
4261 silly ADD node_modules/package-json-from-dist
4262 silly ADD node_modules/p-try
4263 silly ADD node_modules/p-limit
4264 silly ADD node_modules/ora
4265 silly ADD node_modules/ora/node_modules/supports-color
4266 silly ADD node_modules/ora/node_modules/strip-ansi
4267 silly ADD node_modules/ora/node_modules/has-flag
4268 silly ADD node_modules/ora/node_modules/escape-string-regexp
4269 silly ADD node_modules/ora/node_modules/color-name
4270 silly ADD node_modules/ora/node_modules/color-convert
4271 silly ADD node_modules/ora/node_modules/chalk
4272 silly ADD node_modules/ora/node_modules/ansi-styles
4273 silly ADD node_modules/ora/node_modules/ansi-regex
4274 silly ADD node_modules/open
4275 silly ADD node_modules/onetime
4276 silly ADD node_modules/once
4277 silly ADD node_modules/on-headers
4278 silly ADD node_modules/on-finished
4279 silly ADD node_modules/object-assign
4280 silly ADD node_modules/ob1
4281 silly ADD node_modules/nwsapi
4282 silly ADD node_modules/nullthrows
4283 silly ADD node_modules/npm-run-path
4284 silly ADD node_modules/npm-package-arg
4285 silly ADD node_modules/normalize-path
4286 silly ADD node_modules/node-releases
4287 silly ADD node_modules/node-int64
4288 silly ADD node_modules/node-forge
4289 silly ADD node_modules/node-fetch
4290 silly ADD node_modules/node-fetch/node_modules/whatwg-url
4291 silly ADD node_modules/node-fetch/node_modules/webidl-conversions
4292 silly ADD node_modules/node-fetch/node_modules/tr46
4293 silly ADD node_modules/nested-error-stacks
4294 silly ADD node_modules/neo-async
4295 silly ADD node_modules/negotiator
4296 silly ADD node_modules/natural-compare
4297 silly ADD node_modules/napi-postinstall
4298 silly ADD node_modules/nanoid
4299 silly ADD node_modules/mz
4300 silly ADD node_modules/ms
4301 silly ADD node_modules/mkdirp
4302 silly ADD node_modules/minizlib
4303 silly ADD node_modules/minipass
4304 silly ADD node_modules/minimist
4305 silly ADD node_modules/minimatch
4306 silly ADD node_modules/min-indent
4307 silly ADD node_modules/mimic-fn
4308 silly ADD node_modules/mime-types
4309 silly ADD node_modules/mime-types/node_modules/mime-db
4310 silly ADD node_modules/mime-db
4311 silly ADD node_modules/mime
4312 silly ADD node_modules/micromatch
4313 silly ADD node_modules/micromatch/node_modules/picomatch
4314 silly ADD node_modules/metro-transform-worker
4315 silly ADD node_modules/metro-transform-plugins
4316 silly ADD node_modules/metro-symbolicate
4317 silly ADD node_modules/metro-symbolicate/node_modules/source-map
4318 silly ADD node_modules/metro-source-map
4319 silly ADD node_modules/metro-source-map/node_modules/source-map
4320 silly ADD node_modules/metro-runtime
4321 silly ADD node_modules/metro-resolver
4322 silly ADD node_modules/metro-minify-terser
4323 silly ADD node_modules/metro-file-map
4324 silly ADD node_modules/metro-file-map/node_modules/supports-color
4325 silly ADD node_modules/metro-file-map/node_modules/picomatch
4326 silly ADD node_modules/metro-file-map/node_modules/jest-worker
4327 silly ADD node_modules/metro-file-map/node_modules/jest-util
4328 silly ADD node_modules/metro-file-map/node_modules/@sinclair/typebox
4329 silly ADD node_modules/metro-file-map/node_modules/@jest/types
4330 silly ADD node_modules/metro-file-map/node_modules/@jest/schemas
4331 silly ADD node_modules/metro-core
4332 silly ADD node_modules/metro-config
4333 silly ADD node_modules/metro-config/node_modules/yaml
4334 silly ADD node_modules/metro-config/node_modules/pretty-format
4335 silly ADD node_modules/metro-config/node_modules/jest-validate
4336 silly ADD node_modules/metro-config/node_modules/camelcase
4337 silly ADD node_modules/metro-config/node_modules/ansi-styles
4338 silly ADD node_modules/metro-config/node_modules/@sinclair/typebox
4339 silly ADD node_modules/metro-config/node_modules/@jest/types
4340 silly ADD node_modules/metro-config/node_modules/@jest/schemas
4341 silly ADD node_modules/metro-cache-key
4342 silly ADD node_modules/metro-cache
4343 silly ADD node_modules/metro-cache/node_modules/https-proxy-agent
4344 silly ADD node_modules/metro-cache/node_modules/agent-base
4345 silly ADD node_modules/metro-babel-transformer
4346 silly ADD node_modules/metro-babel-transformer/node_modules/hermes-parser
4347 silly ADD node_modules/metro-babel-transformer/node_modules/hermes-estree
4348 silly ADD node_modules/metro
4349 silly ADD node_modules/metro/node_modules/ws
4350 silly ADD node_modules/metro/node_modules/supports-color
4351 silly ADD node_modules/metro/node_modules/source-map
4352 silly ADD node_modules/metro/node_modules/picomatch
4353 silly ADD node_modules/metro/node_modules/jest-worker
4354 silly ADD node_modules/metro/node_modules/jest-util
4355 silly ADD node_modules/metro/node_modules/jest-util/node_modules/ci-info
4356 silly ADD node_modules/metro/node_modules/hermes-parser
4357 silly ADD node_modules/metro/node_modules/hermes-estree
4358 silly ADD node_modules/metro/node_modules/ci-info
4359 silly ADD node_modules/metro/node_modules/@sinclair/typebox
4360 silly ADD node_modules/metro/node_modules/@jest/types
4361 silly ADD node_modules/metro/node_modules/@jest/schemas
4362 silly ADD node_modules/merge-stream
4363 silly ADD node_modules/memoize-one
4364 silly ADD node_modules/math-intrinsics
4365 silly ADD node_modules/marky
4366 silly ADD node_modules/makeerror
4367 silly ADD node_modules/make-error
4368 silly ADD node_modules/lru-cache
4369 silly ADD node_modules/loose-envify
4370 silly ADD node_modules/log-symbols
4371 silly ADD node_modules/log-symbols/node_modules/supports-color
4372 silly ADD node_modules/log-symbols/node_modules/has-flag
4373 silly ADD node_modules/log-symbols/node_modules/escape-string-regexp
4374 silly ADD node_modules/log-symbols/node_modules/color-name
4375 silly ADD node_modules/log-symbols/node_modules/color-convert
4376 silly ADD node_modules/log-symbols/node_modules/chalk
4377 silly ADD node_modules/log-symbols/node_modules/ansi-styles
4378 silly ADD node_modules/lodash.throttle
4379 silly ADD node_modules/lodash.memoize
4380 silly ADD node_modules/lodash.debounce
4381 silly ADD node_modules/lodash
4382 silly ADD node_modules/lines-and-columns
4383 silly ADD node_modules/lightningcss-darwin-arm64
4384 silly ADD node_modules/lightningcss
4385 silly ADD node_modules/lighthouse-logger
4386 silly ADD node_modules/lighthouse-logger/node_modules/ms
4387 silly ADD node_modules/lighthouse-logger/node_modules/debug
4388 silly ADD node_modules/leven
4389 silly ADD node_modules/lan-network
4390 silly ADD node_modules/kleur
4391 silly ADD node_modules/json5
4392 silly ADD node_modules/json-parse-even-better-errors
4393 silly ADD node_modules/jsesc
4394 silly ADD node_modules/jsdom
4395 silly ADD node_modules/jsc-safe-url
4396 silly ADD node_modules/js-yaml
4397 silly ADD node_modules/js-tokens
4398 silly ADD node_modules/jimp-compact
4399 silly ADD node_modules/jest-watcher
4400 silly ADD node_modules/jest-watch-typeahead
4401 silly ADD node_modules/jest-watch-typeahead/node_modules/string-length
4402 silly ADD node_modules/jest-watch-typeahead/node_modules/string-length/node_modules/char-regex
4403 silly ADD node_modules/jest-watch-typeahead/node_modules/slash
4404 silly ADD node_modules/jest-watch-typeahead/node_modules/pretty-format
4405 silly ADD node_modules/jest-watch-typeahead/node_modules/picomatch
4406 silly ADD node_modules/jest-watch-typeahead/node_modules/jest-watcher
4407 silly ADD node_modules/jest-watch-typeahead/node_modules/jest-watcher/node_modules/strip-ansi
4408 silly ADD node_modules/jest-watch-typeahead/node_modules/jest-watcher/node_modules/string-length
4409 silly ADD node_modules/jest-watch-typeahead/node_modules/jest-watcher/node_modules/ansi-escapes
4410 silly ADD node_modules/jest-watch-typeahead/node_modules/jest-util
4411 silly ADD node_modules/jest-watch-typeahead/node_modules/jest-regex-util
4412 silly ADD node_modules/jest-watch-typeahead/node_modules/jest-message-util
4413 silly ADD node_modules/jest-watch-typeahead/node_modules/jest-message-util/node_modules/slash
4414 silly ADD node_modules/jest-watch-typeahead/node_modules/ansi-styles
4415 silly ADD node_modules/jest-watch-typeahead/node_modules/ansi-escapes
4416 silly ADD node_modules/jest-watch-typeahead/node_modules/@sinclair/typebox
4417 silly ADD node_modules/jest-watch-typeahead/node_modules/@jest/types
4418 silly ADD node_modules/jest-watch-typeahead/node_modules/@jest/test-result
4419 silly ADD node_modules/jest-watch-typeahead/node_modules/@jest/schemas
4420 silly ADD node_modules/jest-watch-typeahead/node_modules/@jest/console
4421 silly ADD node_modules/jest-watch-typeahead/node_modules/@jest/console/node_modules/slash
4422 silly ADD node_modules/jest-watch-select-projects
4423 silly ADD node_modules/jest-watch-select-projects/node_modules/chalk
4424 silly ADD node_modules/jest-validate
4425 silly ADD node_modules/jest-validate/node_modules/camelcase
4426 silly ADD node_modules/jest-util
4427 silly ADD node_modules/jest-util/node_modules/picomatch
4428 silly ADD node_modules/jest-util/node_modules/ci-info
4429 silly ADD node_modules/jest-snapshot
4430 silly ADD node_modules/jest-snapshot/node_modules/semver
4431 silly ADD node_modules/jest-runtime
4432 silly ADD node_modules/jest-runtime/node_modules/path-scurry
4433 silly ADD node_modules/jest-runtime/node_modules/lru-cache
4434 silly ADD node_modules/jest-runtime/node_modules/glob
4435 silly ADD node_modules/jest-runtime/node_modules/@jest/globals
4436 silly ADD node_modules/jest-runner
4437 silly ADD node_modules/jest-runner/node_modules/supports-color
4438 silly ADD node_modules/jest-runner/node_modules/source-map-support
4439 silly ADD node_modules/jest-runner/node_modules/jest-worker
4440 silly ADD node_modules/jest-resolve-dependencies
4441 silly ADD node_modules/jest-resolve
4442 silly ADD node_modules/jest-regex-util
4443 silly ADD node_modules/jest-pnp-resolver
4444 silly ADD node_modules/jest-mock
4445 silly ADD node_modules/jest-message-util
4446 silly ADD node_modules/jest-matcher-utils
4447 silly ADD node_modules/jest-leak-detector
4448 silly ADD node_modules/jest-haste-map
4449 silly ADD node_modules/jest-haste-map/node_modules/supports-color
4450 silly ADD node_modules/jest-haste-map/node_modules/jest-worker
4451 silly ADD node_modules/jest-get-type
4452 silly ADD node_modules/jest-expo
4453 silly ADD node_modules/jest-expo/node_modules/write-file-atomic
4454 silly ADD node_modules/jest-expo/node_modules/supports-color
4455 silly ADD node_modules/jest-expo/node_modules/pretty-format
4456 silly ADD node_modules/jest-expo/node_modules/picomatch
4457 silly ADD node_modules/jest-expo/node_modules/jest-worker
4458 silly ADD node_modules/jest-expo/node_modules/jest-util
4459 silly ADD node_modules/jest-expo/node_modules/jest-snapshot
4460 silly ADD node_modules/jest-expo/node_modules/jest-regex-util
4461 silly ADD node_modules/jest-expo/node_modules/jest-message-util
4462 silly ADD node_modules/jest-expo/node_modules/jest-matcher-utils
4463 silly ADD node_modules/jest-expo/node_modules/jest-haste-map
4464 silly ADD node_modules/jest-expo/node_modules/jest-diff
4465 silly ADD node_modules/jest-expo/node_modules/istanbul-lib-instrument
4466 silly ADD node_modules/jest-expo/node_modules/istanbul-lib-instrument/node_modules/semver
4467 silly ADD node_modules/jest-expo/node_modules/expect
4468 silly ADD node_modules/jest-expo/node_modules/babel-preset-jest
4469 silly ADD node_modules/jest-expo/node_modules/babel-plugin-jest-hoist
4470 silly ADD node_modules/jest-expo/node_modules/babel-plugin-istanbul
4471 silly ADD node_modules/jest-expo/node_modules/babel-jest
4472 silly ADD node_modules/jest-expo/node_modules/ansi-styles
4473 silly ADD node_modules/jest-expo/node_modules/@sinclair/typebox
4474 silly ADD node_modules/jest-expo/node_modules/@jest/types
4475 silly ADD node_modules/jest-expo/node_modules/@jest/transform
4476 silly ADD node_modules/jest-expo/node_modules/@jest/schemas
4477 silly ADD node_modules/jest-expo/node_modules/@jest/expect-utils
4478 silly ADD node_modules/jest-environment-node
4479 silly ADD node_modules/jest-environment-jsdom
4480 silly ADD node_modules/jest-environment-jsdom/node_modules/pretty-format
4481 silly ADD node_modules/jest-environment-jsdom/node_modules/picomatch
4482 silly ADD node_modules/jest-environment-jsdom/node_modules/jest-util
4483 silly ADD node_modules/jest-environment-jsdom/node_modules/jest-mock
4484 silly ADD node_modules/jest-environment-jsdom/node_modules/jest-message-util
4485 silly ADD node_modules/jest-environment-jsdom/node_modules/ansi-styles
4486 silly ADD node_modules/jest-environment-jsdom/node_modules/@sinonjs/fake-timers
4487 silly ADD node_modules/jest-environment-jsdom/node_modules/@sinclair/typebox
4488 silly ADD node_modules/jest-environment-jsdom/node_modules/@jest/types
4489 silly ADD node_modules/jest-environment-jsdom/node_modules/@jest/schemas
4490 silly ADD node_modules/jest-environment-jsdom/node_modules/@jest/fake-timers
4491 silly ADD node_modules/jest-environment-jsdom/node_modules/@jest/environment
4492 silly ADD node_modules/jest-each
4493 silly ADD node_modules/jest-docblock
4494 silly ADD node_modules/jest-diff
4495 silly ADD node_modules/jest-config
4496 silly ADD node_modules/jest-config/node_modules/path-scurry
4497 silly ADD node_modules/jest-config/node_modules/lru-cache
4498 silly ADD node_modules/jest-config/node_modules/glob
4499 silly ADD node_modules/jest-config/node_modules/ci-info
4500 silly ADD node_modules/jest-cli
4501 silly ADD node_modules/jest-circus
4502 silly ADD node_modules/jest-changed-files
4503 silly ADD node_modules/jest
4504 silly ADD node_modules/jackspeak
4505 silly ADD node_modules/istanbul-reports
4506 silly ADD node_modules/istanbul-lib-source-maps
4507 silly ADD node_modules/istanbul-lib-report
4508 silly ADD node_modules/istanbul-lib-report/node_modules/make-dir
4509 silly ADD node_modules/istanbul-lib-instrument
4510 silly ADD node_modules/istanbul-lib-coverage
4511 silly ADD node_modules/isexe
4512 silly ADD node_modules/is-wsl
4513 silly ADD node_modules/is-stream
4514 silly ADD node_modules/is-potential-custom-element-name
4515 silly ADD node_modules/is-number
4516 silly ADD node_modules/is-generator-fn
4517 silly ADD node_modules/is-fullwidth-code-point
4518 silly ADD node_modules/is-docker
4519 silly ADD node_modules/is-core-module
4520 silly ADD node_modules/is-arrayish
4521 silly ADD node_modules/invariant
4522 silly ADD node_modules/inline-style-prefixer
4523 silly ADD node_modules/ini
4524 silly ADD node_modules/inherits
4525 silly ADD node_modules/inflight
4526 silly ADD node_modules/indent-string
4527 silly ADD node_modules/imurmurhash
4528 silly ADD node_modules/import-local
4529 silly ADD node_modules/image-size
4530 silly ADD node_modules/ignore
4531 silly ADD node_modules/ieee754
4532 silly ADD node_modules/iconv-lite
4533 silly ADD node_modules/hyphenate-style-name
4534 silly ADD node_modules/human-signals
4535 silly ADD node_modules/https-proxy-agent
4536 silly ADD node_modules/http-proxy-agent
4537 silly ADD node_modules/http-errors
4538 silly ADD node_modules/http-errors/node_modules/statuses
4539 silly ADD node_modules/html-escaper
4540 silly ADD node_modules/html-encoding-sniffer
4541 silly ADD node_modules/hosted-git-info
4542 silly ADD node_modules/hosted-git-info/node_modules/lru-cache
4543 silly ADD node_modules/hermes-parser
4544 silly ADD node_modules/hermes-estree
4545 silly ADD node_modules/hasown
4546 silly ADD node_modules/has-tostringtag
4547 silly ADD node_modules/has-symbols
4548 silly ADD node_modules/has-flag
4549 silly ADD node_modules/handlebars
4550 silly ADD node_modules/graceful-fs
4551 silly ADD node_modules/gopd
4552 silly ADD node_modules/global-dirs
4553 silly ADD node_modules/glob
4554 silly ADD node_modules/glob/node_modules/minimatch
4555 silly ADD node_modules/glob/node_modules/jackspeak
4556 silly ADD node_modules/glob/node_modules/brace-expansion
4557 silly ADD node_modules/glob/node_modules/balanced-match
4558 silly ADD node_modules/glob/node_modules/@isaacs/cliui
4559 silly ADD node_modules/get-stream
4560 silly ADD node_modules/get-proto
4561 silly ADD node_modules/get-package-type
4562 silly ADD node_modules/get-intrinsic
4563 silly ADD node_modules/get-caller-file
4564 silly ADD node_modules/gensync
4565 silly ADD node_modules/function-bind
4566 silly ADD node_modules/fsevents
4567 silly ADD node_modules/fs.realpath
4568 silly ADD node_modules/fresh
4569 silly ADD node_modules/freeport-async
4570 silly ADD node_modules/form-data
4571 silly ADD node_modules/foreground-child
4572 silly ADD node_modules/foreground-child/node_modules/signal-exit
4573 silly ADD node_modules/fontfaceobserver
4574 silly ADD node_modules/flow-enums-runtime
4575 silly ADD node_modules/finalhandler
4576 silly ADD node_modules/finalhandler/node_modules/ms
4577 silly ADD node_modules/finalhandler/node_modules/debug
4578 silly ADD node_modules/fill-range
4579 silly ADD node_modules/fdir
4580 silly ADD node_modules/fbjs-css-vars
4581 silly ADD node_modules/fbjs
4582 silly ADD node_modules/fbjs/node_modules/promise
4583 silly ADD node_modules/fb-watchman
4584 silly ADD node_modules/fast-json-stable-stringify
4585 silly ADD node_modules/exponential-backoff
4586 silly ADD node_modules/expo-status-bar
4587 silly ADD node_modules/expo-sqlite
4588 silly ADD node_modules/expo-server
4589 silly ADD node_modules/expo-modules-core
4590 silly ADD node_modules/expo-modules-autolinking
4591 silly ADD node_modules/expo-keep-awake
4592 silly ADD node_modules/expo-font
4593 silly ADD node_modules/expo-file-system
4594 silly ADD node_modules/expo-constants
4595 silly ADD node_modules/expo-asset
4596 silly ADD node_modules/expo
4597 silly ADD node_modules/expo/node_modules/pretty-format
4598 silly ADD node_modules/expo/node_modules/ansi-styles
4599 silly ADD node_modules/expo/node_modules/@sinclair/typebox
4600 silly ADD node_modules/expo/node_modules/@jest/schemas
4601 silly ADD node_modules/expect
4602 silly ADD node_modules/exit-x
4603 silly ADD node_modules/execa
4604 silly ADD node_modules/exec-async
4605 silly ADD node_modules/event-target-shim
4606 silly ADD node_modules/etag
4607 silly ADD node_modules/esutils
4608 silly ADD node_modules/estraverse
4609 silly ADD node_modules/esprima
4610 silly ADD node_modules/escodegen
4611 silly ADD node_modules/escape-string-regexp
4612 silly ADD node_modules/escape-html
4613 silly ADD node_modules/escalade
4614 silly ADD node_modules/es-set-tostringtag
4615 silly ADD node_modules/es-object-atoms
4616 silly ADD node_modules/es-errors
4617 silly ADD node_modules/es-define-property
4618 silly ADD node_modules/error-stack-parser
4619 silly ADD node_modules/error-ex
4620 silly ADD node_modules/env-editor
4621 silly ADD node_modules/encodeurl
4622 silly ADD node_modules/emoji-regex
4623 silly ADD node_modules/emittery
4624 silly ADD node_modules/electron-to-chromium
4625 silly ADD node_modules/ee-first
4626 silly ADD node_modules/eastasianwidth
4627 silly ADD node_modules/dunder-proto
4628 silly ADD node_modules/dotenv-expand
4629 silly ADD node_modules/dotenv
4630 silly ADD node_modules/domexception
4631 silly ADD node_modules/diff-sequences
4632 silly ADD node_modules/detect-newline
4633 silly ADD node_modules/detect-libc
4634 silly ADD node_modules/destroy
4635 silly ADD node_modules/depd
4636 silly ADD node_modules/delayed-stream
4637 silly ADD node_modules/define-lazy-prop
4638 silly ADD node_modules/defaults
4639 silly ADD node_modules/deepmerge
4640 silly ADD node_modules/deep-extend
4641 silly ADD node_modules/dedent
4642 silly ADD node_modules/decimal.js
4643 silly ADD node_modules/debug
4644 silly ADD node_modules/data-urls
4645 silly ADD node_modules/csstype
4646 silly ADD node_modules/cssstyle
4647 silly ADD node_modules/cssstyle/node_modules/cssom
4648 silly ADD node_modules/cssom
4649 silly ADD node_modules/css-in-js-utils
4650 silly ADD node_modules/crypto-random-string
4651 silly ADD node_modules/cross-spawn
4652 silly ADD node_modules/cross-fetch
4653 silly ADD node_modules/core-js-compat
4654 silly ADD node_modules/convert-source-map
4655 silly ADD node_modules/connect
4656 silly ADD node_modules/connect/node_modules/ms
4657 silly ADD node_modules/connect/node_modules/debug
4658 silly ADD node_modules/concat-map
4659 silly ADD node_modules/compression
4660 silly ADD node_modules/compression/node_modules/negotiator
4661 silly ADD node_modules/compression/node_modules/ms
4662 silly ADD node_modules/compression/node_modules/debug
4663 silly ADD node_modules/compressible
4664 silly ADD node_modules/commander
4665 silly ADD node_modules/combined-stream
4666 silly ADD node_modules/color-name
4667 silly ADD node_modules/color-convert
4668 silly ADD node_modules/collect-v8-coverage
4669 silly ADD node_modules/co
4670 silly ADD node_modules/clone
4671 silly ADD node_modules/cliui
4672 silly ADD node_modules/cliui/node_modules/strip-ansi
4673 silly ADD node_modules/cli-spinners
4674 silly ADD node_modules/cli-cursor
4675 silly ADD node_modules/cjs-module-lexer
4676 silly ADD node_modules/ci-info
4677 silly ADD node_modules/chromium-edge-launcher
4678 silly ADD node_modules/chromium-edge-launcher/node_modules/rimraf
4679 silly ADD node_modules/chromium-edge-launcher/node_modules/minimatch
4680 silly ADD node_modules/chromium-edge-launcher/node_modules/glob
4681 silly ADD node_modules/chromium-edge-launcher/node_modules/brace-expansion
4682 silly ADD node_modules/chrome-launcher
4683 silly ADD node_modules/chownr
4684 silly ADD node_modules/char-regex
4685 silly ADD node_modules/chalk
4686 silly ADD node_modules/caniuse-lite
4687 silly ADD node_modules/camelcase
4688 silly ADD node_modules/callsites
4689 silly ADD node_modules/call-bind-apply-helpers
4690 silly ADD node_modules/bytes
4691 silly ADD node_modules/buffer-from
4692 silly ADD node_modules/buffer
4693 silly ADD node_modules/bser
4694 silly ADD node_modules/bs-logger
4695 silly ADD node_modules/browserslist
4696 silly ADD node_modules/braces
4697 silly ADD node_modules/brace-expansion
4698 silly ADD node_modules/bplist-parser
4699 silly ADD node_modules/bplist-creator
4700 silly ADD node_modules/big-integer
4701 silly ADD node_modules/better-opn
4702 silly ADD node_modules/better-opn/node_modules/open
4703 silly ADD node_modules/baseline-browser-mapping
4704 silly ADD node_modules/base64-js
4705 silly ADD node_modules/balanced-match
4706 silly ADD node_modules/babel-preset-jest
4707 silly ADD node_modules/babel-preset-expo
4708 silly ADD node_modules/babel-preset-current-node-syntax
4709 silly ADD node_modules/babel-plugin-transform-flow-enums
4710 silly ADD node_modules/babel-plugin-syntax-hermes-parser
4711 silly ADD node_modules/babel-plugin-react-native-web
4712 silly ADD node_modules/babel-plugin-react-compiler
4713 silly ADD node_modules/babel-plugin-polyfill-regenerator
4714 silly ADD node_modules/babel-plugin-polyfill-corejs3
4715 silly ADD node_modules/babel-plugin-polyfill-corejs2
4716 silly ADD node_modules/babel-plugin-polyfill-corejs2/node_modules/semver
4717 silly ADD node_modules/babel-plugin-jest-hoist
4718 silly ADD node_modules/babel-plugin-istanbul
4719 silly ADD node_modules/babel-jest
4720 silly ADD node_modules/await-lock
4721 silly ADD node_modules/asynckit
4722 silly ADD node_modules/async-limiter
4723 silly ADD node_modules/asap
4724 silly ADD node_modules/argparse
4725 silly ADD node_modules/arg
4726 silly ADD node_modules/anymatch
4727 silly ADD node_modules/anymatch/node_modules/picomatch
4728 silly ADD node_modules/any-promise
4729 silly ADD node_modules/ansi-styles
4730 silly ADD node_modules/ansi-regex
4731 silly ADD node_modules/ansi-escapes
4732 silly ADD node_modules/anser
4733 silly ADD node_modules/agent-base
4734 silly ADD node_modules/acorn-walk
4735 silly ADD node_modules/acorn-globals
4736 silly ADD node_modules/acorn
4737 silly ADD node_modules/accepts
4738 silly ADD node_modules/abort-controller
4739 silly ADD node_modules/abab
4740 silly ADD node_modules/@xmldom/xmldom
4741 silly ADD node_modules/@urql/exchange-retry
4742 silly ADD node_modules/@urql/core
4743 silly ADD node_modules/@unrs/resolver-binding-darwin-arm64
4744 silly ADD node_modules/@ungap/structured-clone
4745 silly ADD node_modules/@types/yargs-parser
4746 silly ADD node_modules/@types/yargs
4747 silly ADD node_modules/@types/tough-cookie
4748 silly ADD node_modules/@types/stack-utils
4749 silly ADD node_modules/@types/react
4750 silly ADD node_modules/@types/node
4751 silly ADD node_modules/@types/jsdom
4752 silly ADD node_modules/@types/jest
4753 silly ADD node_modules/@types/istanbul-reports
4754 silly ADD node_modules/@types/istanbul-lib-report
4755 silly ADD node_modules/@types/istanbul-lib-coverage
4756 silly ADD node_modules/@types/graceful-fs
4757 silly ADD node_modules/@types/babel__traverse
4758 silly ADD node_modules/@types/babel__template
4759 silly ADD node_modules/@types/babel__generator
4760 silly ADD node_modules/@types/babel__core
4761 silly ADD node_modules/@tootallnate/once
4762 silly ADD node_modules/@testing-library/react-native
4763 silly ADD node_modules/@sinonjs/fake-timers
4764 silly ADD node_modules/@sinonjs/commons
4765 silly ADD node_modules/@sinclair/typebox
4766 silly ADD node_modules/@react-native/virtualized-lists
4767 silly ADD node_modules/@react-native/normalize-colors
4768 silly ADD node_modules/@react-native/js-polyfills
4769 silly ADD node_modules/@react-native/gradle-plugin
4770 silly ADD node_modules/@react-native/dev-middleware
4771 silly ADD node_modules/@react-native/dev-middleware/node_modules/ws
4772 silly ADD node_modules/@react-native/debugger-frontend
4773 silly ADD node_modules/@react-native/community-cli-plugin
4774 silly ADD node_modules/@react-native/codegen
4775 silly ADD node_modules/@react-native/codegen/node_modules/minimatch
4776 silly ADD node_modules/@react-native/codegen/node_modules/glob
4777 silly ADD node_modules/@react-native/codegen/node_modules/brace-expansion
4778 silly ADD node_modules/@react-native/babel-preset
4779 silly ADD node_modules/@react-native/babel-plugin-codegen
4780 silly ADD node_modules/@react-native/assets-registry
4781 silly ADD node_modules/@react-native-community/netinfo
4782 silly ADD node_modules/@pkgr/core
4783 silly ADD node_modules/@pkgjs/parseargs
4784 silly ADD node_modules/@jridgewell/trace-mapping
4785 silly ADD node_modules/@jridgewell/sourcemap-codec
4786 silly ADD node_modules/@jridgewell/source-map
4787 silly ADD node_modules/@jridgewell/resolve-uri
4788 silly ADD node_modules/@jridgewell/remapping
4789 silly ADD node_modules/@jridgewell/gen-mapping
4790 silly ADD node_modules/@jest/types
4791 silly ADD node_modules/@jest/transform
4792 silly ADD node_modules/@jest/test-sequencer
4793 silly ADD node_modules/@jest/test-result
4794 silly ADD node_modules/@jest/source-map
4795 silly ADD node_modules/@jest/snapshot-utils
4796 silly ADD node_modules/@jest/schemas
4797 silly ADD node_modules/@jest/reporters
4798 silly ADD node_modules/@jest/reporters/node_modules/supports-color
4799 silly ADD node_modules/@jest/reporters/node_modules/path-scurry
4800 silly ADD node_modules/@jest/reporters/node_modules/lru-cache
4801 silly ADD node_modules/@jest/reporters/node_modules/jest-worker
4802 silly ADD node_modules/@jest/reporters/node_modules/glob
4803 silly ADD node_modules/@jest/pattern
4804 silly ADD node_modules/@jest/globals
4805 silly ADD node_modules/@jest/globals/node_modules/write-file-atomic
4806 silly ADD node_modules/@jest/globals/node_modules/supports-color
4807 silly ADD node_modules/@jest/globals/node_modules/pretty-format
4808 silly ADD node_modules/@jest/globals/node_modules/picomatch
4809 silly ADD node_modules/@jest/globals/node_modules/jest-worker
4810 silly ADD node_modules/@jest/globals/node_modules/jest-util
4811 silly ADD node_modules/@jest/globals/node_modules/jest-snapshot
4812 silly ADD node_modules/@jest/globals/node_modules/jest-regex-util
4813 silly ADD node_modules/@jest/globals/node_modules/jest-mock
4814 silly ADD node_modules/@jest/globals/node_modules/jest-message-util
4815 silly ADD node_modules/@jest/globals/node_modules/jest-matcher-utils
4816 silly ADD node_modules/@jest/globals/node_modules/jest-haste-map
4817 silly ADD node_modules/@jest/globals/node_modules/jest-diff
4818 silly ADD node_modules/@jest/globals/node_modules/istanbul-lib-instrument
4819 silly ADD node_modules/@jest/globals/node_modules/istanbul-lib-instrument/node_modules/semver
4820 silly ADD node_modules/@jest/globals/node_modules/expect
4821 silly ADD node_modules/@jest/globals/node_modules/babel-plugin-istanbul
4822 silly ADD node_modules/@jest/globals/node_modules/ansi-styles
4823 silly ADD node_modules/@jest/globals/node_modules/@sinonjs/fake-timers
4824 silly ADD node_modules/@jest/globals/node_modules/@sinclair/typebox
4825 silly ADD node_modules/@jest/globals/node_modules/@jest/types
4826 silly ADD node_modules/@jest/globals/node_modules/@jest/transform
4827 silly ADD node_modules/@jest/globals/node_modules/@jest/schemas
4828 silly ADD node_modules/@jest/globals/node_modules/@jest/fake-timers
4829 silly ADD node_modules/@jest/globals/node_modules/@jest/expect-utils
4830 silly ADD node_modules/@jest/globals/node_modules/@jest/expect
4831 silly ADD node_modules/@jest/globals/node_modules/@jest/environment
4832 silly ADD node_modules/@jest/get-type
4833 silly ADD node_modules/@jest/fake-timers
4834 silly ADD node_modules/@jest/expect-utils
4835 silly ADD node_modules/@jest/expect
4836 silly ADD node_modules/@jest/environment
4837 silly ADD node_modules/@jest/diff-sequences
4838 silly ADD node_modules/@jest/create-cache-key-function
4839 silly ADD node_modules/@jest/create-cache-key-function/node_modules/@sinclair/typebox
4840 silly ADD node_modules/@jest/create-cache-key-function/node_modules/@jest/types
4841 silly ADD node_modules/@jest/create-cache-key-function/node_modules/@jest/schemas
4842 silly ADD node_modules/@jest/core
4843 silly ADD node_modules/@jest/core/node_modules/ci-info
4844 silly ADD node_modules/@jest/console
4845 silly ADD node_modules/@istanbuljs/schema
4846 silly ADD node_modules/@istanbuljs/load-nyc-config
4847 silly ADD node_modules/@istanbuljs/load-nyc-config/node_modules/p-locate
4848 silly ADD node_modules/@istanbuljs/load-nyc-config/node_modules/p-limit
4849 silly ADD node_modules/@istanbuljs/load-nyc-config/node_modules/locate-path
4850 silly ADD node_modules/@istanbuljs/load-nyc-config/node_modules/js-yaml
4851 silly ADD node_modules/@istanbuljs/load-nyc-config/node_modules/find-up
4852 silly ADD node_modules/@istanbuljs/load-nyc-config/node_modules/argparse
4853 silly ADD node_modules/@isaacs/ttlcache
4854 silly ADD node_modules/@isaacs/fs-minipass
4855 silly ADD node_modules/@isaacs/cliui
4856 silly ADD node_modules/@isaacs/cliui/node_modules/wrap-ansi
4857 silly ADD node_modules/@isaacs/cliui/node_modules/string-width
4858 silly ADD node_modules/@isaacs/cliui/node_modules/emoji-regex
4859 silly ADD node_modules/@isaacs/cliui/node_modules/ansi-styles
4860 silly ADD node_modules/@expo/xcpretty
4861 silly ADD node_modules/@expo/ws-tunnel
4862 silly ADD node_modules/@expo/vector-icons
4863 silly ADD node_modules/@expo/sudo-prompt
4864 silly ADD node_modules/@expo/spawn-async
4865 silly ADD node_modules/@expo/sdk-runtime-versions
4866 silly ADD node_modules/@expo/schema-utils
4867 silly ADD node_modules/@expo/prebuild-config
4868 silly ADD node_modules/@expo/prebuild-config/node_modules/semver
4869 silly ADD node_modules/@expo/plist
4870 silly ADD node_modules/@expo/package-manager
4871 silly ADD node_modules/@expo/osascript
4872 silly ADD node_modules/@expo/metro-config
4873 silly ADD node_modules/@expo/metro-config/node_modules/postcss
4874 silly ADD node_modules/@expo/metro-config/node_modules/getenv
4875 silly ADD node_modules/@expo/metro
4876 silly ADD node_modules/@expo/json-file
4877 silly ADD node_modules/@expo/json-file/node_modules/@babel/code-frame
4878 silly ADD node_modules/@expo/image-utils
4879 silly ADD node_modules/@expo/image-utils/node_modules/semver
4880 silly ADD node_modules/@expo/image-utils/node_modules/getenv
4881 silly ADD node_modules/@expo/fingerprint
4882 silly ADD node_modules/@expo/fingerprint/node_modules/semver
4883 silly ADD node_modules/@expo/fingerprint/node_modules/getenv
4884 silly ADD node_modules/@expo/env
4885 silly ADD node_modules/@expo/env/node_modules/getenv
4886 silly ADD node_modules/@expo/devtools
4887 silly ADD node_modules/@expo/devcert
4888 silly ADD node_modules/@expo/devcert/node_modules/debug
4889 silly ADD node_modules/@expo/config-types
4890 silly ADD node_modules/@expo/config-plugins
4891 silly ADD node_modules/@expo/config-plugins/node_modules/getenv
4892 silly ADD node_modules/@expo/config
4893 silly ADD node_modules/@expo/config/node_modules/semver
4894 silly ADD node_modules/@expo/config/node_modules/getenv
4895 silly ADD node_modules/@expo/config/node_modules/@babel/code-frame
4896 silly ADD node_modules/@expo/code-signing-certificates
4897 silly ADD node_modules/@expo/cli
4898 silly ADD node_modules/@expo/cli/node_modules/semver
4899 silly ADD node_modules/@expo/cli/node_modules/pretty-format
4900 silly ADD node_modules/@expo/cli/node_modules/getenv
4901 silly ADD node_modules/@expo/cli/node_modules/ansi-styles
4902 silly ADD node_modules/@expo/cli/node_modules/@sinclair/typebox
4903 silly ADD node_modules/@expo/cli/node_modules/@jest/schemas
4904 silly ADD node_modules/@bcoe/v8-coverage
4905 silly ADD node_modules/@babel/types
4906 silly ADD node_modules/@babel/traverse--for-generate-function-map
4907 silly ADD node_modules/@babel/traverse
4908 silly ADD node_modules/@babel/template
4909 silly ADD node_modules/@babel/runtime
4910 silly ADD node_modules/@babel/preset-typescript
4911 silly ADD node_modules/@babel/preset-react
4912 silly ADD node_modules/@babel/plugin-transform-unicode-regex
4913 silly ADD node_modules/@babel/plugin-transform-typescript
4914 silly ADD node_modules/@babel/plugin-transform-sticky-regex
4915 silly ADD node_modules/@babel/plugin-transform-spread
4916 silly ADD node_modules/@babel/plugin-transform-shorthand-properties
4917 silly ADD node_modules/@babel/plugin-transform-runtime
4918 silly ADD node_modules/@babel/plugin-transform-runtime/node_modules/semver
4919 silly ADD node_modules/@babel/plugin-transform-regenerator
4920 silly ADD node_modules/@babel/plugin-transform-react-pure-annotations
4921 silly ADD node_modules/@babel/plugin-transform-react-jsx-source
4922 silly ADD node_modules/@babel/plugin-transform-react-jsx-self
4923 silly ADD node_modules/@babel/plugin-transform-react-jsx-development
4924 silly ADD node_modules/@babel/plugin-transform-react-jsx
4925 silly ADD node_modules/@babel/plugin-transform-react-display-name
4926 silly ADD node_modules/@babel/plugin-transform-private-property-in-object
4927 silly ADD node_modules/@babel/plugin-transform-private-methods
4928 silly ADD node_modules/@babel/plugin-transform-parameters
4929 silly ADD node_modules/@babel/plugin-transform-optional-chaining
4930 silly ADD node_modules/@babel/plugin-transform-optional-catch-binding
4931 silly ADD node_modules/@babel/plugin-transform-object-rest-spread
4932 silly ADD node_modules/@babel/plugin-transform-numeric-separator
4933 silly ADD node_modules/@babel/plugin-transform-nullish-coalescing-operator
4934 silly ADD node_modules/@babel/plugin-transform-named-capturing-groups-regex
4935 silly ADD node_modules/@babel/plugin-transform-modules-commonjs
4936 silly ADD node_modules/@babel/plugin-transform-logical-assignment-operators
4937 silly ADD node_modules/@babel/plugin-transform-literals
4938 silly ADD node_modules/@babel/plugin-transform-function-name
4939 silly ADD node_modules/@babel/plugin-transform-for-of
4940 silly ADD node_modules/@babel/plugin-transform-flow-strip-types
4941 silly ADD node_modules/@babel/plugin-transform-export-namespace-from
4942 silly ADD node_modules/@babel/plugin-transform-destructuring
4943 silly ADD node_modules/@babel/plugin-transform-computed-properties
4944 silly ADD node_modules/@babel/plugin-transform-classes
4945 silly ADD node_modules/@babel/plugin-transform-class-static-block
4946 silly ADD node_modules/@babel/plugin-transform-class-properties
4947 silly ADD node_modules/@babel/plugin-transform-block-scoping
4948 silly ADD node_modules/@babel/plugin-transform-async-to-generator
4949 silly ADD node_modules/@babel/plugin-transform-async-generator-functions
4950 silly ADD node_modules/@babel/plugin-transform-arrow-functions
4951 silly ADD node_modules/@babel/plugin-syntax-typescript
4952 silly ADD node_modules/@babel/plugin-syntax-top-level-await
4953 silly ADD node_modules/@babel/plugin-syntax-private-property-in-object
4954 silly ADD node_modules/@babel/plugin-syntax-optional-chaining
4955 silly ADD node_modules/@babel/plugin-syntax-optional-catch-binding
4956 silly ADD node_modules/@babel/plugin-syntax-object-rest-spread
4957 silly ADD node_modules/@babel/plugin-syntax-numeric-separator
4958 silly ADD node_modules/@babel/plugin-syntax-nullish-coalescing-operator
4959 silly ADD node_modules/@babel/plugin-syntax-logical-assignment-operators
4960 silly ADD node_modules/@babel/plugin-syntax-jsx
4961 silly ADD node_modules/@babel/plugin-syntax-json-strings
4962 silly ADD node_modules/@babel/plugin-syntax-import-meta
4963 silly ADD node_modules/@babel/plugin-syntax-import-attributes
4964 silly ADD node_modules/@babel/plugin-syntax-flow
4965 silly ADD node_modules/@babel/plugin-syntax-export-default-from
4966 silly ADD node_modules/@babel/plugin-syntax-dynamic-import
4967 silly ADD node_modules/@babel/plugin-syntax-decorators
4968 silly ADD node_modules/@babel/plugin-syntax-class-static-block
4969 silly ADD node_modules/@babel/plugin-syntax-class-properties
4970 silly ADD node_modules/@babel/plugin-syntax-bigint
4971 silly ADD node_modules/@babel/plugin-syntax-async-generators
4972 silly ADD node_modules/@babel/plugin-proposal-export-default-from
4973 silly ADD node_modules/@babel/plugin-proposal-decorators
4974 silly ADD node_modules/@babel/parser
4975 silly ADD node_modules/@babel/highlight
4976 silly ADD node_modules/@babel/highlight/node_modules/supports-color
4977 silly ADD node_modules/@babel/highlight/node_modules/has-flag
4978 silly ADD node_modules/@babel/highlight/node_modules/escape-string-regexp
4979 silly ADD node_modules/@babel/highlight/node_modules/color-name
4980 silly ADD node_modules/@babel/highlight/node_modules/color-convert
4981 silly ADD node_modules/@babel/highlight/node_modules/chalk
4982 silly ADD node_modules/@babel/highlight/node_modules/ansi-styles
4983 silly ADD node_modules/@babel/helpers
4984 silly ADD node_modules/@babel/helper-wrap-function
4985 silly ADD node_modules/@babel/helper-validator-option
4986 silly ADD node_modules/@babel/helper-validator-identifier
4987 silly ADD node_modules/@babel/helper-string-parser
4988 silly ADD node_modules/@babel/helper-skip-transparent-expression-wrappers
4989 silly ADD node_modules/@babel/helper-replace-supers
4990 silly ADD node_modules/@babel/helper-remap-async-to-generator
4991 silly ADD node_modules/@babel/helper-plugin-utils
4992 silly ADD node_modules/@babel/helper-optimise-call-expression
4993 silly ADD node_modules/@babel/helper-module-transforms
4994 silly ADD node_modules/@babel/helper-module-imports
4995 silly ADD node_modules/@babel/helper-member-expression-to-functions
4996 silly ADD node_modules/@babel/helper-globals
4997 silly ADD node_modules/@babel/helper-define-polyfill-provider
4998 silly ADD node_modules/@babel/helper-create-regexp-features-plugin
4999 silly ADD node_modules/@babel/helper-create-regexp-features-plugin/node_modules/semver
5000 silly ADD node_modules/@babel/helper-create-class-features-plugin
5001 silly ADD node_modules/@babel/helper-create-class-features-plugin/node_modules/semver
5002 silly ADD node_modules/@babel/helper-compilation-targets
5003 silly ADD node_modules/@babel/helper-compilation-targets/node_modules/semver
5004 silly ADD node_modules/@babel/helper-annotate-as-pure
5005 silly ADD node_modules/@babel/generator
5006 silly ADD node_modules/@babel/core
5007 silly ADD node_modules/@babel/core/node_modules/semver
5008 silly ADD node_modules/@babel/compat-data
5009 silly ADD node_modules/@babel/code-frame
5010 silly ADD node_modules/@0no-co/graphql.web
5011 verbose cwd /Users/pfo/Documents/code/dev/MeetManager-ToolsV3/mobile-judge-app
5012 verbose os Darwin 25.2.0
5013 verbose node v25.6.0
5014 verbose npm  v11.8.0
5015 notice
5015 notice New [33mminor[39m version of npm available! [33m11.8.0[39m -> [34m11.10.0[39m
5015 notice Changelog: [34mhttps://github.com/npm/cli/releases/tag/v11.10.0[39m
5015 notice To update run: [4mnpm install -g npm@11.10.0[24m
5015 notice  { force: true, Symbol(proc-log.meta): true }
5016 verbose exit 0
5017 info ok
